acceptance_fraction	accepted	exhausted	generation_ms_per_accepted	master_seed	max_attempts_observed	population	report	requested	side_count	source_dirty	source_revision	total_generation_ms
1.0	24	0	0.0025814583333333336	20260716	14	current-baseline[delta=0.2]	artifacts/raw/seed-20260716/core/factor-only-report.json	24	3	False	a50e1e930e21541506df6228aaed16355d830372	0.061955
1.0	24	0	0.0012882916666666668	20260716	6	current-baseline[delta=0.2]	artifacts/raw/seed-20260716/core/factor-only-report.json	24	4	False	a50e1e930e21541506df6228aaed16355d830372	0.030919000000000002
1.0	24	0	0.00264825	20260716	14	current-baseline[delta=0.2]	artifacts/raw/seed-20260716/core/factor-only-report.json	24	6	False	a50e1e930e21541506df6228aaed16355d830372	0.063558
0.7083333333333334	17	7	0.07596582352941175	20260716	128	primal-hull-uniform-disk[points=n+4,origin=interior]	artifacts/raw/seed-20260716/core/factor-only-report.json	24	3	False	a50e1e930e21541506df6228aaed16355d830372	1.2914189999999999
1.0	24	0	0.009217666666666667	20260716	39	primal-hull-uniform-disk[points=n+4,origin=interior]	artifacts/raw/seed-20260716/core/factor-only-report.json	24	4	False	a50e1e930e21541506df6228aaed16355d830372	0.221224
1.0	24	0	0.004007041666666665	20260716	11	primal-hull-uniform-disk[points=n+4,origin=interior]	artifacts/raw/seed-20260716/core/factor-only-report.json	24	6	False	a50e1e930e21541506df6228aaed16355d830372	0.09616899999999996
1.0	24	0	0.0014056666666666668	20260716	13	repulsive-gap[alpha=1]	artifacts/raw/seed-20260716/core/factor-only-report.json	24	3	False	a50e1e930e21541506df6228aaed16355d830372	0.033736
1.0	24	0	0.000830875	20260716	7	repulsive-gap[alpha=1]	artifacts/raw/seed-20260716/core/factor-only-report.json	24	4	False	a50e1e930e21541506df6228aaed16355d830372	0.019941
1.0	24	0	0.00080275	20260716	2	repulsive-gap[alpha=1]	artifacts/raw/seed-20260716/core/factor-only-report.json	24	6	False	a50e1e930e21541506df6228aaed16355d830372	0.019266
1.0	24	0	0.0007046666666666667	20260716	3	repulsive-gap[alpha=4]	artifacts/raw/seed-20260716/core/factor-only-report.json	24	3	False	a50e1e930e21541506df6228aaed16355d830372	0.016912
1.0	24	0	0.0006691666666666668	20260716	2	repulsive-gap[alpha=4]	artifacts/raw/seed-20260716/core/factor-only-report.json	24	4	False	a50e1e930e21541506df6228aaed16355d830372	0.01606
1.0	24	0	0.0008010833333333333	20260716	1	repulsive-gap[alpha=4]	artifacts/raw/seed-20260716/core/factor-only-report.json	24	6	False	a50e1e930e21541506df6228aaed16355d830372	0.019226
1.0	24	0	0.0005501249999999999	20260716	2	repulsive-gap[alpha=16]	artifacts/raw/seed-20260716/core/factor-only-report.json	24	3	False	a50e1e930e21541506df6228aaed16355d830372	0.013203
1.0	24	0	0.0006216249999999999	20260716	1	repulsive-gap[alpha=16]	artifacts/raw/seed-20260716/core/factor-only-report.json	24	4	False	a50e1e930e21541506df6228aaed16355d830372	0.014918999999999998
1.0	24	0	0.0008101666666666666	20260716	1	repulsive-gap[alpha=16]	artifacts/raw/seed-20260716/core/factor-only-report.json	24	6	False	a50e1e930e21541506df6228aaed16355d830372	0.019444
1.0	24	0	0.0004509166666666666	20260716	1	repulsive-gap[regular]	artifacts/raw/seed-20260716/core/factor-only-report.json	24	3	False	a50e1e930e21541506df6228aaed16355d830372	0.010821999999999998
1.0	24	0	0.0007985416666666666	20260716	1	repulsive-gap[regular]	artifacts/raw/seed-20260716/core/factor-only-report.json	24	4	False	a50e1e930e21541506df6228aaed16355d830372	0.019164999999999998
1.0	24	0	0.0006194583333333333	20260716	1	repulsive-gap[regular]	artifacts/raw/seed-20260716/core/factor-only-report.json	24	6	False	a50e1e930e21541506df6228aaed16355d830372	0.014867
1.0	24	0	0.0010172916666666668	20260716	1	regular-mutation[steps=4,scale=0.03]	artifacts/raw/seed-20260716/core/factor-only-report.json	24	3	False	a50e1e930e21541506df6228aaed16355d830372	0.024415000000000003
1.0	24	0	0.0011608333333333334	20260716	1	regular-mutation[steps=4,scale=0.03]	artifacts/raw/seed-20260716/core/factor-only-report.json	24	4	False	a50e1e930e21541506df6228aaed16355d830372	0.027860000000000003
1.0	24	0	0.00147	20260716	1	regular-mutation[steps=4,scale=0.03]	artifacts/raw/seed-20260716/core/factor-only-report.json	24	6	False	a50e1e930e21541506df6228aaed16355d830372	0.03528
1.0	24	0	0.0009447083333333333	20260716	1	zonogon[lengths=uniform(0.5,1.5)]	artifacts/raw/seed-20260716/zonogon/factor-only-report.json	24	4	False	a50e1e930e21541506df6228aaed16355d830372	0.022673
1.0	24	0	0.0004963333333333333	20260716	1	zonogon[lengths=uniform(0.5,1.5)]	artifacts/raw/seed-20260716/zonogon/factor-only-report.json	24	6	False	a50e1e930e21541506df6228aaed16355d830372	0.011912
1.0	24	0	0.0031283333333333332	20260717	20	current-baseline[delta=0.2]	artifacts/raw/seed-20260717/core/factor-only-report.json	24	3	False	a50e1e930e21541506df6228aaed16355d830372	0.07508
1.0	24	0	0.0012643749999999999	20260717	7	current-baseline[delta=0.2]	artifacts/raw/seed-20260717/core/factor-only-report.json	24	4	False	a50e1e930e21541506df6228aaed16355d830372	0.030344999999999997
1.0	24	0	0.0022747499999999994	20260717	9	current-baseline[delta=0.2]	artifacts/raw/seed-20260717/core/factor-only-report.json	24	6	False	a50e1e930e21541506df6228aaed16355d830372	0.05459399999999999
0.7083333333333334	17	7	0.09255258823529412	20260717	128	primal-hull-uniform-disk[points=n+4,origin=interior]	artifacts/raw/seed-20260717/core/factor-only-report.json	24	3	False	a50e1e930e21541506df6228aaed16355d830372	1.5733940000000002
1.0	24	0	0.009988666666666665	20260717	37	primal-hull-uniform-disk[points=n+4,origin=interior]	artifacts/raw/seed-20260717/core/factor-only-report.json	24	4	False	a50e1e930e21541506df6228aaed16355d830372	0.23972799999999997
1.0	24	0	0.003954166666666667	20260717	8	primal-hull-uniform-disk[points=n+4,origin=interior]	artifacts/raw/seed-20260717/core/factor-only-report.json	24	6	False	a50e1e930e21541506df6228aaed16355d830372	0.0949
1.0	24	0	0.0018150416666666668	20260717	11	repulsive-gap[alpha=1]	artifacts/raw/seed-20260717/core/factor-only-report.json	24	3	False	a50e1e930e21541506df6228aaed16355d830372	0.043561
1.0	24	0	0.0013035416666666666	20260717	6	repulsive-gap[alpha=1]	artifacts/raw/seed-20260717/core/factor-only-report.json	24	4	False	a50e1e930e21541506df6228aaed16355d830372	0.031285
1.0	24	0	0.0013633333333333334	20260717	4	repulsive-gap[alpha=1]	artifacts/raw/seed-20260717/core/factor-only-report.json	24	6	False	a50e1e930e21541506df6228aaed16355d830372	0.03272
1.0	24	0	0.002547833333333334	20260717	3	repulsive-gap[alpha=4]	artifacts/raw/seed-20260717/core/factor-only-report.json	24	3	False	a50e1e930e21541506df6228aaed16355d830372	0.06114800000000001
1.0	24	0	0.0010633749999999999	20260717	2	repulsive-gap[alpha=4]	artifacts/raw/seed-20260717/core/factor-only-report.json	24	4	False	a50e1e930e21541506df6228aaed16355d830372	0.025521
1.0	24	0	0.0013695	20260717	1	repulsive-gap[alpha=4]	artifacts/raw/seed-20260717/core/factor-only-report.json	24	6	False	a50e1e930e21541506df6228aaed16355d830372	0.032868
1.0	24	0	0.0008352500000000002	20260717	2	repulsive-gap[alpha=16]	artifacts/raw/seed-20260717/core/factor-only-report.json	24	3	False	a50e1e930e21541506df6228aaed16355d830372	0.020046000000000005
1.0	24	0	0.0009710000000000002	20260717	1	repulsive-gap[alpha=16]	artifacts/raw/seed-20260717/core/factor-only-report.json	24	4	False	a50e1e930e21541506df6228aaed16355d830372	0.023304000000000005
1.0	24	0	0.0011977083333333334	20260717	1	repulsive-gap[alpha=16]	artifacts/raw/seed-20260717/core/factor-only-report.json	24	6	False	a50e1e930e21541506df6228aaed16355d830372	0.028745000000000003
1.0	24	0	0.0007580833333333334	20260717	1	repulsive-gap[regular]	artifacts/raw/seed-20260717/core/factor-only-report.json	24	3	False	a50e1e930e21541506df6228aaed16355d830372	0.018194000000000002
1.0	24	0	0.0007615	20260717	1	repulsive-gap[regular]	artifacts/raw/seed-20260717/core/factor-only-report.json	24	4	False	a50e1e930e21541506df6228aaed16355d830372	0.018276
1.0	24	0	0.0010302916666666668	20260717	1	repulsive-gap[regular]	artifacts/raw/seed-20260717/core/factor-only-report.json	24	6	False	a50e1e930e21541506df6228aaed16355d830372	0.024727000000000002
1.0	24	0	0.001571291666666667	20260717	1	regular-mutation[steps=4,scale=0.03]	artifacts/raw/seed-20260717/core/factor-only-report.json	24	3	False	a50e1e930e21541506df6228aaed16355d830372	0.03771100000000001
1.0	24	0	0.0018408750000000003	20260717	1	regular-mutation[steps=4,scale=0.03]	artifacts/raw/seed-20260717/core/factor-only-report.json	24	4	False	a50e1e930e21541506df6228aaed16355d830372	0.044181000000000005
1.0	24	0	0.002344083333333333	20260717	1	regular-mutation[steps=4,scale=0.03]	artifacts/raw/seed-20260717/core/factor-only-report.json	24	6	False	a50e1e930e21541506df6228aaed16355d830372	0.05625799999999999
1.0	24	0	0.0009462083333333332	20260717	1	zonogon[lengths=uniform(0.5,1.5)]	artifacts/raw/seed-20260717/zonogon/factor-only-report.json	24	4	False	a50e1e930e21541506df6228aaed16355d830372	0.022708999999999997
1.0	24	0	0.0005084583333333332	20260717	1	zonogon[lengths=uniform(0.5,1.5)]	artifacts/raw/seed-20260717/zonogon/factor-only-report.json	24	6	False	a50e1e930e21541506df6228aaed16355d830372	0.012202999999999997
1.0	24	0	0.0033209166666666678	20260718	10	current-baseline[delta=0.2]	artifacts/raw/seed-20260718/core/factor-only-report.json	24	3	False	a50e1e930e21541506df6228aaed16355d830372	0.07970200000000002
1.0	24	0	0.0020700000000000002	20260718	8	current-baseline[delta=0.2]	artifacts/raw/seed-20260718/core/factor-only-report.json	24	4	False	a50e1e930e21541506df6228aaed16355d830372	0.04968
1.0	24	0	0.002300625	20260718	7	current-baseline[delta=0.2]	artifacts/raw/seed-20260718/core/factor-only-report.json	24	6	False	a50e1e930e21541506df6228aaed16355d830372	0.055215
0.7083333333333334	17	7	0.09712358823529413	20260718	128	primal-hull-uniform-disk[points=n+4,origin=interior]	artifacts/raw/seed-20260718/core/factor-only-report.json	24	3	False	a50e1e930e21541506df6228aaed16355d830372	1.6511010000000002
1.0	24	0	0.010295708333333336	20260718	36	primal-hull-uniform-disk[points=n+4,origin=interior]	artifacts/raw/seed-20260718/core/factor-only-report.json	24	4	False	a50e1e930e21541506df6228aaed16355d830372	0.24709700000000004
1.0	24	0	0.0036896666666666675	20260718	10	primal-hull-uniform-disk[points=n+4,origin=interior]	artifacts/raw/seed-20260718/core/factor-only-report.json	24	6	False	a50e1e930e21541506df6228aaed16355d830372	0.08855200000000002
1.0	24	0	0.0012429583333333333	20260718	9	repulsive-gap[alpha=1]	artifacts/raw/seed-20260718/core/factor-only-report.json	24	3	False	a50e1e930e21541506df6228aaed16355d830372	0.029831
1.0	24	0	0.0009923333333333336	20260718	5	repulsive-gap[alpha=1]	artifacts/raw/seed-20260718/core/factor-only-report.json	24	4	False	a50e1e930e21541506df6228aaed16355d830372	0.023816000000000004
1.0	24	0	0.001025625	20260718	3	repulsive-gap[alpha=1]	artifacts/raw/seed-20260718/core/factor-only-report.json	24	6	False	a50e1e930e21541506df6228aaed16355d830372	0.024615
1.0	24	0	0.0009767916666666668	20260718	2	repulsive-gap[alpha=4]	artifacts/raw/seed-20260718/core/factor-only-report.json	24	3	False	a50e1e930e21541506df6228aaed16355d830372	0.023443000000000002
1.0	24	0	0.0009806666666666666	20260718	1	repulsive-gap[alpha=4]	artifacts/raw/seed-20260718/core/factor-only-report.json	24	4	False	a50e1e930e21541506df6228aaed16355d830372	0.023535999999999998
1.0	24	0	0.0015750833333333335	20260718	2	repulsive-gap[alpha=4]	artifacts/raw/seed-20260718/core/factor-only-report.json	24	6	False	a50e1e930e21541506df6228aaed16355d830372	0.037802
1.0	24	0	0.000794875	20260718	1	repulsive-gap[alpha=16]	artifacts/raw/seed-20260718/core/factor-only-report.json	24	3	False	a50e1e930e21541506df6228aaed16355d830372	0.019077
1.0	24	0	0.000625875	20260718	1	repulsive-gap[alpha=16]	artifacts/raw/seed-20260718/core/factor-only-report.json	24	4	False	a50e1e930e21541506df6228aaed16355d830372	0.015021000000000001
1.0	24	0	0.0009535416666666668	20260718	1	repulsive-gap[alpha=16]	artifacts/raw/seed-20260718/core/factor-only-report.json	24	6	False	a50e1e930e21541506df6228aaed16355d830372	0.022885000000000003
1.0	24	0	0.000457125	20260718	1	repulsive-gap[regular]	artifacts/raw/seed-20260718/core/factor-only-report.json	24	3	False	a50e1e930e21541506df6228aaed16355d830372	0.010971
1.0	24	0	0.00048166666666666676	20260718	1	repulsive-gap[regular]	artifacts/raw/seed-20260718/core/factor-only-report.json	24	4	False	a50e1e930e21541506df6228aaed16355d830372	0.011560000000000003
1.0	24	0	0.0007602500000000001	20260718	1	repulsive-gap[regular]	artifacts/raw/seed-20260718/core/factor-only-report.json	24	6	False	a50e1e930e21541506df6228aaed16355d830372	0.018246000000000002
1.0	24	0	0.0010262083333333336	20260718	1	regular-mutation[steps=4,scale=0.03]	artifacts/raw/seed-20260718/core/factor-only-report.json	24	3	False	a50e1e930e21541506df6228aaed16355d830372	0.024629000000000005
1.0	24	0	0.0011496666666666667	20260718	1	regular-mutation[steps=4,scale=0.03]	artifacts/raw/seed-20260718/core/factor-only-report.json	24	4	False	a50e1e930e21541506df6228aaed16355d830372	0.027592
1.0	24	0	0.0014892916666666665	20260718	1	regular-mutation[steps=4,scale=0.03]	artifacts/raw/seed-20260718/core/factor-only-report.json	24	6	False	a50e1e930e21541506df6228aaed16355d830372	0.035743
1.0	24	0	0.0013725000000000005	20260718	1	zonogon[lengths=uniform(0.5,1.5)]	artifacts/raw/seed-20260718/zonogon/factor-only-report.json	24	4	False	a50e1e930e21541506df6228aaed16355d830372	0.03294000000000001
1.0	24	0	0.0007409583333333334	20260718	1	zonogon[lengths=uniform(0.5,1.5)]	artifacts/raw/seed-20260718/zonogon/factor-only-report.json	24	6	False	a50e1e930e21541506df6228aaed16355d830372	0.017783
