source	seed	bucket	q_low	q_high	n	mean_sys	min_sys	max_sys	sys_gt_1
retained-full-target	42	3x3	0.0	0.01	11	0.49395133840327526	0.4772430412626695	0.5066285438372599	0
retained-full-target	42	3x3	0.01	0.05	41	0.5150449775063641	0.4490396035979759	0.6464199674959318	0
retained-full-target	42	3x3	0.05	0.2	153	0.44122904656667516	0.3409139947066173	0.6222189836447218	0
retained-full-target	42	3x3	0.2	1.0	819	0.13803280753595307	0.00019185378973742608	0.4036160625541447	0
retained-full-target	42	3x4	0.0	0.01	11	0.6070813621401032	0.5071360538642906	0.7119073397957835	0
retained-full-target	42	3x4	0.01	0.05	41	0.5534970635926042	0.41610995416164454	0.6949401945596988	0
retained-full-target	42	3x4	0.05	0.2	153	0.47105290804228916	0.2688744998139417	0.640115159223488	0
retained-full-target	42	3x4	0.2	1.0	819	0.17902693040988893	0.00023580152631749206	0.5049237072763878	0
retained-full-target	42	3x5	0.0	0.01	11	0.696440269765548	0.595700407822994	0.7624210652041858	0
retained-full-target	42	3x5	0.01	0.05	41	0.6073045761767096	0.4601521775607091	0.7650778325167292	0
retained-full-target	42	3x5	0.05	0.2	153	0.5141063338296104	0.32753159472945537	0.7163972208947439	0
retained-full-target	42	3x5	0.2	1.0	819	0.21020565438773547	1.3619216643341758e-05	0.5811430910629478	0
retained-full-target	42	3x6	0.0	0.01	11	0.6936044811515631	0.581978232203539	0.7899693224084291	0
retained-full-target	42	3x6	0.01	0.05	41	0.6367971881973388	0.49496578619322906	0.8073487367323776	0
retained-full-target	42	3x6	0.05	0.2	153	0.5423040852268108	0.3728118163094023	0.7061747762674966	0
retained-full-target	42	3x6	0.2	1.0	819	0.2217671154087485	2.9797217476647493e-05	0.6111158006389924	0
retained-full-target	42	4x4	0.0	0.01	11	0.6353846630491382	0.5288203755673409	0.7096487953247098	0
retained-full-target	42	4x4	0.01	0.05	41	0.6333735318773441	0.41138614868954376	0.8141002333029529	0
retained-full-target	42	4x4	0.05	0.2	153	0.5414161335688933	0.3419933500345983	0.7754897518671622	0
retained-full-target	42	4x4	0.2	1.0	819	0.24289295985331366	0.0006529850395571487	0.6373939617983122	0
retained-full-target	42	4x5	0.0	0.01	11	0.6596702989821062	0.5318436189754883	0.7620843039706073	0
retained-full-target	42	4x5	0.01	0.05	41	0.6454802688347154	0.40712696551443234	0.7988226871046541	0
retained-full-target	42	4x5	0.05	0.2	153	0.591903475677787	0.32423339385099154	0.8381244889295797	0
retained-full-target	42	4x5	0.2	1.0	819	0.2793090118900162	0.0010676457371832514	0.6838922387190022	0
retained-full-target	42	4x6	0.0	0.01	11	0.6337988266031646	0.5229230785384841	0.7458080181170299	0
retained-full-target	42	4x6	0.01	0.05	41	0.6550336106944417	0.4205585942397577	0.8292665551981732	0
retained-full-target	42	4x6	0.05	0.2	153	0.5922399943643203	0.3321366865178688	0.7880035845328316	0
retained-full-target	42	4x6	0.2	1.0	819	0.308990636598605	9.601533052329054e-05	0.7355377617577488	0
retained-full-target	42	5x5	0.0	0.01	11	0.6501217956397473	0.5077493136245751	0.7795121141447494	0
retained-full-target	42	5x5	0.01	0.05	41	0.6556436927731497	0.44926926163425324	0.7973980400416846	0
retained-full-target	42	5x5	0.05	0.2	153	0.6257755031389329	0.41027170707635063	0.8437955079134134	0
retained-full-target	42	5x5	0.2	1.0	819	0.34124824488868427	0.0014871974285491458	0.7201539553100694	0
retained-full-target	42	5x6	0.0	0.01	11	0.620012982721087	0.5070245156599887	0.7555441464196785	0
retained-full-target	42	5x6	0.01	0.05	41	0.654004421768805	0.4569233399032621	0.8029255717206577	0
retained-full-target	42	5x6	0.05	0.2	153	0.6359060092903669	0.4086790979830512	0.8459037671362852	0
retained-full-target	42	5x6	0.2	1.0	819	0.39115298300204276	0.0014421949035220163	0.86258589584944	0
retained-full-target	42	6x6	0.0	0.01	11	0.678898233813872	0.5299886555236156	0.7864735477390526	0
retained-full-target	42	6x6	0.01	0.05	41	0.6846093884268163	0.4999606726399662	0.8536118881702471	0
retained-full-target	42	6x6	0.05	0.2	153	0.6573933415832317	0.4319298096533058	0.8450470460361871	0
retained-full-target	42	6x6	0.2	1.0	819	0.43057589246550065	0.002305048917497889	0.8200562929732336	0
retained-full-target	42	all_equal_count_buckets	0.0	0.01	110	0.6368964252269604	0.4772430412626695	0.7899693224084291	0
retained-full-target	42	all_equal_count_buckets	0.01	0.05	410	0.6240788719848288	0.40712696551443234	0.8536118881702471	0
retained-full-target	42	all_equal_count_buckets	0.05	0.2	1530	0.5613326831288917	0.2688744998139417	0.8459037671362852	0
retained-full-target	42	all_equal_count_buckets	0.2	1.0	8190	0.27432022364404884	1.3619216643341758e-05	0.86258589584944	0
frozen-100k-stage1	1618033	3x3	0.0	0.001	10	0.4985916568792545	0.49468967365962224	0.5019098284900438	0
frozen-100k-stage1	1618033	3x3	0.001	0.002	10	0.49833941595628745	0.49269164480812594	0.5026969872569704	0
frozen-100k-stage1	1618033	3x3	0.002	0.005	30	0.4970416210662448	0.48596990019021424	0.5076735544356856	0
frozen-100k-stage1	1618033	3x3	0.005	0.01	50	0.49443183600652846	0.47501022534987325	0.5230646819749621	0
frozen-100k-stage1	1618033	3x4	0.0	0.001	10	0.7340968834064586	0.5440895455325799	0.8450273730212431	0
frozen-100k-stage1	1618033	3x4	0.001	0.002	10	0.6184570525493809	0.5426131408992394	0.726944582243115	0
frozen-100k-stage1	1618033	3x4	0.002	0.005	30	0.6378683167144873	0.5320472153603295	0.7775273693079062	0
frozen-100k-stage1	1618033	3x4	0.005	0.01	50	0.6131238872107317	0.5070000495971209	0.8295007345308335	0
frozen-100k-stage1	1618033	3x5	0.0	0.001	10	0.6859284369384253	0.6247548321849974	0.7620571154978502	0
frozen-100k-stage1	1618033	3x5	0.001	0.002	10	0.7029510738641088	0.6469010814937904	0.7850179745554378	0
frozen-100k-stage1	1618033	3x5	0.002	0.005	30	0.711250794550288	0.5504711906187637	0.9023838838805844	0
frozen-100k-stage1	1618033	3x5	0.005	0.01	50	0.6794232439587523	0.5426274267990479	0.8435346301722197	0
frozen-100k-stage1	1618033	3x6	0.0	0.001	10	0.6839776779127036	0.6218838826100048	0.7739748399896462	0
frozen-100k-stage1	1618033	3x6	0.001	0.002	10	0.7291178878343904	0.5782802406250199	0.8022585256631186	0
frozen-100k-stage1	1618033	3x6	0.002	0.005	30	0.6893557673011317	0.5735884122827216	0.8339962847614361	0
frozen-100k-stage1	1618033	3x6	0.005	0.01	50	0.7037225188785619	0.5570212884532713	0.8030391794613114	0
frozen-100k-stage1	1618033	4x4	0.0	0.001	10	0.6227699311817083	0.49662149544777573	0.7320706873452024	0
frozen-100k-stage1	1618033	4x4	0.001	0.002	10	0.6356647125622535	0.43050344896299325	0.8530387354112793	0
frozen-100k-stage1	1618033	4x4	0.002	0.005	30	0.6446419737660024	0.4733966561380382	0.7775962467352809	0
frozen-100k-stage1	1618033	4x4	0.005	0.01	50	0.6236623395698587	0.427711947115059	0.8204821714816062	0
frozen-100k-stage1	1618033	4x5	0.0	0.001	10	0.6087337253380808	0.4910809920494375	0.78147487383182	0
frozen-100k-stage1	1618033	4x5	0.001	0.002	10	0.6403596314975146	0.4971358883032496	0.7469257442958203	0
frozen-100k-stage1	1618033	4x5	0.002	0.005	30	0.6214143891670261	0.4044234884874157	0.7597360847069227	0
frozen-100k-stage1	1618033	4x5	0.005	0.01	50	0.6556520796261455	0.39908186023005027	0.8415287350812499	0
frozen-100k-stage1	1618033	4x6	0.0	0.001	10	0.6144178509141096	0.4816938246484941	0.701999270086369	0
frozen-100k-stage1	1618033	4x6	0.001	0.002	10	0.6326198924865722	0.514737463893703	0.7240663301215833	0
frozen-100k-stage1	1618033	4x6	0.002	0.005	30	0.612960984756843	0.47672564041547977	0.7821051169300183	0
frozen-100k-stage1	1618033	4x6	0.005	0.01	50	0.6618155038623089	0.5073927680850687	0.8450097822578725	0
frozen-100k-stage1	1618033	5x5	0.0	0.001	10	0.5967489455219559	0.4558226896445708	0.7251619399348183	0
frozen-100k-stage1	1618033	5x5	0.001	0.002	10	0.6231872058801	0.4785677790167739	0.7366713823628926	0
frozen-100k-stage1	1618033	5x5	0.002	0.005	30	0.624446941229555	0.43132574454383904	0.7444978132893917	0
frozen-100k-stage1	1618033	5x5	0.005	0.01	50	0.6469844756510957	0.42758220821848836	0.8244704669970696	0
frozen-100k-stage1	1618033	5x6	0.0	0.001	10	0.5741697393240444	0.4240744525740104	0.6358492856628143	0
frozen-100k-stage1	1618033	5x6	0.001	0.002	10	0.6546136690212564	0.5326309696261641	0.7738176346957262	0
frozen-100k-stage1	1618033	5x6	0.002	0.005	30	0.6464677337566704	0.4774097598013778	0.8971171667308935	0
frozen-100k-stage1	1618033	5x6	0.005	0.01	50	0.6620361508731126	0.4587234144721154	0.8086309933127086	0
frozen-100k-stage1	1618033	6x6	0.0	0.001	10	0.6302073583355646	0.5417961531098906	0.7129604370086456	0
frozen-100k-stage1	1618033	6x6	0.001	0.002	10	0.650878708339192	0.5610146806865948	0.7663681240952211	0
frozen-100k-stage1	1618033	6x6	0.002	0.005	30	0.6472398871268878	0.5134898576821538	0.7516158657323636	0
frozen-100k-stage1	1618033	6x6	0.005	0.01	50	0.6534635202767999	0.4338598957159453	0.871855397401121	0
frozen-100k-stage1	1618033	all_equal_count_buckets	0.0	0.001	100	0.6249642205752306	0.4240744525740104	0.8450273730212431	0
frozen-100k-stage1	1618033	all_equal_count_buckets	0.001	0.002	100	0.6386189249991056	0.43050344896299325	0.8530387354112793	0
frozen-100k-stage1	1618033	all_equal_count_buckets	0.002	0.005	300	0.6332688409435137	0.4044234884874157	0.9023838838805844	0
frozen-100k-stage1	1618033	all_equal_count_buckets	0.005	0.01	500	0.6394315555913896	0.39908186023005027	0.871855397401121	0
