selection_id	selection_kind	requested_budget	selected_rows	selected_max_sys	selected_mean_sys	baseline_replicates	baseline_rows_total	baseline_p90_sys	baseline_p95_sys	selected_rows_above_baseline_p95	baseline_mean_sys	improvement_vs_baseline_mean_sys	selected_bucket_counts
global_low_ridge_symp_area_sum_over_volume_sqrt_top_10	global_low_ridge_symp_area_sum_over_volume_sqrt	10	10	0.677771849599173	0.610045231580930	1	10	0.732241770648183	0.791820864209135	0	0.486410288073966	0.123634943506964	random-product:5x5:h0p8_1p2:3;random-product:5x6:h0p8_1p2:1;random-product:6x6:h0p8_1p2:6
global_low_ridge_symp_area_sum_over_volume_sqrt_percentile_0p0001	global_low_ridge_symp_area_sum_over_volume_sqrt_percentile	0.0001	10	0.677771849599173	0.610045231580930	1	10	0.630157569491292	0.634478444135088	3	0.454139090902335	0.155906140678596	random-product:5x5:h0p8_1p2:3;random-product:5x6:h0p8_1p2:1;random-product:6x6:h0p8_1p2:6
per_bucket_low_ridge_symp_area_sum_over_volume_sqrt_top_10	per_bucket_low_ridge_symp_area_sum_over_volume_sqrt	10	100	0.822164707178267	0.626116682098113	1	100	0.601092980680061	0.672748983257587	31	0.315503943368181	0.310612738729932	random-product:3x3:h0p8_1p2:10;random-product:3x4:h0p8_1p2:10;random-product:3x5:h0p8_1p2:10;random-product:3x6:h0p8_1p2:10;random-product:4x4:h0p8_1p2:10;random-product:4x5:h0p8_1p2:10;random-product:4x6:h0p8_1p2:10;random-product:5x5:h0p8_1p2:10;random-product:5x6:h0p8_1p2:10;random-product:6x6:h0p8_1p2:10
global_low_ridge_symp_area_max_over_volume_sqrt_top_10	global_low_ridge_symp_area_max_over_volume_sqrt	10	10	0.772097451150711	0.651099339872291	1	10	0.614001747594463	0.659882783430473	5	0.440038713997595	0.211060625874696	random-product:6x6:h0p8_1p2:10
global_low_ridge_symp_area_max_over_volume_sqrt_percentile_0p0001	global_low_ridge_symp_area_max_over_volume_sqrt_percentile	0.0001	10	0.772097451150711	0.651099339872291	1	10	0.734986759268548	0.766674224775743	2	0.606717383837182	0.044381956035109	random-product:6x6:h0p8_1p2:10
per_bucket_low_ridge_symp_area_max_over_volume_sqrt_top_10	per_bucket_low_ridge_symp_area_max_over_volume_sqrt	10	100	0.823268805001436	0.665791578207309	1	100	0.599840282765751	0.661309078520634	61	0.333687146220140	0.332104431987169	random-product:3x3:h0p8_1p2:10;random-product:3x4:h0p8_1p2:10;random-product:3x5:h0p8_1p2:10;random-product:3x6:h0p8_1p2:10;random-product:4x4:h0p8_1p2:10;random-product:4x5:h0p8_1p2:10;random-product:4x6:h0p8_1p2:10;random-product:5x5:h0p8_1p2:10;random-product:5x6:h0p8_1p2:10;random-product:6x6:h0p8_1p2:10
global_low_ridge_symp_area_std_over_volume_sqrt_top_10	global_low_ridge_symp_area_std_over_volume_sqrt	10	10	0.804117647866311	0.689962755459091	1	10	0.641897863399288	0.692248909005685	6	0.476815890816181	0.213146864642910	random-product:6x6:h0p8_1p2:10
global_low_ridge_symp_area_std_over_volume_sqrt_percentile_0p0001	global_low_ridge_symp_area_std_over_volume_sqrt_percentile	0.0001	10	0.804117647866311	0.689962755459091	1	10	0.715084708069072	0.758516387047065	3	0.490267007376897	0.199695748082195	random-product:6x6:h0p8_1p2:10
per_bucket_low_ridge_symp_area_std_over_volume_sqrt_top_10	per_bucket_low_ridge_symp_area_std_over_volume_sqrt	10	100	0.867546058507634	0.687639192921729	1	100	0.630473611186960	0.658241461583008	66	0.362719313118720	0.324919879803009	random-product:3x3:h0p8_1p2:10;random-product:3x4:h0p8_1p2:10;random-product:3x5:h0p8_1p2:10;random-product:3x6:h0p8_1p2:10;random-product:4x4:h0p8_1p2:10;random-product:4x5:h0p8_1p2:10;random-product:4x6:h0p8_1p2:10;random-product:5x5:h0p8_1p2:10;random-product:5x6:h0p8_1p2:10;random-product:6x6:h0p8_1p2:10
global_low_ridge_symp_area_q95_over_volume_sqrt_top_10	global_low_ridge_symp_area_q95_over_volume_sqrt	10	10	0.788590305831019	0.677720931857533	1	10	0.537179657637498	0.600222127186658	9	0.356361254368381	0.321359677489152	random-product:6x6:h0p8_1p2:10
global_low_ridge_symp_area_q95_over_volume_sqrt_percentile_0p0001	global_low_ridge_symp_area_q95_over_volume_sqrt_percentile	0.0001	10	0.788590305831019	0.677720931857533	1	10	0.627682324892943	0.651096093047202	7	0.481228827434087	0.196492104423446	random-product:6x6:h0p8_1p2:10
per_bucket_low_ridge_symp_area_q95_over_volume_sqrt_top_10	per_bucket_low_ridge_symp_area_q95_over_volume_sqrt	10	100	0.867546058507634	0.661793959235704	1	100	0.626625472434653	0.714780300168790	29	0.336796506822099	0.324997452413605	random-product:3x3:h0p8_1p2:10;random-product:3x4:h0p8_1p2:10;random-product:3x5:h0p8_1p2:10;random-product:3x6:h0p8_1p2:10;random-product:4x4:h0p8_1p2:10;random-product:4x5:h0p8_1p2:10;random-product:4x6:h0p8_1p2:10;random-product:5x5:h0p8_1p2:10;random-product:5x6:h0p8_1p2:10;random-product:6x6:h0p8_1p2:10
global_low_ridge_symp_area_q90_over_volume_sqrt_top_10	global_low_ridge_symp_area_q90_over_volume_sqrt	10	10	0.804117647866311	0.560449401668281	1	10	0.556238295204943	0.582289584509869	6	0.409059605457754	0.151389796210527	random-product:5x6:h0p8_1p2:2;random-product:6x6:h0p8_1p2:8
global_low_ridge_symp_area_q90_over_volume_sqrt_percentile_0p0001	global_low_ridge_symp_area_q90_over_volume_sqrt_percentile	0.0001	10	0.804117647866311	0.560449401668281	1	10	0.687119091776824	0.714794269758427	2	0.566953456071338	-0.006504054403057	random-product:5x6:h0p8_1p2:2;random-product:6x6:h0p8_1p2:8
per_bucket_low_ridge_symp_area_q90_over_volume_sqrt_top_10	per_bucket_low_ridge_symp_area_q90_over_volume_sqrt	10	100	0.804117647866311	0.597618746984164	1	100	0.621228028722787	0.693600046469950	20	0.349439177249576	0.248179569734588	random-product:3x3:h0p8_1p2:10;random-product:3x4:h0p8_1p2:10;random-product:3x5:h0p8_1p2:10;random-product:3x6:h0p8_1p2:10;random-product:4x4:h0p8_1p2:10;random-product:4x5:h0p8_1p2:10;random-product:4x6:h0p8_1p2:10;random-product:5x5:h0p8_1p2:10;random-product:5x6:h0p8_1p2:10;random-product:6x6:h0p8_1p2:10
global_low_ridge_symp_area_mean_over_volume_sqrt_top_10	global_low_ridge_symp_area_mean_over_volume_sqrt	10	10	0.677771849599173	0.619835293032872	1	10	0.651317278243565	0.729716075107935	0	0.441202938314432	0.178632354718441	random-product:6x6:h0p8_1p2:10
global_low_ridge_symp_area_mean_over_volume_sqrt_percentile_0p0001	global_low_ridge_symp_area_mean_over_volume_sqrt_percentile	0.0001	10	0.677771849599173	0.619835293032872	1	10	0.642611944128159	0.676671053942962	1	0.524353906765841	0.095481386267032	random-product:6x6:h0p8_1p2:10
per_bucket_low_ridge_symp_area_mean_over_volume_sqrt_top_10	per_bucket_low_ridge_symp_area_mean_over_volume_sqrt	10	100	0.822164707178267	0.626116682098113	1	100	0.566166417917600	0.668464578254638	32	0.314739240926001	0.311377441172112	random-product:3x3:h0p8_1p2:10;random-product:3x4:h0p8_1p2:10;random-product:3x5:h0p8_1p2:10;random-product:3x6:h0p8_1p2:10;random-product:4x4:h0p8_1p2:10;random-product:4x5:h0p8_1p2:10;random-product:4x6:h0p8_1p2:10;random-product:5x5:h0p8_1p2:10;random-product:5x6:h0p8_1p2:10;random-product:6x6:h0p8_1p2:10
global_high_ridge_count_top_10	global_high_ridge_count	10	10	0.697387769998453	0.458786573730515	1	10	0.719547748821622	0.769780557090353	0	0.470325008799387	-0.011538435068873	random-product:6x6:h0p8_1p2:10
global_high_ridge_count_percentile_0p0001	global_high_ridge_count_percentile	0.0001	10	0.697387769998453	0.458786573730515	1	10	0.670451324693759	0.671757557287162	1	0.556155116929080	-0.097368543198565	random-product:6x6:h0p8_1p2:10
per_bucket_high_ridge_count_top_10	per_bucket_high_ridge_count	10	100	0.753580657833554	0.344426558331648	1	100	0.636785892510978	0.688563212082544	3	0.362856005422040	-0.018429447090392	random-product:3x3:h0p8_1p2:10;random-product:3x4:h0p8_1p2:10;random-product:3x5:h0p8_1p2:10;random-product:3x6:h0p8_1p2:10;random-product:4x4:h0p8_1p2:10;random-product:4x5:h0p8_1p2:10;random-product:4x6:h0p8_1p2:10;random-product:5x5:h0p8_1p2:10;random-product:5x6:h0p8_1p2:10;random-product:6x6:h0p8_1p2:10
global_high_edge_count_top_10	global_high_edge_count	10	10	0.697387769998453	0.458786573730515	1	10	0.678649638049595	0.699877076027040	0	0.517887874461937	-0.059101300731422	random-product:6x6:h0p8_1p2:10
global_high_edge_count_percentile_0p0001	global_high_edge_count_percentile	0.0001	10	0.697387769998453	0.458786573730515	1	10	0.665207102950020	0.675875852698681	1	0.432675529386225	0.026111044344290	random-product:6x6:h0p8_1p2:10
per_bucket_high_edge_count_top_10	per_bucket_high_edge_count	10	100	0.753580657833554	0.344426558331648	1	100	0.589920212115073	0.654609042786013	10	0.327626315465093	0.016800242866555	random-product:3x3:h0p8_1p2:10;random-product:3x4:h0p8_1p2:10;random-product:3x5:h0p8_1p2:10;random-product:3x6:h0p8_1p2:10;random-product:4x4:h0p8_1p2:10;random-product:4x5:h0p8_1p2:10;random-product:4x6:h0p8_1p2:10;random-product:5x5:h0p8_1p2:10;random-product:5x6:h0p8_1p2:10;random-product:6x6:h0p8_1p2:10
global_high_vertex_count_top_10	global_high_vertex_count	10	10	0.697387769998453	0.458786573730515	1	10	0.678475921296878	0.711182260764512	0	0.387322080735187	0.071464492995328	random-product:6x6:h0p8_1p2:10
global_high_vertex_count_percentile_0p0001	global_high_vertex_count_percentile	0.0001	10	0.697387769998453	0.458786573730515	1	10	0.700037189464811	0.701831439609190	0	0.467562201575862	-0.008775627845347	random-product:6x6:h0p8_1p2:10
per_bucket_high_vertex_count_top_10	per_bucket_high_vertex_count	10	100	0.753580657833554	0.344426558331648	1	100	0.580138868707947	0.629301285492078	14	0.331682559365219	0.012743998966430	random-product:3x3:h0p8_1p2:10;random-product:3x4:h0p8_1p2:10;random-product:3x5:h0p8_1p2:10;random-product:3x6:h0p8_1p2:10;random-product:4x4:h0p8_1p2:10;random-product:4x5:h0p8_1p2:10;random-product:4x6:h0p8_1p2:10;random-product:5x5:h0p8_1p2:10;random-product:5x6:h0p8_1p2:10;random-product:6x6:h0p8_1p2:10
global_high_facet_count_top_10	global_high_facet_count	10	10	0.697387769998453	0.458786573730515	1	10	0.674126545678271	0.727269010428405	0	0.542780266449371	-0.083993692718856	random-product:6x6:h0p8_1p2:10
global_high_facet_count_percentile_0p0001	global_high_facet_count_percentile	0.0001	10	0.697387769998453	0.458786573730515	1	10	0.679264466311237	0.696264992872117	1	0.442563521209691	0.016223052520824	random-product:6x6:h0p8_1p2:10
per_bucket_high_facet_count_top_10	per_bucket_high_facet_count	10	100	0.753580657833554	0.344426558331648	1	100	0.682790571994821	0.713417012673504	1	0.342173505516088	0.002253052815560	random-product:3x3:h0p8_1p2:10;random-product:3x4:h0p8_1p2:10;random-product:3x5:h0p8_1p2:10;random-product:3x6:h0p8_1p2:10;random-product:4x4:h0p8_1p2:10;random-product:4x5:h0p8_1p2:10;random-product:4x6:h0p8_1p2:10;random-product:5x5:h0p8_1p2:10;random-product:5x6:h0p8_1p2:10;random-product:6x6:h0p8_1p2:10
union_all_selection_rules	union_all_selection_rules	unique_selected_union	485	0.867546058507634	0.579718264206536	1	1190	0.645327978564280	0.692432690377396	124	0.359809716708119	0.219908547498417	random-product:3x3:h0p8_1p2:46;random-product:3x4:h0p8_1p2:49;random-product:3x5:h0p8_1p2:53;random-product:3x6:h0p8_1p2:51;random-product:4x4:h0p8_1p2:44;random-product:4x5:h0p8_1p2:50;random-product:4x6:h0p8_1p2:45;random-product:5x5:h0p8_1p2:48;random-product:5x6:h0p8_1p2:52;random-product:6x6:h0p8_1p2:47
