accepted_rows	attempts_total_accepted_prefix	attempts_total_with_exhaustion	censored	comparison_eligible	exhausted_rows	first_hit_accepted_index	first_hit_attempt	generator_ms	population	region	rejections_in_accepted_prefix	rejections_with_exhaustion	requested_rows	seed	seed_role	side_count	support_overlap	validation_ms_estimate
24	96	24	True	True	0	NA	NA	0.07508	current-baseline[delta=0.2]	covariance_anisotropy_low	72	0	24	20260717	confirmation-1	3	1.0	21.172738678893822
17	854	913	True	True	7	NA	NA	1.5733940000000002	primal-hull-uniform-disk[points=n+4,origin=interior]	covariance_anisotropy_low	837	896	24	20260717	confirmation-1	3	1.0	14.997356564216457
24	24	24	True	True	0	NA	NA	0.03771100000000001	regular-mutation[steps=4,scale=0.03]	covariance_anisotropy_low	0	0	24	20260717	confirmation-1	3	1.0	21.172738678893822
24	26	24	True	True	0	NA	NA	0.020046000000000005	repulsive-gap[alpha=16]	covariance_anisotropy_low	2	0	24	20260717	confirmation-1	3	1.0	21.172738678893822
24	71	24	True	True	0	NA	NA	0.043561	repulsive-gap[alpha=1]	covariance_anisotropy_low	47	0	24	20260717	confirmation-1	3	0.9997731066052622	21.172738678893822
24	29	24	True	True	0	NA	NA	0.06114800000000001	repulsive-gap[alpha=4]	covariance_anisotropy_low	5	0	24	20260717	confirmation-1	3	1.0	21.172738678893822
24	24	24	False	True	0	5	5	0.018194000000000002	repulsive-gap[regular]	covariance_anisotropy_low	0	0	24	20260717	confirmation-1	3	1.0	21.172738678893822
24	73	24	True	True	0	NA	NA	0.07970200000000002	current-baseline[delta=0.2]	covariance_anisotropy_low	49	0	24	20260718	confirmation-2	3	0.9999788103698746	21.172738678893822
17	937	913	True	True	7	NA	NA	1.6511010000000002	primal-hull-uniform-disk[points=n+4,origin=interior]	covariance_anisotropy_low	920	896	24	20260718	confirmation-2	3	1.0	14.997356564216457
24	24	24	True	True	0	NA	NA	0.024629000000000005	regular-mutation[steps=4,scale=0.03]	covariance_anisotropy_low	0	0	24	20260718	confirmation-2	3	1.0	21.172738678893822
24	24	24	True	True	0	NA	NA	0.019077	repulsive-gap[alpha=16]	covariance_anisotropy_low	0	0	24	20260718	confirmation-2	3	1.0	21.172738678893822
24	82	24	True	True	0	NA	NA	0.029831	repulsive-gap[alpha=1]	covariance_anisotropy_low	58	0	24	20260718	confirmation-2	3	1.0	21.172738678893822
24	30	24	True	True	0	NA	NA	0.023443000000000002	repulsive-gap[alpha=4]	covariance_anisotropy_low	6	0	24	20260718	confirmation-2	3	1.0	21.172738678893822
24	24	24	False	True	0	1	1	0.010971	repulsive-gap[regular]	covariance_anisotropy_low	0	0	24	20260718	confirmation-2	3	1.0	21.172738678893822
24	96	24	False	True	0	11	44	0.07508	current-baseline[delta=0.2]	covariance_anisotropy_high	72	0	24	20260717	confirmation-1	3	1.0	21.172738678893822
17	854	913	True	True	7	NA	NA	1.5733940000000002	primal-hull-uniform-disk[points=n+4,origin=interior]	covariance_anisotropy_high	837	896	24	20260717	confirmation-1	3	1.0	14.997356564216457
24	24	24	True	True	0	NA	NA	0.03771100000000001	regular-mutation[steps=4,scale=0.03]	covariance_anisotropy_high	0	0	24	20260717	confirmation-1	3	1.0	21.172738678893822
24	26	24	False	True	0	17	19	0.020046000000000005	repulsive-gap[alpha=16]	covariance_anisotropy_high	2	0	24	20260717	confirmation-1	3	1.0	21.172738678893822
24	71	24	False	True	0	2	3	0.043561	repulsive-gap[alpha=1]	covariance_anisotropy_high	47	0	24	20260717	confirmation-1	3	0.9997731066052622	21.172738678893822
24	29	24	False	True	0	10	10	0.06114800000000001	repulsive-gap[alpha=4]	covariance_anisotropy_high	5	0	24	20260717	confirmation-1	3	1.0	21.172738678893822
24	24	24	True	True	0	NA	NA	0.018194000000000002	repulsive-gap[regular]	covariance_anisotropy_high	0	0	24	20260717	confirmation-1	3	1.0	21.172738678893822
24	73	24	False	True	0	5	12	0.07970200000000002	current-baseline[delta=0.2]	covariance_anisotropy_high	49	0	24	20260718	confirmation-2	3	0.9999788103698746	21.172738678893822
17	937	913	True	True	7	NA	NA	1.6511010000000002	primal-hull-uniform-disk[points=n+4,origin=interior]	covariance_anisotropy_high	920	896	24	20260718	confirmation-2	3	1.0	14.997356564216457
24	24	24	True	True	0	NA	NA	0.024629000000000005	regular-mutation[steps=4,scale=0.03]	covariance_anisotropy_high	0	0	24	20260718	confirmation-2	3	1.0	21.172738678893822
24	24	24	True	True	0	NA	NA	0.019077	repulsive-gap[alpha=16]	covariance_anisotropy_high	0	0	24	20260718	confirmation-2	3	1.0	21.172738678893822
24	82	24	False	True	0	2	17	0.029831	repulsive-gap[alpha=1]	covariance_anisotropy_high	58	0	24	20260718	confirmation-2	3	1.0	21.172738678893822
24	30	24	False	True	0	6	9	0.023443000000000002	repulsive-gap[alpha=4]	covariance_anisotropy_high	6	0	24	20260718	confirmation-2	3	1.0	21.172738678893822
24	24	24	True	True	0	NA	NA	0.010971	repulsive-gap[regular]	covariance_anisotropy_high	0	0	24	20260718	confirmation-2	3	1.0	21.172738678893822
24	96	24	True	True	0	NA	NA	0.07508	current-baseline[delta=0.2]	isoperimetric_ratio_low	72	0	24	20260717	confirmation-1	3	1.0	21.172738678893822
17	854	913	True	True	7	NA	NA	1.5733940000000002	primal-hull-uniform-disk[points=n+4,origin=interior]	isoperimetric_ratio_low	837	896	24	20260717	confirmation-1	3	1.0	14.997356564216457
24	24	24	True	True	0	NA	NA	0.03771100000000001	regular-mutation[steps=4,scale=0.03]	isoperimetric_ratio_low	0	0	24	20260717	confirmation-1	3	1.0	21.172738678893822
24	26	24	True	True	0	NA	NA	0.020046000000000005	repulsive-gap[alpha=16]	isoperimetric_ratio_low	2	0	24	20260717	confirmation-1	3	1.0	21.172738678893822
24	71	24	True	True	0	NA	NA	0.043561	repulsive-gap[alpha=1]	isoperimetric_ratio_low	47	0	24	20260717	confirmation-1	3	0.9969046320520226	21.172738678893822
24	29	24	True	True	0	NA	NA	0.06114800000000001	repulsive-gap[alpha=4]	isoperimetric_ratio_low	5	0	24	20260717	confirmation-1	3	1.0	21.172738678893822
24	24	24	False	True	0	1	1	0.018194000000000002	repulsive-gap[regular]	isoperimetric_ratio_low	0	0	24	20260717	confirmation-1	3	1.0	21.172738678893822
24	73	24	True	True	0	NA	NA	0.07970200000000002	current-baseline[delta=0.2]	isoperimetric_ratio_low	49	0	24	20260718	confirmation-2	3	0.9999334266092706	21.172738678893822
17	937	913	True	True	7	NA	NA	1.6511010000000002	primal-hull-uniform-disk[points=n+4,origin=interior]	isoperimetric_ratio_low	920	896	24	20260718	confirmation-2	3	1.0	14.997356564216457
24	24	24	True	True	0	NA	NA	0.024629000000000005	regular-mutation[steps=4,scale=0.03]	isoperimetric_ratio_low	0	0	24	20260718	confirmation-2	3	1.0	21.172738678893822
24	24	24	True	True	0	NA	NA	0.019077	repulsive-gap[alpha=16]	isoperimetric_ratio_low	0	0	24	20260718	confirmation-2	3	1.0	21.172738678893822
24	82	24	True	True	0	NA	NA	0.029831	repulsive-gap[alpha=1]	isoperimetric_ratio_low	58	0	24	20260718	confirmation-2	3	1.0	21.172738678893822
24	30	24	True	True	0	NA	NA	0.023443000000000002	repulsive-gap[alpha=4]	isoperimetric_ratio_low	6	0	24	20260718	confirmation-2	3	1.0	21.172738678893822
24	24	24	False	True	0	1	1	0.010971	repulsive-gap[regular]	isoperimetric_ratio_low	0	0	24	20260718	confirmation-2	3	1.0	21.172738678893822
24	96	24	False	True	0	11	44	0.07508	current-baseline[delta=0.2]	isoperimetric_ratio_high	72	0	24	20260717	confirmation-1	3	1.0	21.172738678893822
17	854	913	True	True	7	NA	NA	1.5733940000000002	primal-hull-uniform-disk[points=n+4,origin=interior]	isoperimetric_ratio_high	837	896	24	20260717	confirmation-1	3	1.0	14.997356564216457
24	24	24	True	True	0	NA	NA	0.03771100000000001	regular-mutation[steps=4,scale=0.03]	isoperimetric_ratio_high	0	0	24	20260717	confirmation-1	3	1.0	21.172738678893822
24	26	24	False	True	0	17	19	0.020046000000000005	repulsive-gap[alpha=16]	isoperimetric_ratio_high	2	0	24	20260717	confirmation-1	3	1.0	21.172738678893822
24	71	24	False	True	0	2	3	0.043561	repulsive-gap[alpha=1]	isoperimetric_ratio_high	47	0	24	20260717	confirmation-1	3	0.9969046320520226	21.172738678893822
24	29	24	False	True	0	21	26	0.06114800000000001	repulsive-gap[alpha=4]	isoperimetric_ratio_high	5	0	24	20260717	confirmation-1	3	1.0	21.172738678893822
24	24	24	True	True	0	NA	NA	0.018194000000000002	repulsive-gap[regular]	isoperimetric_ratio_high	0	0	24	20260717	confirmation-1	3	1.0	21.172738678893822
24	73	24	False	True	0	5	12	0.07970200000000002	current-baseline[delta=0.2]	isoperimetric_ratio_high	49	0	24	20260718	confirmation-2	3	0.9999334266092706	21.172738678893822
17	937	913	True	True	7	NA	NA	1.6511010000000002	primal-hull-uniform-disk[points=n+4,origin=interior]	isoperimetric_ratio_high	920	896	24	20260718	confirmation-2	3	1.0	14.997356564216457
24	24	24	True	True	0	NA	NA	0.024629000000000005	regular-mutation[steps=4,scale=0.03]	isoperimetric_ratio_high	0	0	24	20260718	confirmation-2	3	1.0	21.172738678893822
24	24	24	True	True	0	NA	NA	0.019077	repulsive-gap[alpha=16]	isoperimetric_ratio_high	0	0	24	20260718	confirmation-2	3	1.0	21.172738678893822
24	82	24	False	True	0	2	17	0.029831	repulsive-gap[alpha=1]	isoperimetric_ratio_high	58	0	24	20260718	confirmation-2	3	1.0	21.172738678893822
24	30	24	False	True	0	6	9	0.023443000000000002	repulsive-gap[alpha=4]	isoperimetric_ratio_high	6	0	24	20260718	confirmation-2	3	1.0	21.172738678893822
24	24	24	True	True	0	NA	NA	0.010971	repulsive-gap[regular]	isoperimetric_ratio_high	0	0	24	20260718	confirmation-2	3	1.0	21.172738678893822
24	96	24	False	True	0	20	87	0.07508	current-baseline[delta=0.2]	support_roughness_low	72	0	24	20260717	confirmation-1	3	1.0	21.172738678893822
17	854	913	False	True	7	2	199	1.5733940000000002	primal-hull-uniform-disk[points=n+4,origin=interior]	support_roughness_low	837	896	24	20260717	confirmation-1	3	1.0	14.997356564216457
24	24	24	False	True	0	8	8	0.03771100000000001	regular-mutation[steps=4,scale=0.03]	support_roughness_low	0	0	24	20260717	confirmation-1	3	0.9611696968185055	21.172738678893822
24	26	24	False	True	0	6	8	0.020046000000000005	repulsive-gap[alpha=16]	support_roughness_low	2	0	24	20260717	confirmation-1	3	0.9725943094612008	21.172738678893822
24	71	24	False	True	0	4	20	0.043561	repulsive-gap[alpha=1]	support_roughness_low	47	0	24	20260717	confirmation-1	3	0.9994920140011494	21.172738678893822
24	29	24	False	True	0	12	15	0.06114800000000001	repulsive-gap[alpha=4]	support_roughness_low	5	0	24	20260717	confirmation-1	3	1.0	21.172738678893822
24	24	24	True	True	0	NA	NA	0.018194000000000002	repulsive-gap[regular]	support_roughness_low	0	0	24	20260717	confirmation-1	3	1.0	21.172738678893822
24	73	24	False	True	0	3	10	0.07970200000000002	current-baseline[delta=0.2]	support_roughness_low	49	0	24	20260718	confirmation-2	3	0.9460382114864158	21.172738678893822
17	937	913	False	True	7	1	80	1.6511010000000002	primal-hull-uniform-disk[points=n+4,origin=interior]	support_roughness_low	920	896	24	20260718	confirmation-2	3	1.0	14.997356564216457
24	24	24	False	True	0	4	4	0.024629000000000005	regular-mutation[steps=4,scale=0.03]	support_roughness_low	0	0	24	20260718	confirmation-2	3	0.9944438237164588	21.172738678893822
24	24	24	False	True	0	5	5	0.019077	repulsive-gap[alpha=16]	support_roughness_low	0	0	24	20260718	confirmation-2	3	1.0	21.172738678893822
24	82	24	False	True	0	4	23	0.029831	repulsive-gap[alpha=1]	support_roughness_low	58	0	24	20260718	confirmation-2	3	0.9867297464389778	21.172738678893822
24	30	24	False	True	0	1	2	0.023443000000000002	repulsive-gap[alpha=4]	support_roughness_low	6	0	24	20260718	confirmation-2	3	0.9969688702804684	21.172738678893822
24	24	24	True	True	0	NA	NA	0.010971	repulsive-gap[regular]	support_roughness_low	0	0	24	20260718	confirmation-2	3	1.0	21.172738678893822
24	96	24	False	True	0	1	8	0.07508	current-baseline[delta=0.2]	support_roughness_high	72	0	24	20260717	confirmation-1	3	1.0	21.172738678893822
17	854	913	True	True	7	NA	NA	1.5733940000000002	primal-hull-uniform-disk[points=n+4,origin=interior]	support_roughness_high	837	896	24	20260717	confirmation-1	3	1.0	14.997356564216457
24	24	24	True	True	0	NA	NA	0.03771100000000001	regular-mutation[steps=4,scale=0.03]	support_roughness_high	0	0	24	20260717	confirmation-1	3	0.9611696968185055	21.172738678893822
24	26	24	False	True	0	7	9	0.020046000000000005	repulsive-gap[alpha=16]	support_roughness_high	2	0	24	20260717	confirmation-1	3	0.9725943094612008	21.172738678893822
24	71	24	False	True	0	6	23	0.043561	repulsive-gap[alpha=1]	support_roughness_high	47	0	24	20260717	confirmation-1	3	0.9994920140011494	21.172738678893822
24	29	24	False	True	0	10	10	0.06114800000000001	repulsive-gap[alpha=4]	support_roughness_high	5	0	24	20260717	confirmation-1	3	1.0	21.172738678893822
24	24	24	True	True	0	NA	NA	0.018194000000000002	repulsive-gap[regular]	support_roughness_high	0	0	24	20260717	confirmation-1	3	1.0	21.172738678893822
24	73	24	False	True	0	5	12	0.07970200000000002	current-baseline[delta=0.2]	support_roughness_high	49	0	24	20260718	confirmation-2	3	0.9460382114864158	21.172738678893822
17	937	913	True	True	7	NA	NA	1.6511010000000002	primal-hull-uniform-disk[points=n+4,origin=interior]	support_roughness_high	920	896	24	20260718	confirmation-2	3	1.0	14.997356564216457
24	24	24	True	True	0	NA	NA	0.024629000000000005	regular-mutation[steps=4,scale=0.03]	support_roughness_high	0	0	24	20260718	confirmation-2	3	0.9944438237164588	21.172738678893822
24	24	24	False	True	0	9	9	0.019077	repulsive-gap[alpha=16]	support_roughness_high	0	0	24	20260718	confirmation-2	3	1.0	21.172738678893822
24	82	24	False	True	0	1	9	0.029831	repulsive-gap[alpha=1]	support_roughness_high	58	0	24	20260718	confirmation-2	3	0.9867297464389778	21.172738678893822
24	30	24	False	True	0	6	9	0.023443000000000002	repulsive-gap[alpha=4]	support_roughness_high	6	0	24	20260718	confirmation-2	3	0.9969688702804684	21.172738678893822
24	24	24	True	True	0	NA	NA	0.010971	repulsive-gap[regular]	support_roughness_high	0	0	24	20260718	confirmation-2	3	1.0	21.172738678893822
24	96	24	False	True	0	14	67	0.07508	current-baseline[delta=0.2]	central_symmetry_residual_low	72	0	24	20260717	confirmation-1	3	1.0	21.172738678893822
17	854	913	True	True	7	NA	NA	1.5733940000000002	primal-hull-uniform-disk[points=n+4,origin=interior]	central_symmetry_residual_low	837	896	24	20260717	confirmation-1	3	1.0	14.997356564216457
24	24	24	True	True	0	NA	NA	0.03771100000000001	regular-mutation[steps=4,scale=0.03]	central_symmetry_residual_low	0	0	24	20260717	confirmation-1	3	1.0	21.172738678893822
24	26	24	False	True	0	15	17	0.020046000000000005	repulsive-gap[alpha=16]	central_symmetry_residual_low	2	0	24	20260717	confirmation-1	3	1.0	21.172738678893822
24	71	24	False	True	0	3	9	0.043561	repulsive-gap[alpha=1]	central_symmetry_residual_low	47	0	24	20260717	confirmation-1	3	0.974499132236386	21.172738678893822
24	29	24	False	True	0	5	5	0.06114800000000001	repulsive-gap[alpha=4]	central_symmetry_residual_low	5	0	24	20260717	confirmation-1	3	1.0	21.172738678893822
24	24	24	True	True	0	NA	NA	0.018194000000000002	repulsive-gap[regular]	central_symmetry_residual_low	0	0	24	20260717	confirmation-1	3	1.0	21.172738678893822
24	73	24	False	True	0	20	61	0.07970200000000002	current-baseline[delta=0.2]	central_symmetry_residual_low	49	0	24	20260718	confirmation-2	3	0.956736109069538	21.172738678893822
17	937	913	False	True	7	7	365	1.6511010000000002	primal-hull-uniform-disk[points=n+4,origin=interior]	central_symmetry_residual_low	920	896	24	20260718	confirmation-2	3	1.0	14.997356564216457
24	24	24	True	True	0	NA	NA	0.024629000000000005	regular-mutation[steps=4,scale=0.03]	central_symmetry_residual_low	0	0	24	20260718	confirmation-2	3	1.0	21.172738678893822
24	24	24	False	True	0	4	4	0.019077	repulsive-gap[alpha=16]	central_symmetry_residual_low	0	0	24	20260718	confirmation-2	3	1.0	21.172738678893822
24	82	24	False	True	0	4	23	0.029831	repulsive-gap[alpha=1]	central_symmetry_residual_low	58	0	24	20260718	confirmation-2	3	1.0	21.172738678893822
24	30	24	False	True	0	1	2	0.023443000000000002	repulsive-gap[alpha=4]	central_symmetry_residual_low	6	0	24	20260718	confirmation-2	3	1.0	21.172738678893822
24	24	24	True	True	0	NA	NA	0.010971	repulsive-gap[regular]	central_symmetry_residual_low	0	0	24	20260718	confirmation-2	3	1.0	21.172738678893822
24	96	24	False	True	0	17	80	0.07508	current-baseline[delta=0.2]	central_symmetry_residual_high	72	0	24	20260717	confirmation-1	3	1.0	21.172738678893822
17	854	913	True	True	7	NA	NA	1.5733940000000002	primal-hull-uniform-disk[points=n+4,origin=interior]	central_symmetry_residual_high	837	896	24	20260717	confirmation-1	3	1.0	14.997356564216457
24	24	24	True	True	0	NA	NA	0.03771100000000001	regular-mutation[steps=4,scale=0.03]	central_symmetry_residual_high	0	0	24	20260717	confirmation-1	3	1.0	21.172738678893822
24	26	24	False	True	0	17	19	0.020046000000000005	repulsive-gap[alpha=16]	central_symmetry_residual_high	2	0	24	20260717	confirmation-1	3	1.0	21.172738678893822
24	71	24	False	True	0	2	3	0.043561	repulsive-gap[alpha=1]	central_symmetry_residual_high	47	0	24	20260717	confirmation-1	3	0.974499132236386	21.172738678893822
24	29	24	False	True	0	10	10	0.06114800000000001	repulsive-gap[alpha=4]	central_symmetry_residual_high	5	0	24	20260717	confirmation-1	3	1.0	21.172738678893822
24	24	24	True	True	0	NA	NA	0.018194000000000002	repulsive-gap[regular]	central_symmetry_residual_high	0	0	24	20260717	confirmation-1	3	1.0	21.172738678893822
24	73	24	False	True	0	5	12	0.07970200000000002	current-baseline[delta=0.2]	central_symmetry_residual_high	49	0	24	20260718	confirmation-2	3	0.956736109069538	21.172738678893822
17	937	913	True	True	7	NA	NA	1.6511010000000002	primal-hull-uniform-disk[points=n+4,origin=interior]	central_symmetry_residual_high	920	896	24	20260718	confirmation-2	3	1.0	14.997356564216457
24	24	24	True	True	0	NA	NA	0.024629000000000005	regular-mutation[steps=4,scale=0.03]	central_symmetry_residual_high	0	0	24	20260718	confirmation-2	3	1.0	21.172738678893822
24	24	24	False	True	0	9	9	0.019077	repulsive-gap[alpha=16]	central_symmetry_residual_high	0	0	24	20260718	confirmation-2	3	1.0	21.172738678893822
24	82	24	False	True	0	2	17	0.029831	repulsive-gap[alpha=1]	central_symmetry_residual_high	58	0	24	20260718	confirmation-2	3	1.0	21.172738678893822
24	30	24	False	True	0	8	11	0.023443000000000002	repulsive-gap[alpha=4]	central_symmetry_residual_high	6	0	24	20260718	confirmation-2	3	1.0	21.172738678893822
24	24	24	True	True	0	NA	NA	0.010971	repulsive-gap[regular]	central_symmetry_residual_high	0	0	24	20260718	confirmation-2	3	1.0	21.172738678893822
24	96	24	False	True	0	11	44	0.07508	current-baseline[delta=0.2]	support_novelty_high	72	0	24	20260717	confirmation-1	3	1.0	21.172738678893822
17	854	913	False	True	7	4	380	1.5733940000000002	primal-hull-uniform-disk[points=n+4,origin=interior]	support_novelty_high	837	896	24	20260717	confirmation-1	3	1.0	14.997356564216457
24	24	24	True	True	0	NA	NA	0.03771100000000001	regular-mutation[steps=4,scale=0.03]	support_novelty_high	0	0	24	20260717	confirmation-1	3	1.0	21.172738678893822
24	26	24	False	True	0	23	25	0.020046000000000005	repulsive-gap[alpha=16]	support_novelty_high	2	0	24	20260717	confirmation-1	3	1.0	21.172738678893822
24	71	24	False	True	0	3	9	0.043561	repulsive-gap[alpha=1]	support_novelty_high	47	0	24	20260717	confirmation-1	3	1.0	21.172738678893822
24	29	24	False	True	0	1	1	0.06114800000000001	repulsive-gap[alpha=4]	support_novelty_high	5	0	24	20260717	confirmation-1	3	1.0	21.172738678893822
24	24	24	True	True	0	NA	NA	0.018194000000000002	repulsive-gap[regular]	support_novelty_high	0	0	24	20260717	confirmation-1	3	1.0	21.172738678893822
24	73	24	False	True	0	7	22	0.07970200000000002	current-baseline[delta=0.2]	support_novelty_high	49	0	24	20260718	confirmation-2	3	1.0	21.172738678893822
17	937	913	False	True	7	12	708	1.6511010000000002	primal-hull-uniform-disk[points=n+4,origin=interior]	support_novelty_high	920	896	24	20260718	confirmation-2	3	1.0	14.997356564216457
24	24	24	True	True	0	NA	NA	0.024629000000000005	regular-mutation[steps=4,scale=0.03]	support_novelty_high	0	0	24	20260718	confirmation-2	3	1.0	21.172738678893822
24	24	24	True	True	0	NA	NA	0.019077	repulsive-gap[alpha=16]	support_novelty_high	0	0	24	20260718	confirmation-2	3	1.0	21.172738678893822
24	82	24	False	True	0	1	9	0.029831	repulsive-gap[alpha=1]	support_novelty_high	58	0	24	20260718	confirmation-2	3	1.0	21.172738678893822
24	30	24	False	True	0	4	6	0.023443000000000002	repulsive-gap[alpha=4]	support_novelty_high	6	0	24	20260718	confirmation-2	3	1.0	21.172738678893822
24	24	24	True	True	0	NA	NA	0.010971	repulsive-gap[regular]	support_novelty_high	0	0	24	20260718	confirmation-2	3	1.0	21.172738678893822
24	53	24	True	True	0	NA	NA	0.030344999999999997	current-baseline[delta=0.2]	covariance_anisotropy_low	29	0	24	20260717	confirmation-1	4	1.0	21.172738678893822
24	198	24	True	True	0	NA	NA	0.23972799999999997	primal-hull-uniform-disk[points=n+4,origin=interior]	covariance_anisotropy_low	174	0	24	20260717	confirmation-1	4	1.0	21.172738678893822
24	24	24	True	True	0	NA	NA	0.044181000000000005	regular-mutation[steps=4,scale=0.03]	covariance_anisotropy_low	0	0	24	20260717	confirmation-1	4	1.0	21.172738678893822
24	24	24	True	True	0	NA	NA	0.023304000000000005	repulsive-gap[alpha=16]	covariance_anisotropy_low	0	0	24	20260717	confirmation-1	4	1.0	21.172738678893822
24	47	24	True	True	0	NA	NA	0.031285	repulsive-gap[alpha=1]	covariance_anisotropy_low	23	0	24	20260717	confirmation-1	4	1.0	21.172738678893822
24	26	24	True	True	0	NA	NA	0.025521	repulsive-gap[alpha=4]	covariance_anisotropy_low	2	0	24	20260717	confirmation-1	4	1.0	21.172738678893822
24	24	24	False	True	0	1	1	0.018276	repulsive-gap[regular]	covariance_anisotropy_low	0	0	24	20260717	confirmation-1	4	1.0	21.172738678893822
24	24	24	True	True	0	NA	NA	0.022708999999999997	zonogon[lengths=uniform(0.5,1.5)]	covariance_anisotropy_low	0	0	24	20260717	confirmation-1	4	1.0	21.172738678893822
24	70	24	True	True	0	NA	NA	0.04968	current-baseline[delta=0.2]	covariance_anisotropy_low	46	0	24	20260718	confirmation-2	4	1.0	21.172738678893822
24	229	24	True	True	0	NA	NA	0.24709700000000004	primal-hull-uniform-disk[points=n+4,origin=interior]	covariance_anisotropy_low	205	0	24	20260718	confirmation-2	4	1.0	21.172738678893822
24	24	24	True	True	0	NA	NA	0.027592	regular-mutation[steps=4,scale=0.03]	covariance_anisotropy_low	0	0	24	20260718	confirmation-2	4	1.0	21.172738678893822
24	24	24	True	True	0	NA	NA	0.015021000000000001	repulsive-gap[alpha=16]	covariance_anisotropy_low	0	0	24	20260718	confirmation-2	4	1.0	21.172738678893822
24	42	24	True	True	0	NA	NA	0.023816000000000004	repulsive-gap[alpha=1]	covariance_anisotropy_low	18	0	24	20260718	confirmation-2	4	0.9999988675484761	21.172738678893822
24	24	24	True	True	0	NA	NA	0.023535999999999998	repulsive-gap[alpha=4]	covariance_anisotropy_low	0	0	24	20260718	confirmation-2	4	1.0	21.172738678893822
24	24	24	False	True	0	1	1	0.011560000000000003	repulsive-gap[regular]	covariance_anisotropy_low	0	0	24	20260718	confirmation-2	4	1.0	21.172738678893822
24	24	24	True	True	0	NA	NA	0.03294000000000001	zonogon[lengths=uniform(0.5,1.5)]	covariance_anisotropy_low	0	0	24	20260718	confirmation-2	4	1.0	21.172738678893822
24	53	24	False	True	0	2	8	0.030344999999999997	current-baseline[delta=0.2]	covariance_anisotropy_high	29	0	24	20260717	confirmation-1	4	1.0	21.172738678893822
24	198	24	True	True	0	NA	NA	0.23972799999999997	primal-hull-uniform-disk[points=n+4,origin=interior]	covariance_anisotropy_high	174	0	24	20260717	confirmation-1	4	1.0	21.172738678893822
24	24	24	True	True	0	NA	NA	0.044181000000000005	regular-mutation[steps=4,scale=0.03]	covariance_anisotropy_high	0	0	24	20260717	confirmation-1	4	1.0	21.172738678893822
24	24	24	True	True	0	NA	NA	0.023304000000000005	repulsive-gap[alpha=16]	covariance_anisotropy_high	0	0	24	20260717	confirmation-1	4	1.0	21.172738678893822
24	47	24	False	True	0	9	20	0.031285	repulsive-gap[alpha=1]	covariance_anisotropy_high	23	0	24	20260717	confirmation-1	4	1.0	21.172738678893822
24	26	24	False	True	0	2	2	0.025521	repulsive-gap[alpha=4]	covariance_anisotropy_high	2	0	24	20260717	confirmation-1	4	1.0	21.172738678893822
24	24	24	True	True	0	NA	NA	0.018276	repulsive-gap[regular]	covariance_anisotropy_high	0	0	24	20260717	confirmation-1	4	1.0	21.172738678893822
24	24	24	False	True	0	4	4	0.022708999999999997	zonogon[lengths=uniform(0.5,1.5)]	covariance_anisotropy_high	0	0	24	20260717	confirmation-1	4	1.0	21.172738678893822
24	70	24	False	True	0	8	28	0.04968	current-baseline[delta=0.2]	covariance_anisotropy_high	46	0	24	20260718	confirmation-2	4	1.0	21.172738678893822
24	229	24	True	True	0	NA	NA	0.24709700000000004	primal-hull-uniform-disk[points=n+4,origin=interior]	covariance_anisotropy_high	205	0	24	20260718	confirmation-2	4	1.0	21.172738678893822
24	24	24	True	True	0	NA	NA	0.027592	regular-mutation[steps=4,scale=0.03]	covariance_anisotropy_high	0	0	24	20260718	confirmation-2	4	1.0	21.172738678893822
24	24	24	True	True	0	NA	NA	0.015021000000000001	repulsive-gap[alpha=16]	covariance_anisotropy_high	0	0	24	20260718	confirmation-2	4	1.0	21.172738678893822
24	42	24	False	True	0	7	10	0.023816000000000004	repulsive-gap[alpha=1]	covariance_anisotropy_high	18	0	24	20260718	confirmation-2	4	0.9999988675484761	21.172738678893822
24	24	24	False	True	0	2	2	0.023535999999999998	repulsive-gap[alpha=4]	covariance_anisotropy_high	0	0	24	20260718	confirmation-2	4	1.0	21.172738678893822
24	24	24	True	True	0	NA	NA	0.011560000000000003	repulsive-gap[regular]	covariance_anisotropy_high	0	0	24	20260718	confirmation-2	4	1.0	21.172738678893822
24	24	24	False	True	0	3	3	0.03294000000000001	zonogon[lengths=uniform(0.5,1.5)]	covariance_anisotropy_high	0	0	24	20260718	confirmation-2	4	1.0	21.172738678893822
24	53	24	True	True	0	NA	NA	0.030344999999999997	current-baseline[delta=0.2]	isoperimetric_ratio_low	29	0	24	20260717	confirmation-1	4	1.0	21.172738678893822
24	198	24	True	True	0	NA	NA	0.23972799999999997	primal-hull-uniform-disk[points=n+4,origin=interior]	isoperimetric_ratio_low	174	0	24	20260717	confirmation-1	4	1.0	21.172738678893822
24	24	24	True	True	0	NA	NA	0.044181000000000005	regular-mutation[steps=4,scale=0.03]	isoperimetric_ratio_low	0	0	24	20260717	confirmation-1	4	1.0	21.172738678893822
24	24	24	True	True	0	NA	NA	0.023304000000000005	repulsive-gap[alpha=16]	isoperimetric_ratio_low	0	0	24	20260717	confirmation-1	4	1.0	21.172738678893822
24	47	24	True	True	0	NA	NA	0.031285	repulsive-gap[alpha=1]	isoperimetric_ratio_low	23	0	24	20260717	confirmation-1	4	1.0	21.172738678893822
24	26	24	True	True	0	NA	NA	0.025521	repulsive-gap[alpha=4]	isoperimetric_ratio_low	2	0	24	20260717	confirmation-1	4	1.0	21.172738678893822
24	24	24	False	True	0	1	1	0.018276	repulsive-gap[regular]	isoperimetric_ratio_low	0	0	24	20260717	confirmation-1	4	1.0	21.172738678893822
24	24	24	True	True	0	NA	NA	0.022708999999999997	zonogon[lengths=uniform(0.5,1.5)]	isoperimetric_ratio_low	0	0	24	20260717	confirmation-1	4	1.0	21.172738678893822
24	70	24	True	True	0	NA	NA	0.04968	current-baseline[delta=0.2]	isoperimetric_ratio_low	46	0	24	20260718	confirmation-2	4	1.0	21.172738678893822
24	229	24	True	True	0	NA	NA	0.24709700000000004	primal-hull-uniform-disk[points=n+4,origin=interior]	isoperimetric_ratio_low	205	0	24	20260718	confirmation-2	4	1.0	21.172738678893822
24	24	24	True	True	0	NA	NA	0.027592	regular-mutation[steps=4,scale=0.03]	isoperimetric_ratio_low	0	0	24	20260718	confirmation-2	4	1.0	21.172738678893822
24	24	24	True	True	0	NA	NA	0.015021000000000001	repulsive-gap[alpha=16]	isoperimetric_ratio_low	0	0	24	20260718	confirmation-2	4	1.0	21.172738678893822
24	42	24	True	True	0	NA	NA	0.023816000000000004	repulsive-gap[alpha=1]	isoperimetric_ratio_low	18	0	24	20260718	confirmation-2	4	0.9985103738755688	21.172738678893822
24	24	24	True	True	0	NA	NA	0.023535999999999998	repulsive-gap[alpha=4]	isoperimetric_ratio_low	0	0	24	20260718	confirmation-2	4	1.0	21.172738678893822
24	24	24	False	True	0	1	1	0.011560000000000003	repulsive-gap[regular]	isoperimetric_ratio_low	0	0	24	20260718	confirmation-2	4	1.0	21.172738678893822
24	24	24	True	True	0	NA	NA	0.03294000000000001	zonogon[lengths=uniform(0.5,1.5)]	isoperimetric_ratio_low	0	0	24	20260718	confirmation-2	4	1.0	21.172738678893822
24	53	24	False	True	0	2	8	0.030344999999999997	current-baseline[delta=0.2]	isoperimetric_ratio_high	29	0	24	20260717	confirmation-1	4	1.0	21.172738678893822
24	198	24	True	True	0	NA	NA	0.23972799999999997	primal-hull-uniform-disk[points=n+4,origin=interior]	isoperimetric_ratio_high	174	0	24	20260717	confirmation-1	4	1.0	21.172738678893822
24	24	24	True	True	0	NA	NA	0.044181000000000005	regular-mutation[steps=4,scale=0.03]	isoperimetric_ratio_high	0	0	24	20260717	confirmation-1	4	1.0	21.172738678893822
24	24	24	True	True	0	NA	NA	0.023304000000000005	repulsive-gap[alpha=16]	isoperimetric_ratio_high	0	0	24	20260717	confirmation-1	4	1.0	21.172738678893822
24	47	24	False	True	0	9	20	0.031285	repulsive-gap[alpha=1]	isoperimetric_ratio_high	23	0	24	20260717	confirmation-1	4	1.0	21.172738678893822
24	26	24	False	True	0	2	2	0.025521	repulsive-gap[alpha=4]	isoperimetric_ratio_high	2	0	24	20260717	confirmation-1	4	1.0	21.172738678893822
24	24	24	True	True	0	NA	NA	0.018276	repulsive-gap[regular]	isoperimetric_ratio_high	0	0	24	20260717	confirmation-1	4	1.0	21.172738678893822
24	24	24	False	True	0	4	4	0.022708999999999997	zonogon[lengths=uniform(0.5,1.5)]	isoperimetric_ratio_high	0	0	24	20260717	confirmation-1	4	1.0	21.172738678893822
24	70	24	False	True	0	3	11	0.04968	current-baseline[delta=0.2]	isoperimetric_ratio_high	46	0	24	20260718	confirmation-2	4	1.0	21.172738678893822
24	229	24	True	True	0	NA	NA	0.24709700000000004	primal-hull-uniform-disk[points=n+4,origin=interior]	isoperimetric_ratio_high	205	0	24	20260718	confirmation-2	4	1.0	21.172738678893822
24	24	24	True	True	0	NA	NA	0.027592	regular-mutation[steps=4,scale=0.03]	isoperimetric_ratio_high	0	0	24	20260718	confirmation-2	4	1.0	21.172738678893822
24	24	24	True	True	0	NA	NA	0.015021000000000001	repulsive-gap[alpha=16]	isoperimetric_ratio_high	0	0	24	20260718	confirmation-2	4	1.0	21.172738678893822
24	42	24	False	True	0	7	10	0.023816000000000004	repulsive-gap[alpha=1]	isoperimetric_ratio_high	18	0	24	20260718	confirmation-2	4	0.9985103738755688	21.172738678893822
24	24	24	False	True	0	2	2	0.023535999999999998	repulsive-gap[alpha=4]	isoperimetric_ratio_high	0	0	24	20260718	confirmation-2	4	1.0	21.172738678893822
24	24	24	True	True	0	NA	NA	0.011560000000000003	repulsive-gap[regular]	isoperimetric_ratio_high	0	0	24	20260718	confirmation-2	4	1.0	21.172738678893822
24	24	24	False	True	0	3	3	0.03294000000000001	zonogon[lengths=uniform(0.5,1.5)]	isoperimetric_ratio_high	0	0	24	20260718	confirmation-2	4	1.0	21.172738678893822
24	53	24	True	True	0	NA	NA	0.030344999999999997	current-baseline[delta=0.2]	support_roughness_low	29	0	24	20260717	confirmation-1	4	1.0	21.172738678893822
24	198	24	True	True	0	NA	NA	0.23972799999999997	primal-hull-uniform-disk[points=n+4,origin=interior]	support_roughness_low	174	0	24	20260717	confirmation-1	4	1.0	21.172738678893822
24	24	24	False	True	0	6	6	0.044181000000000005	regular-mutation[steps=4,scale=0.03]	support_roughness_low	0	0	24	20260717	confirmation-1	4	1.0	21.172738678893822
24	24	24	False	True	0	4	4	0.023304000000000005	repulsive-gap[alpha=16]	support_roughness_low	0	0	24	20260717	confirmation-1	4	1.0	21.172738678893822
24	47	24	False	True	0	6	13	0.031285	repulsive-gap[alpha=1]	support_roughness_low	23	0	24	20260717	confirmation-1	4	1.0	21.172738678893822
24	26	24	False	True	0	5	5	0.025521	repulsive-gap[alpha=4]	support_roughness_low	2	0	24	20260717	confirmation-1	4	0.9722448245972607	21.172738678893822
24	24	24	False	True	0	1	1	0.018276	repulsive-gap[regular]	support_roughness_low	0	0	24	20260717	confirmation-1	4	1.0	21.172738678893822
24	24	24	False	True	0	2	2	0.022708999999999997	zonogon[lengths=uniform(0.5,1.5)]	support_roughness_low	0	0	24	20260717	confirmation-1	4	1.0	21.172738678893822
24	70	24	True	True	0	NA	NA	0.04968	current-baseline[delta=0.2]	support_roughness_low	46	0	24	20260718	confirmation-2	4	1.0	21.172738678893822
24	229	24	True	True	0	NA	NA	0.24709700000000004	primal-hull-uniform-disk[points=n+4,origin=interior]	support_roughness_low	205	0	24	20260718	confirmation-2	4	1.0	21.172738678893822
24	24	24	False	True	0	3	3	0.027592	regular-mutation[steps=4,scale=0.03]	support_roughness_low	0	0	24	20260718	confirmation-2	4	1.0	21.172738678893822
24	24	24	False	True	0	6	6	0.015021000000000001	repulsive-gap[alpha=16]	support_roughness_low	0	0	24	20260718	confirmation-2	4	1.0	21.172738678893822
24	42	24	True	True	0	NA	NA	0.023816000000000004	repulsive-gap[alpha=1]	support_roughness_low	18	0	24	20260718	confirmation-2	4	0.8596810212744892	21.172738678893822
24	24	24	False	True	0	21	21	0.023535999999999998	repulsive-gap[alpha=4]	support_roughness_low	0	0	24	20260718	confirmation-2	4	1.0	21.172738678893822
24	24	24	False	True	0	4	4	0.011560000000000003	repulsive-gap[regular]	support_roughness_low	0	0	24	20260718	confirmation-2	4	0.9992552039421262	21.172738678893822
24	24	24	False	True	0	17	17	0.03294000000000001	zonogon[lengths=uniform(0.5,1.5)]	support_roughness_low	0	0	24	20260718	confirmation-2	4	1.0	21.172738678893822
24	53	24	False	True	0	1	4	0.030344999999999997	current-baseline[delta=0.2]	support_roughness_high	29	0	24	20260717	confirmation-1	4	1.0	21.172738678893822
24	198	24	True	True	0	NA	NA	0.23972799999999997	primal-hull-uniform-disk[points=n+4,origin=interior]	support_roughness_high	174	0	24	20260717	confirmation-1	4	1.0	21.172738678893822
24	24	24	True	True	0	NA	NA	0.044181000000000005	regular-mutation[steps=4,scale=0.03]	support_roughness_high	0	0	24	20260717	confirmation-1	4	1.0	21.172738678893822
24	24	24	True	True	0	NA	NA	0.023304000000000005	repulsive-gap[alpha=16]	support_roughness_high	0	0	24	20260717	confirmation-1	4	1.0	21.172738678893822
24	47	24	False	True	0	9	20	0.031285	repulsive-gap[alpha=1]	support_roughness_high	23	0	24	20260717	confirmation-1	4	1.0	21.172738678893822
24	26	24	False	True	0	3	3	0.025521	repulsive-gap[alpha=4]	support_roughness_high	2	0	24	20260717	confirmation-1	4	0.9722448245972607	21.172738678893822
24	24	24	True	True	0	NA	NA	0.018276	repulsive-gap[regular]	support_roughness_high	0	0	24	20260717	confirmation-1	4	1.0	21.172738678893822
24	24	24	False	True	0	7	7	0.022708999999999997	zonogon[lengths=uniform(0.5,1.5)]	support_roughness_high	0	0	24	20260717	confirmation-1	4	1.0	21.172738678893822
24	70	24	False	True	0	9	33	0.04968	current-baseline[delta=0.2]	support_roughness_high	46	0	24	20260718	confirmation-2	4	1.0	21.172738678893822
24	229	24	True	True	0	NA	NA	0.24709700000000004	primal-hull-uniform-disk[points=n+4,origin=interior]	support_roughness_high	205	0	24	20260718	confirmation-2	4	1.0	21.172738678893822
24	24	24	True	True	0	NA	NA	0.027592	regular-mutation[steps=4,scale=0.03]	support_roughness_high	0	0	24	20260718	confirmation-2	4	1.0	21.172738678893822
24	24	24	True	True	0	NA	NA	0.015021000000000001	repulsive-gap[alpha=16]	support_roughness_high	0	0	24	20260718	confirmation-2	4	1.0	21.172738678893822
24	42	24	False	True	0	7	10	0.023816000000000004	repulsive-gap[alpha=1]	support_roughness_high	18	0	24	20260718	confirmation-2	4	0.8596810212744892	21.172738678893822
24	24	24	False	True	0	2	2	0.023535999999999998	repulsive-gap[alpha=4]	support_roughness_high	0	0	24	20260718	confirmation-2	4	1.0	21.172738678893822
24	24	24	True	True	0	NA	NA	0.011560000000000003	repulsive-gap[regular]	support_roughness_high	0	0	24	20260718	confirmation-2	4	0.9992552039421262	21.172738678893822
24	24	24	False	True	0	9	9	0.03294000000000001	zonogon[lengths=uniform(0.5,1.5)]	support_roughness_high	0	0	24	20260718	confirmation-2	4	1.0	21.172738678893822
24	53	24	True	True	0	NA	NA	0.030344999999999997	current-baseline[delta=0.2]	central_symmetry_residual_low	29	0	24	20260717	confirmation-1	4	1.0	21.172738678893822
24	198	24	True	True	0	NA	NA	0.23972799999999997	primal-hull-uniform-disk[points=n+4,origin=interior]	central_symmetry_residual_low	174	0	24	20260717	confirmation-1	4	1.0	21.172738678893822
24	24	24	True	True	0	NA	NA	0.044181000000000005	regular-mutation[steps=4,scale=0.03]	central_symmetry_residual_low	0	0	24	20260717	confirmation-1	4	1.0	21.172738678893822
24	24	24	True	True	0	NA	NA	0.023304000000000005	repulsive-gap[alpha=16]	central_symmetry_residual_low	0	0	24	20260717	confirmation-1	4	1.0	21.172738678893822
24	47	24	True	True	0	NA	NA	0.031285	repulsive-gap[alpha=1]	central_symmetry_residual_low	23	0	24	20260717	confirmation-1	4	1.0	21.172738678893822
24	26	24	True	True	0	NA	NA	0.025521	repulsive-gap[alpha=4]	central_symmetry_residual_low	2	0	24	20260717	confirmation-1	4	1.0	21.172738678893822
24	24	24	False	True	0	1	1	0.018276	repulsive-gap[regular]	central_symmetry_residual_low	0	0	24	20260717	confirmation-1	4	1.0	21.172738678893822
24	24	24	False	True	0	1	1	0.022708999999999997	zonogon[lengths=uniform(0.5,1.5)]	central_symmetry_residual_low	0	0	24	20260717	confirmation-1	4	1.0	21.172738678893822
24	70	24	True	True	0	NA	NA	0.04968	current-baseline[delta=0.2]	central_symmetry_residual_low	46	0	24	20260718	confirmation-2	4	1.0	21.172738678893822
24	229	24	True	True	0	NA	NA	0.24709700000000004	primal-hull-uniform-disk[points=n+4,origin=interior]	central_symmetry_residual_low	205	0	24	20260718	confirmation-2	4	1.0	21.172738678893822
24	24	24	True	True	0	NA	NA	0.027592	regular-mutation[steps=4,scale=0.03]	central_symmetry_residual_low	0	0	24	20260718	confirmation-2	4	1.0	21.172738678893822
24	24	24	True	True	0	NA	NA	0.015021000000000001	repulsive-gap[alpha=16]	central_symmetry_residual_low	0	0	24	20260718	confirmation-2	4	1.0	21.172738678893822
24	42	24	True	True	0	NA	NA	0.023816000000000004	repulsive-gap[alpha=1]	central_symmetry_residual_low	18	0	24	20260718	confirmation-2	4	0.9895297541353566	21.172738678893822
24	24	24	True	True	0	NA	NA	0.023535999999999998	repulsive-gap[alpha=4]	central_symmetry_residual_low	0	0	24	20260718	confirmation-2	4	1.0	21.172738678893822
24	24	24	False	True	0	3	3	0.011560000000000003	repulsive-gap[regular]	central_symmetry_residual_low	0	0	24	20260718	confirmation-2	4	1.0	21.172738678893822
24	24	24	False	True	0	1	1	0.03294000000000001	zonogon[lengths=uniform(0.5,1.5)]	central_symmetry_residual_low	0	0	24	20260718	confirmation-2	4	1.0	21.172738678893822
24	53	24	False	True	0	1	4	0.030344999999999997	current-baseline[delta=0.2]	central_symmetry_residual_high	29	0	24	20260717	confirmation-1	4	1.0	21.172738678893822
24	198	24	True	True	0	NA	NA	0.23972799999999997	primal-hull-uniform-disk[points=n+4,origin=interior]	central_symmetry_residual_high	174	0	24	20260717	confirmation-1	4	1.0	21.172738678893822
24	24	24	True	True	0	NA	NA	0.044181000000000005	regular-mutation[steps=4,scale=0.03]	central_symmetry_residual_high	0	0	24	20260717	confirmation-1	4	1.0	21.172738678893822
24	24	24	True	True	0	NA	NA	0.023304000000000005	repulsive-gap[alpha=16]	central_symmetry_residual_high	0	0	24	20260717	confirmation-1	4	1.0	21.172738678893822
24	47	24	False	True	0	9	20	0.031285	repulsive-gap[alpha=1]	central_symmetry_residual_high	23	0	24	20260717	confirmation-1	4	1.0	21.172738678893822
24	26	24	False	True	0	2	2	0.025521	repulsive-gap[alpha=4]	central_symmetry_residual_high	2	0	24	20260717	confirmation-1	4	1.0	21.172738678893822
24	24	24	True	True	0	NA	NA	0.018276	repulsive-gap[regular]	central_symmetry_residual_high	0	0	24	20260717	confirmation-1	4	1.0	21.172738678893822
24	24	24	True	True	0	NA	NA	0.022708999999999997	zonogon[lengths=uniform(0.5,1.5)]	central_symmetry_residual_high	0	0	24	20260717	confirmation-1	4	1.0	21.172738678893822
24	70	24	False	True	0	2	8	0.04968	current-baseline[delta=0.2]	central_symmetry_residual_high	46	0	24	20260718	confirmation-2	4	1.0	21.172738678893822
24	229	24	True	True	0	NA	NA	0.24709700000000004	primal-hull-uniform-disk[points=n+4,origin=interior]	central_symmetry_residual_high	205	0	24	20260718	confirmation-2	4	1.0	21.172738678893822
24	24	24	True	True	0	NA	NA	0.027592	regular-mutation[steps=4,scale=0.03]	central_symmetry_residual_high	0	0	24	20260718	confirmation-2	4	1.0	21.172738678893822
24	24	24	True	True	0	NA	NA	0.015021000000000001	repulsive-gap[alpha=16]	central_symmetry_residual_high	0	0	24	20260718	confirmation-2	4	1.0	21.172738678893822
24	42	24	False	True	0	7	10	0.023816000000000004	repulsive-gap[alpha=1]	central_symmetry_residual_high	18	0	24	20260718	confirmation-2	4	0.9895297541353566	21.172738678893822
24	24	24	False	True	0	2	2	0.023535999999999998	repulsive-gap[alpha=4]	central_symmetry_residual_high	0	0	24	20260718	confirmation-2	4	1.0	21.172738678893822
24	24	24	True	True	0	NA	NA	0.011560000000000003	repulsive-gap[regular]	central_symmetry_residual_high	0	0	24	20260718	confirmation-2	4	1.0	21.172738678893822
24	24	24	True	True	0	NA	NA	0.03294000000000001	zonogon[lengths=uniform(0.5,1.5)]	central_symmetry_residual_high	0	0	24	20260718	confirmation-2	4	1.0	21.172738678893822
24	53	24	False	True	0	3	10	0.030344999999999997	current-baseline[delta=0.2]	support_novelty_high	29	0	24	20260717	confirmation-1	4	1.0	21.172738678893822
24	198	24	False	True	0	3	31	0.23972799999999997	primal-hull-uniform-disk[points=n+4,origin=interior]	support_novelty_high	174	0	24	20260717	confirmation-1	4	1.0	21.172738678893822
24	24	24	True	True	0	NA	NA	0.044181000000000005	regular-mutation[steps=4,scale=0.03]	support_novelty_high	0	0	24	20260717	confirmation-1	4	1.0	21.172738678893822
24	24	24	True	True	0	NA	NA	0.023304000000000005	repulsive-gap[alpha=16]	support_novelty_high	0	0	24	20260717	confirmation-1	4	1.0	21.172738678893822
24	47	24	False	True	0	4	8	0.031285	repulsive-gap[alpha=1]	support_novelty_high	23	0	24	20260717	confirmation-1	4	1.0	21.172738678893822
24	26	24	False	True	0	23	25	0.025521	repulsive-gap[alpha=4]	support_novelty_high	2	0	24	20260717	confirmation-1	4	1.0	21.172738678893822
24	24	24	True	True	0	NA	NA	0.018276	repulsive-gap[regular]	support_novelty_high	0	0	24	20260717	confirmation-1	4	1.0	21.172738678893822
24	24	24	False	True	0	10	10	0.022708999999999997	zonogon[lengths=uniform(0.5,1.5)]	support_novelty_high	0	0	24	20260717	confirmation-1	4	1.0	21.172738678893822
24	70	24	False	True	0	4	13	0.04968	current-baseline[delta=0.2]	support_novelty_high	46	0	24	20260718	confirmation-2	4	1.0	21.172738678893822
24	229	24	False	True	0	1	3	0.24709700000000004	primal-hull-uniform-disk[points=n+4,origin=interior]	support_novelty_high	205	0	24	20260718	confirmation-2	4	1.0	21.172738678893822
24	24	24	True	True	0	NA	NA	0.027592	regular-mutation[steps=4,scale=0.03]	support_novelty_high	0	0	24	20260718	confirmation-2	4	1.0	21.172738678893822
24	24	24	True	True	0	NA	NA	0.015021000000000001	repulsive-gap[alpha=16]	support_novelty_high	0	0	24	20260718	confirmation-2	4	1.0	21.172738678893822
24	42	24	False	True	0	5	7	0.023816000000000004	repulsive-gap[alpha=1]	support_novelty_high	18	0	24	20260718	confirmation-2	4	1.0	21.172738678893822
24	24	24	False	True	0	14	14	0.023535999999999998	repulsive-gap[alpha=4]	support_novelty_high	0	0	24	20260718	confirmation-2	4	1.0	21.172738678893822
24	24	24	True	True	0	NA	NA	0.011560000000000003	repulsive-gap[regular]	support_novelty_high	0	0	24	20260718	confirmation-2	4	1.0	21.172738678893822
24	24	24	True	True	0	NA	NA	0.03294000000000001	zonogon[lengths=uniform(0.5,1.5)]	support_novelty_high	0	0	24	20260718	confirmation-2	4	1.0	21.172738678893822
24	78	24	True	True	0	NA	NA	0.05459399999999999	current-baseline[delta=0.2]	covariance_anisotropy_low	54	0	24	20260717	confirmation-1	6	1.0	21.172738678893822
24	59	24	True	True	0	NA	NA	0.0949	primal-hull-uniform-disk[points=n+4,origin=interior]	covariance_anisotropy_low	35	0	24	20260717	confirmation-1	6	1.0	21.172738678893822
24	24	24	True	True	0	NA	NA	0.05625799999999999	regular-mutation[steps=4,scale=0.03]	covariance_anisotropy_low	0	0	24	20260717	confirmation-1	6	1.0	21.172738678893822
24	24	24	True	True	0	NA	NA	0.028745000000000003	repulsive-gap[alpha=16]	covariance_anisotropy_low	0	0	24	20260717	confirmation-1	6	1.0	21.172738678893822
24	32	24	True	True	0	NA	NA	0.03272	repulsive-gap[alpha=1]	covariance_anisotropy_low	8	0	24	20260717	confirmation-1	6	1.0	21.172738678893822
24	24	24	True	True	0	NA	NA	0.032868	repulsive-gap[alpha=4]	covariance_anisotropy_low	0	0	24	20260717	confirmation-1	6	1.0	21.172738678893822
24	24	24	False	True	0	1	1	0.024727000000000002	repulsive-gap[regular]	covariance_anisotropy_low	0	0	24	20260717	confirmation-1	6	1.0	21.172738678893822
24	24	24	True	True	0	NA	NA	0.012202999999999997	zonogon[lengths=uniform(0.5,1.5)]	covariance_anisotropy_low	0	0	24	20260717	confirmation-1	6	1.0	21.172738678893822
24	61	24	True	True	0	NA	NA	0.055215	current-baseline[delta=0.2]	covariance_anisotropy_low	37	0	24	20260718	confirmation-2	6	1.0	21.172738678893822
24	66	24	True	True	0	NA	NA	0.08855200000000002	primal-hull-uniform-disk[points=n+4,origin=interior]	covariance_anisotropy_low	42	0	24	20260718	confirmation-2	6	1.0	21.172738678893822
24	24	24	True	True	0	NA	NA	0.035743	regular-mutation[steps=4,scale=0.03]	covariance_anisotropy_low	0	0	24	20260718	confirmation-2	6	1.0	21.172738678893822
24	24	24	True	True	0	NA	NA	0.022885000000000003	repulsive-gap[alpha=16]	covariance_anisotropy_low	0	0	24	20260718	confirmation-2	6	1.0	21.172738678893822
24	28	24	True	True	0	NA	NA	0.024615	repulsive-gap[alpha=1]	covariance_anisotropy_low	4	0	24	20260718	confirmation-2	6	1.0	21.172738678893822
24	25	24	True	True	0	NA	NA	0.037802	repulsive-gap[alpha=4]	covariance_anisotropy_low	1	0	24	20260718	confirmation-2	6	1.0	21.172738678893822
24	24	24	False	True	0	1	1	0.018246000000000002	repulsive-gap[regular]	covariance_anisotropy_low	0	0	24	20260718	confirmation-2	6	1.0	21.172738678893822
24	24	24	True	True	0	NA	NA	0.017783	zonogon[lengths=uniform(0.5,1.5)]	covariance_anisotropy_low	0	0	24	20260718	confirmation-2	6	1.0	21.172738678893822
24	78	24	False	True	0	5	21	0.05459399999999999	current-baseline[delta=0.2]	covariance_anisotropy_high	54	0	24	20260717	confirmation-1	6	1.0	21.172738678893822
24	59	24	False	True	0	11	22	0.0949	primal-hull-uniform-disk[points=n+4,origin=interior]	covariance_anisotropy_high	35	0	24	20260717	confirmation-1	6	1.0	21.172738678893822
24	24	24	True	True	0	NA	NA	0.05625799999999999	regular-mutation[steps=4,scale=0.03]	covariance_anisotropy_high	0	0	24	20260717	confirmation-1	6	1.0	21.172738678893822
24	24	24	True	True	0	NA	NA	0.028745000000000003	repulsive-gap[alpha=16]	covariance_anisotropy_high	0	0	24	20260717	confirmation-1	6	1.0	21.172738678893822
24	32	24	False	True	0	1	3	0.03272	repulsive-gap[alpha=1]	covariance_anisotropy_high	8	0	24	20260717	confirmation-1	6	1.0	21.172738678893822
24	24	24	False	True	0	22	22	0.032868	repulsive-gap[alpha=4]	covariance_anisotropy_high	0	0	24	20260717	confirmation-1	6	1.0	21.172738678893822
24	24	24	True	True	0	NA	NA	0.024727000000000002	repulsive-gap[regular]	covariance_anisotropy_high	0	0	24	20260717	confirmation-1	6	1.0	21.172738678893822
24	24	24	False	True	0	2	2	0.012202999999999997	zonogon[lengths=uniform(0.5,1.5)]	covariance_anisotropy_high	0	0	24	20260717	confirmation-1	6	1.0	21.172738678893822
24	61	24	False	True	0	1	5	0.055215	current-baseline[delta=0.2]	covariance_anisotropy_high	37	0	24	20260718	confirmation-2	6	1.0	21.172738678893822
24	66	24	True	True	0	NA	NA	0.08855200000000002	primal-hull-uniform-disk[points=n+4,origin=interior]	covariance_anisotropy_high	42	0	24	20260718	confirmation-2	6	1.0	21.172738678893822
24	24	24	True	True	0	NA	NA	0.035743	regular-mutation[steps=4,scale=0.03]	covariance_anisotropy_high	0	0	24	20260718	confirmation-2	6	1.0	21.172738678893822
24	24	24	True	True	0	NA	NA	0.022885000000000003	repulsive-gap[alpha=16]	covariance_anisotropy_high	0	0	24	20260718	confirmation-2	6	1.0	21.172738678893822
24	28	24	False	True	0	2	2	0.024615	repulsive-gap[alpha=1]	covariance_anisotropy_high	4	0	24	20260718	confirmation-2	6	1.0	21.172738678893822
24	25	24	True	True	0	NA	NA	0.037802	repulsive-gap[alpha=4]	covariance_anisotropy_high	1	0	24	20260718	confirmation-2	6	1.0	21.172738678893822
24	24	24	True	True	0	NA	NA	0.018246000000000002	repulsive-gap[regular]	covariance_anisotropy_high	0	0	24	20260718	confirmation-2	6	1.0	21.172738678893822
24	24	24	False	True	0	8	8	0.017783	zonogon[lengths=uniform(0.5,1.5)]	covariance_anisotropy_high	0	0	24	20260718	confirmation-2	6	1.0	21.172738678893822
24	78	24	True	True	0	NA	NA	0.05459399999999999	current-baseline[delta=0.2]	isoperimetric_ratio_low	54	0	24	20260717	confirmation-1	6	1.0	21.172738678893822
24	59	24	True	True	0	NA	NA	0.0949	primal-hull-uniform-disk[points=n+4,origin=interior]	isoperimetric_ratio_low	35	0	24	20260717	confirmation-1	6	1.0	21.172738678893822
24	24	24	True	True	0	NA	NA	0.05625799999999999	regular-mutation[steps=4,scale=0.03]	isoperimetric_ratio_low	0	0	24	20260717	confirmation-1	6	1.0	21.172738678893822
24	24	24	True	True	0	NA	NA	0.028745000000000003	repulsive-gap[alpha=16]	isoperimetric_ratio_low	0	0	24	20260717	confirmation-1	6	1.0	21.172738678893822
24	32	24	True	True	0	NA	NA	0.03272	repulsive-gap[alpha=1]	isoperimetric_ratio_low	8	0	24	20260717	confirmation-1	6	1.0	21.172738678893822
24	24	24	True	True	0	NA	NA	0.032868	repulsive-gap[alpha=4]	isoperimetric_ratio_low	0	0	24	20260717	confirmation-1	6	1.0	21.172738678893822
24	24	24	False	True	0	1	1	0.024727000000000002	repulsive-gap[regular]	isoperimetric_ratio_low	0	0	24	20260717	confirmation-1	6	1.0	21.172738678893822
24	24	24	True	True	0	NA	NA	0.012202999999999997	zonogon[lengths=uniform(0.5,1.5)]	isoperimetric_ratio_low	0	0	24	20260717	confirmation-1	6	1.0	21.172738678893822
24	61	24	True	True	0	NA	NA	0.055215	current-baseline[delta=0.2]	isoperimetric_ratio_low	37	0	24	20260718	confirmation-2	6	1.0	21.172738678893822
24	66	24	True	True	0	NA	NA	0.08855200000000002	primal-hull-uniform-disk[points=n+4,origin=interior]	isoperimetric_ratio_low	42	0	24	20260718	confirmation-2	6	1.0	21.172738678893822
24	24	24	True	True	0	NA	NA	0.035743	regular-mutation[steps=4,scale=0.03]	isoperimetric_ratio_low	0	0	24	20260718	confirmation-2	6	1.0	21.172738678893822
24	24	24	True	True	0	NA	NA	0.022885000000000003	repulsive-gap[alpha=16]	isoperimetric_ratio_low	0	0	24	20260718	confirmation-2	6	1.0	21.172738678893822
24	28	24	True	True	0	NA	NA	0.024615	repulsive-gap[alpha=1]	isoperimetric_ratio_low	4	0	24	20260718	confirmation-2	6	1.0	21.172738678893822
24	25	24	True	True	0	NA	NA	0.037802	repulsive-gap[alpha=4]	isoperimetric_ratio_low	1	0	24	20260718	confirmation-2	6	1.0	21.172738678893822
24	24	24	False	True	0	1	1	0.018246000000000002	repulsive-gap[regular]	isoperimetric_ratio_low	0	0	24	20260718	confirmation-2	6	1.0	21.172738678893822
24	24	24	True	True	0	NA	NA	0.017783	zonogon[lengths=uniform(0.5,1.5)]	isoperimetric_ratio_low	0	0	24	20260718	confirmation-2	6	1.0	21.172738678893822
24	78	24	False	True	0	2	15	0.05459399999999999	current-baseline[delta=0.2]	isoperimetric_ratio_high	54	0	24	20260717	confirmation-1	6	1.0	21.172738678893822
24	59	24	True	True	0	NA	NA	0.0949	primal-hull-uniform-disk[points=n+4,origin=interior]	isoperimetric_ratio_high	35	0	24	20260717	confirmation-1	6	1.0	21.172738678893822
24	24	24	True	True	0	NA	NA	0.05625799999999999	regular-mutation[steps=4,scale=0.03]	isoperimetric_ratio_high	0	0	24	20260717	confirmation-1	6	1.0	21.172738678893822
24	24	24	True	True	0	NA	NA	0.028745000000000003	repulsive-gap[alpha=16]	isoperimetric_ratio_high	0	0	24	20260717	confirmation-1	6	1.0	21.172738678893822
24	32	24	False	True	0	1	3	0.03272	repulsive-gap[alpha=1]	isoperimetric_ratio_high	8	0	24	20260717	confirmation-1	6	1.0	21.172738678893822
24	24	24	False	True	0	22	22	0.032868	repulsive-gap[alpha=4]	isoperimetric_ratio_high	0	0	24	20260717	confirmation-1	6	1.0	21.172738678893822
24	24	24	True	True	0	NA	NA	0.024727000000000002	repulsive-gap[regular]	isoperimetric_ratio_high	0	0	24	20260717	confirmation-1	6	1.0	21.172738678893822
24	24	24	False	True	0	2	2	0.012202999999999997	zonogon[lengths=uniform(0.5,1.5)]	isoperimetric_ratio_high	0	0	24	20260717	confirmation-1	6	1.0	21.172738678893822
24	61	24	False	True	0	1	5	0.055215	current-baseline[delta=0.2]	isoperimetric_ratio_high	37	0	24	20260718	confirmation-2	6	1.0	21.172738678893822
24	66	24	True	True	0	NA	NA	0.08855200000000002	primal-hull-uniform-disk[points=n+4,origin=interior]	isoperimetric_ratio_high	42	0	24	20260718	confirmation-2	6	1.0	21.172738678893822
24	24	24	True	True	0	NA	NA	0.035743	regular-mutation[steps=4,scale=0.03]	isoperimetric_ratio_high	0	0	24	20260718	confirmation-2	6	1.0	21.172738678893822
24	24	24	True	True	0	NA	NA	0.022885000000000003	repulsive-gap[alpha=16]	isoperimetric_ratio_high	0	0	24	20260718	confirmation-2	6	1.0	21.172738678893822
24	28	24	False	True	0	2	2	0.024615	repulsive-gap[alpha=1]	isoperimetric_ratio_high	4	0	24	20260718	confirmation-2	6	1.0	21.172738678893822
24	25	24	True	True	0	NA	NA	0.037802	repulsive-gap[alpha=4]	isoperimetric_ratio_high	1	0	24	20260718	confirmation-2	6	1.0	21.172738678893822
24	24	24	True	True	0	NA	NA	0.018246000000000002	repulsive-gap[regular]	isoperimetric_ratio_high	0	0	24	20260718	confirmation-2	6	1.0	21.172738678893822
24	24	24	False	True	0	8	8	0.017783	zonogon[lengths=uniform(0.5,1.5)]	isoperimetric_ratio_high	0	0	24	20260718	confirmation-2	6	1.0	21.172738678893822
24	78	24	True	True	0	NA	NA	0.05459399999999999	current-baseline[delta=0.2]	support_roughness_low	54	0	24	20260717	confirmation-1	6	1.0	21.172738678893822
24	59	24	True	True	0	NA	NA	0.0949	primal-hull-uniform-disk[points=n+4,origin=interior]	support_roughness_low	35	0	24	20260717	confirmation-1	6	1.0	21.172738678893822
24	24	24	False	True	0	6	6	0.05625799999999999	regular-mutation[steps=4,scale=0.03]	support_roughness_low	0	0	24	20260717	confirmation-1	6	1.0	21.172738678893822
24	24	24	False	True	0	3	3	0.028745000000000003	repulsive-gap[alpha=16]	support_roughness_low	0	0	24	20260717	confirmation-1	6	1.0	21.172738678893822
24	32	24	True	True	0	NA	NA	0.03272	repulsive-gap[alpha=1]	support_roughness_low	8	0	24	20260717	confirmation-1	6	0.9135162669760335	21.172738678893822
24	24	24	True	True	0	NA	NA	0.032868	repulsive-gap[alpha=4]	support_roughness_low	0	0	24	20260717	confirmation-1	6	1.0	21.172738678893822
24	24	24	True	True	0	NA	NA	0.024727000000000002	repulsive-gap[regular]	support_roughness_low	0	0	24	20260717	confirmation-1	6	1.0	21.172738678893822
24	24	24	False	True	0	1	1	0.012202999999999997	zonogon[lengths=uniform(0.5,1.5)]	support_roughness_low	0	0	24	20260717	confirmation-1	6	1.0	21.172738678893822
24	61	24	True	True	0	NA	NA	0.055215	current-baseline[delta=0.2]	support_roughness_low	37	0	24	20260718	confirmation-2	6	1.0	21.172738678893822
24	66	24	True	True	0	NA	NA	0.08855200000000002	primal-hull-uniform-disk[points=n+4,origin=interior]	support_roughness_low	42	0	24	20260718	confirmation-2	6	1.0	21.172738678893822
24	24	24	False	True	0	4	4	0.035743	regular-mutation[steps=4,scale=0.03]	support_roughness_low	0	0	24	20260718	confirmation-2	6	1.0	21.172738678893822
24	24	24	False	True	0	17	17	0.022885000000000003	repulsive-gap[alpha=16]	support_roughness_low	0	0	24	20260718	confirmation-2	6	1.0	21.172738678893822
24	28	24	True	True	0	NA	NA	0.024615	repulsive-gap[alpha=1]	support_roughness_low	4	0	24	20260718	confirmation-2	6	1.0	21.172738678893822
24	25	24	False	True	0	15	16	0.037802	repulsive-gap[alpha=4]	support_roughness_low	1	0	24	20260718	confirmation-2	6	0.9921685184995678	21.172738678893822
24	24	24	True	True	0	NA	NA	0.018246000000000002	repulsive-gap[regular]	support_roughness_low	0	0	24	20260718	confirmation-2	6	1.0	21.172738678893822
24	24	24	False	True	0	3	3	0.017783	zonogon[lengths=uniform(0.5,1.5)]	support_roughness_low	0	0	24	20260718	confirmation-2	6	1.0	21.172738678893822
24	78	24	False	True	0	6	27	0.05459399999999999	current-baseline[delta=0.2]	support_roughness_high	54	0	24	20260717	confirmation-1	6	1.0	21.172738678893822
24	59	24	False	True	0	4	7	0.0949	primal-hull-uniform-disk[points=n+4,origin=interior]	support_roughness_high	35	0	24	20260717	confirmation-1	6	1.0	21.172738678893822
24	24	24	True	True	0	NA	NA	0.05625799999999999	regular-mutation[steps=4,scale=0.03]	support_roughness_high	0	0	24	20260717	confirmation-1	6	1.0	21.172738678893822
24	24	24	True	True	0	NA	NA	0.028745000000000003	repulsive-gap[alpha=16]	support_roughness_high	0	0	24	20260717	confirmation-1	6	1.0	21.172738678893822
24	32	24	False	True	0	1	3	0.03272	repulsive-gap[alpha=1]	support_roughness_high	8	0	24	20260717	confirmation-1	6	0.9135162669760335	21.172738678893822
24	24	24	False	True	0	22	22	0.032868	repulsive-gap[alpha=4]	support_roughness_high	0	0	24	20260717	confirmation-1	6	1.0	21.172738678893822
24	24	24	True	True	0	NA	NA	0.024727000000000002	repulsive-gap[regular]	support_roughness_high	0	0	24	20260717	confirmation-1	6	1.0	21.172738678893822
24	24	24	False	True	0	23	23	0.012202999999999997	zonogon[lengths=uniform(0.5,1.5)]	support_roughness_high	0	0	24	20260717	confirmation-1	6	1.0	21.172738678893822
24	61	24	False	True	0	1	5	0.055215	current-baseline[delta=0.2]	support_roughness_high	37	0	24	20260718	confirmation-2	6	1.0	21.172738678893822
24	66	24	True	True	0	NA	NA	0.08855200000000002	primal-hull-uniform-disk[points=n+4,origin=interior]	support_roughness_high	42	0	24	20260718	confirmation-2	6	1.0	21.172738678893822
24	24	24	True	True	0	NA	NA	0.035743	regular-mutation[steps=4,scale=0.03]	support_roughness_high	0	0	24	20260718	confirmation-2	6	1.0	21.172738678893822
24	24	24	True	True	0	NA	NA	0.022885000000000003	repulsive-gap[alpha=16]	support_roughness_high	0	0	24	20260718	confirmation-2	6	1.0	21.172738678893822
24	28	24	False	True	0	2	2	0.024615	repulsive-gap[alpha=1]	support_roughness_high	4	0	24	20260718	confirmation-2	6	1.0	21.172738678893822
24	25	24	True	True	0	NA	NA	0.037802	repulsive-gap[alpha=4]	support_roughness_high	1	0	24	20260718	confirmation-2	6	0.9921685184995678	21.172738678893822
24	24	24	True	True	0	NA	NA	0.018246000000000002	repulsive-gap[regular]	support_roughness_high	0	0	24	20260718	confirmation-2	6	1.0	21.172738678893822
24	24	24	False	True	0	8	8	0.017783	zonogon[lengths=uniform(0.5,1.5)]	support_roughness_high	0	0	24	20260718	confirmation-2	6	1.0	21.172738678893822
24	78	24	True	True	0	NA	NA	0.05459399999999999	current-baseline[delta=0.2]	central_symmetry_residual_low	54	0	24	20260717	confirmation-1	6	1.0	21.172738678893822
24	59	24	True	True	0	NA	NA	0.0949	primal-hull-uniform-disk[points=n+4,origin=interior]	central_symmetry_residual_low	35	0	24	20260717	confirmation-1	6	1.0	21.172738678893822
24	24	24	True	True	0	NA	NA	0.05625799999999999	regular-mutation[steps=4,scale=0.03]	central_symmetry_residual_low	0	0	24	20260717	confirmation-1	6	1.0	21.172738678893822
24	24	24	True	True	0	NA	NA	0.028745000000000003	repulsive-gap[alpha=16]	central_symmetry_residual_low	0	0	24	20260717	confirmation-1	6	1.0	21.172738678893822
24	32	24	True	True	0	NA	NA	0.03272	repulsive-gap[alpha=1]	central_symmetry_residual_low	8	0	24	20260717	confirmation-1	6	1.0	21.172738678893822
24	24	24	True	True	0	NA	NA	0.032868	repulsive-gap[alpha=4]	central_symmetry_residual_low	0	0	24	20260717	confirmation-1	6	1.0	21.172738678893822
24	24	24	False	True	0	8	8	0.024727000000000002	repulsive-gap[regular]	central_symmetry_residual_low	0	0	24	20260717	confirmation-1	6	1.0	21.172738678893822
24	24	24	False	True	0	1	1	0.012202999999999997	zonogon[lengths=uniform(0.5,1.5)]	central_symmetry_residual_low	0	0	24	20260717	confirmation-1	6	1.0	21.172738678893822
24	61	24	True	True	0	NA	NA	0.055215	current-baseline[delta=0.2]	central_symmetry_residual_low	37	0	24	20260718	confirmation-2	6	1.0	21.172738678893822
24	66	24	True	True	0	NA	NA	0.08855200000000002	primal-hull-uniform-disk[points=n+4,origin=interior]	central_symmetry_residual_low	42	0	24	20260718	confirmation-2	6	1.0	21.172738678893822
24	24	24	True	True	0	NA	NA	0.035743	regular-mutation[steps=4,scale=0.03]	central_symmetry_residual_low	0	0	24	20260718	confirmation-2	6	1.0	21.172738678893822
24	24	24	True	True	0	NA	NA	0.022885000000000003	repulsive-gap[alpha=16]	central_symmetry_residual_low	0	0	24	20260718	confirmation-2	6	1.0	21.172738678893822
24	28	24	True	True	0	NA	NA	0.024615	repulsive-gap[alpha=1]	central_symmetry_residual_low	4	0	24	20260718	confirmation-2	6	1.0	21.172738678893822
24	25	24	True	True	0	NA	NA	0.037802	repulsive-gap[alpha=4]	central_symmetry_residual_low	1	0	24	20260718	confirmation-2	6	1.0	21.172738678893822
24	24	24	False	True	0	12	12	0.018246000000000002	repulsive-gap[regular]	central_symmetry_residual_low	0	0	24	20260718	confirmation-2	6	1.0	21.172738678893822
24	24	24	False	True	0	1	1	0.017783	zonogon[lengths=uniform(0.5,1.5)]	central_symmetry_residual_low	0	0	24	20260718	confirmation-2	6	1.0	21.172738678893822
24	78	24	False	True	0	6	27	0.05459399999999999	current-baseline[delta=0.2]	central_symmetry_residual_high	54	0	24	20260717	confirmation-1	6	1.0	21.172738678893822
24	59	24	False	True	0	16	36	0.0949	primal-hull-uniform-disk[points=n+4,origin=interior]	central_symmetry_residual_high	35	0	24	20260717	confirmation-1	6	1.0	21.172738678893822
24	24	24	True	True	0	NA	NA	0.05625799999999999	regular-mutation[steps=4,scale=0.03]	central_symmetry_residual_high	0	0	24	20260717	confirmation-1	6	1.0	21.172738678893822
24	24	24	True	True	0	NA	NA	0.028745000000000003	repulsive-gap[alpha=16]	central_symmetry_residual_high	0	0	24	20260717	confirmation-1	6	1.0	21.172738678893822
24	32	24	False	True	0	1	3	0.03272	repulsive-gap[alpha=1]	central_symmetry_residual_high	8	0	24	20260717	confirmation-1	6	1.0	21.172738678893822
24	24	24	False	True	0	22	22	0.032868	repulsive-gap[alpha=4]	central_symmetry_residual_high	0	0	24	20260717	confirmation-1	6	1.0	21.172738678893822
24	24	24	True	True	0	NA	NA	0.024727000000000002	repulsive-gap[regular]	central_symmetry_residual_high	0	0	24	20260717	confirmation-1	6	1.0	21.172738678893822
24	24	24	True	True	0	NA	NA	0.012202999999999997	zonogon[lengths=uniform(0.5,1.5)]	central_symmetry_residual_high	0	0	24	20260717	confirmation-1	6	1.0	21.172738678893822
24	61	24	False	True	0	1	5	0.055215	current-baseline[delta=0.2]	central_symmetry_residual_high	37	0	24	20260718	confirmation-2	6	1.0	21.172738678893822
24	66	24	True	True	0	NA	NA	0.08855200000000002	primal-hull-uniform-disk[points=n+4,origin=interior]	central_symmetry_residual_high	42	0	24	20260718	confirmation-2	6	1.0	21.172738678893822
24	24	24	True	True	0	NA	NA	0.035743	regular-mutation[steps=4,scale=0.03]	central_symmetry_residual_high	0	0	24	20260718	confirmation-2	6	1.0	21.172738678893822
24	24	24	True	True	0	NA	NA	0.022885000000000003	repulsive-gap[alpha=16]	central_symmetry_residual_high	0	0	24	20260718	confirmation-2	6	1.0	21.172738678893822
24	28	24	False	True	0	2	2	0.024615	repulsive-gap[alpha=1]	central_symmetry_residual_high	4	0	24	20260718	confirmation-2	6	1.0	21.172738678893822
24	25	24	False	True	0	9	10	0.037802	repulsive-gap[alpha=4]	central_symmetry_residual_high	1	0	24	20260718	confirmation-2	6	1.0	21.172738678893822
24	24	24	True	True	0	NA	NA	0.018246000000000002	repulsive-gap[regular]	central_symmetry_residual_high	0	0	24	20260718	confirmation-2	6	1.0	21.172738678893822
24	24	24	True	True	0	NA	NA	0.017783	zonogon[lengths=uniform(0.5,1.5)]	central_symmetry_residual_high	0	0	24	20260718	confirmation-2	6	1.0	21.172738678893822
24	78	24	False	True	0	2	15	0.05459399999999999	current-baseline[delta=0.2]	support_novelty_high	54	0	24	20260717	confirmation-1	6	1.0	21.172738678893822
24	59	24	False	True	0	1	2	0.0949	primal-hull-uniform-disk[points=n+4,origin=interior]	support_novelty_high	35	0	24	20260717	confirmation-1	6	1.0	21.172738678893822
24	24	24	True	True	0	NA	NA	0.05625799999999999	regular-mutation[steps=4,scale=0.03]	support_novelty_high	0	0	24	20260717	confirmation-1	6	1.0	21.172738678893822
24	24	24	True	True	0	NA	NA	0.028745000000000003	repulsive-gap[alpha=16]	support_novelty_high	0	0	24	20260717	confirmation-1	6	1.0	21.172738678893822
24	32	24	False	True	0	3	8	0.03272	repulsive-gap[alpha=1]	support_novelty_high	8	0	24	20260717	confirmation-1	6	1.0	21.172738678893822
24	24	24	False	True	0	3	3	0.032868	repulsive-gap[alpha=4]	support_novelty_high	0	0	24	20260717	confirmation-1	6	1.0	21.172738678893822
24	24	24	True	True	0	NA	NA	0.024727000000000002	repulsive-gap[regular]	support_novelty_high	0	0	24	20260717	confirmation-1	6	1.0	21.172738678893822
24	24	24	True	True	0	NA	NA	0.012202999999999997	zonogon[lengths=uniform(0.5,1.5)]	support_novelty_high	0	0	24	20260717	confirmation-1	6	1.0	21.172738678893822
24	61	24	False	True	0	4	10	0.055215	current-baseline[delta=0.2]	support_novelty_high	37	0	24	20260718	confirmation-2	6	1.0	21.172738678893822
24	66	24	False	True	0	1	1	0.08855200000000002	primal-hull-uniform-disk[points=n+4,origin=interior]	support_novelty_high	42	0	24	20260718	confirmation-2	6	1.0	21.172738678893822
24	24	24	True	True	0	NA	NA	0.035743	regular-mutation[steps=4,scale=0.03]	support_novelty_high	0	0	24	20260718	confirmation-2	6	1.0	21.172738678893822
24	24	24	True	True	0	NA	NA	0.022885000000000003	repulsive-gap[alpha=16]	support_novelty_high	0	0	24	20260718	confirmation-2	6	1.0	21.172738678893822
24	28	24	False	True	0	1	1	0.024615	repulsive-gap[alpha=1]	support_novelty_high	4	0	24	20260718	confirmation-2	6	1.0	21.172738678893822
24	25	24	True	True	0	NA	NA	0.037802	repulsive-gap[alpha=4]	support_novelty_high	1	0	24	20260718	confirmation-2	6	1.0	21.172738678893822
24	24	24	True	True	0	NA	NA	0.018246000000000002	repulsive-gap[regular]	support_novelty_high	0	0	24	20260718	confirmation-2	6	1.0	21.172738678893822
24	24	24	True	True	0	NA	NA	0.017783	zonogon[lengths=uniform(0.5,1.5)]	support_novelty_high	0	0	24	20260718	confirmation-2	6	1.0	21.172738678893822
