feature	left_q05	left_q95	population_left	population_right	q05_q95_interval_overlap	right_q05	right_q95	side_count
log_perimeter	1.5504583650111208	3.1838775535631942	current-baseline[delta=0.2]	primal-hull-uniform-disk[points=n+4,origin=interior]	0.03416511452687407	1.5238135060488365	1.607174643316395	3
width_ratio	1.0884166334775967	6.349285811412297	current-baseline[delta=0.2]	primal-hull-uniform-disk[points=n+4,origin=interior]	0.16506685226187284	1.0804562970129146	1.9581257365239548	3
radial_rms	0.9187754669199264	5.4498983779745656	current-baseline[delta=0.2]	primal-hull-uniform-disk[points=n+4,origin=interior]	0.016833160280930674	0.8860103978823564	0.9956001247930315	3
angle_gap_cv	0.12859267523394285	0.6636921899558098	current-baseline[delta=0.2]	primal-hull-uniform-disk[points=n+4,origin=interior]	0.11798296792051555	0.056162359005115084	0.2002708477897549	3
log_perimeter	1.5504583650111208	3.1838775535631942	current-baseline[delta=0.2]	regular-mutation[steps=4,scale=0.03]	0.0	1.5172159755668866	1.5290449056326978	3
width_ratio	1.0884166334775967	6.349285811412297	current-baseline[delta=0.2]	regular-mutation[steps=4,scale=0.03]	0.036391620976129475	1.0103685105903057	1.2827084883120108	3
radial_rms	0.9187754669199264	5.4498983779745656	current-baseline[delta=0.2]	regular-mutation[steps=4,scale=0.03]	0.0	0.8775215329672241	0.8926198298853005	3
angle_gap_cv	0.12859267523394285	0.6636921899558098	current-baseline[delta=0.2]	regular-mutation[steps=4,scale=0.03]	0.0	0.007008689890833199	0.07426761909614085	3
log_perimeter	1.5504583650111208	3.1838775535631942	current-baseline[delta=0.2]	repulsive-gap[alpha=16]	0.3031407121824491	1.5263708320573381	2.0529161330156023	3
width_ratio	1.0884166334775967	6.349285811412297	current-baseline[delta=0.2]	repulsive-gap[alpha=16]	0.31445961793832994	1.0956479659659035	2.7499788776827856	3
radial_rms	0.9187754669199264	5.4498983779745656	current-baseline[delta=0.2]	repulsive-gap[alpha=16]	0.19248157619745834	0.8894672260265016	1.7965744431868804	3
angle_gap_cv	0.12859267523394285	0.6636921899558098	current-baseline[delta=0.2]	repulsive-gap[alpha=16]	0.2907216730183179	0.061998177992691264	0.3035181650369645	3
log_perimeter	1.5504583650111208	3.1838775535631942	current-baseline[delta=0.2]	repulsive-gap[alpha=1]	0.7573803001399345	1.5327711065982914	3.6894408645128833	3
width_ratio	1.0884166334775967	6.349285811412297	current-baseline[delta=0.2]	repulsive-gap[alpha=1]	0.9034315719062731	1.0818892303584062	6.905096368043531	3
radial_rms	0.9187754669199264	5.4498983779745656	current-baseline[delta=0.2]	repulsive-gap[alpha=1]	0.49039186747924285	0.897140293650981	10.136940566738568	3
angle_gap_cv	0.12859267523394285	0.6636921899558098	current-baseline[delta=0.2]	repulsive-gap[alpha=1]	0.6935923355559699	0.08155583502327228	0.5323579892636406	3
log_perimeter	1.5504583650111208	3.1838775535631942	current-baseline[delta=0.2]	repulsive-gap[alpha=4]	0.4045094371365566	1.5283543551451413	2.2201331221697194	3
width_ratio	1.0884166334775967	6.349285811412297	current-baseline[delta=0.2]	repulsive-gap[alpha=4]	0.9269151325577233	1.0314661302798989	6.707141273718214	3
radial_rms	0.9187754669199264	5.4498983779745656	current-baseline[delta=0.2]	repulsive-gap[alpha=4]	0.27350077588119676	0.8916006642705273	2.165473428315466	3
angle_gap_cv	0.12859267523394285	0.6636921899558098	current-baseline[delta=0.2]	repulsive-gap[alpha=4]	0.39419369068552335	0.06961433514802853	0.36277441737516064	3
log_perimeter	1.5504583650111208	3.1838775535631942	current-baseline[delta=0.2]	repulsive-gap[regular]	0.0	1.5171063970610275	1.5171063970610277	3
width_ratio	1.0884166334775967	6.349285811412297	current-baseline[delta=0.2]	repulsive-gap[regular]	0.00960054925298341	1.006422714416216	1.139711053792255	3
radial_rms	0.9187754669199264	5.4498983779745656	current-baseline[delta=0.2]	repulsive-gap[regular]	0.0	0.8773826753016616	0.8773826753016618	3
angle_gap_cv	0.12859267523394285	0.6636921899558098	current-baseline[delta=0.2]	repulsive-gap[regular]	0.0	1.731274681912423e-16	5.193824045737268e-16	3
log_perimeter	1.5238135060488365	1.607174643316395	primal-hull-uniform-disk[points=n+4,origin=interior]	regular-mutation[steps=4,scale=0.03]	0.05815336881631298	1.5172159755668866	1.5290449056326978	3
width_ratio	1.0804562970129146	1.9581257365239548	primal-hull-uniform-disk[points=n+4,origin=interior]	regular-mutation[steps=4,scale=0.03]	0.21340084334345719	1.0103685105903057	1.2827084883120108	3
radial_rms	0.8860103978823564	0.9956001247930315	primal-hull-uniform-disk[points=n+4,origin=interior]	regular-mutation[steps=4,scale=0.03]	0.05597485455021836	0.8775215329672241	0.8926198298853005	3
angle_gap_cv	0.056162359005115084	0.2002708477897549	primal-hull-uniform-disk[points=n+4,origin=interior]	regular-mutation[steps=4,scale=0.03]	0.09368238608044015	0.007008689890833199	0.07426761909614085	3
log_perimeter	1.5238135060488365	1.607174643316395	primal-hull-uniform-disk[points=n+4,origin=interior]	repulsive-gap[alpha=16]	0.15271859775538832	1.5263708320573381	2.0529161330156023	3
width_ratio	1.0804562970129146	1.9581257365239548	primal-hull-uniform-disk[points=n+4,origin=interior]	repulsive-gap[alpha=16]	0.5166014407615829	1.0956479659659035	2.7499788776827856	3
radial_rms	0.8860103978823564	0.9956001247930315	primal-hull-uniform-disk[points=n+4,origin=interior]	repulsive-gap[alpha=16]	0.1165573133639769	0.8894672260265016	1.7965744431868804	3
angle_gap_cv	0.056162359005115084	0.2002708477897549	primal-hull-uniform-disk[points=n+4,origin=interior]	repulsive-gap[alpha=16]	0.5590031300064157	0.061998177992691264	0.3035181650369645	3
log_perimeter	1.5238135060488365	1.607174643316395	primal-hull-uniform-disk[points=n+4,origin=interior]	repulsive-gap[alpha=1]	0.03435657405569239	1.5327711065982914	3.6894408645128833	3
width_ratio	1.0804562970129146	1.9581257365239548	primal-hull-uniform-disk[points=n+4,origin=interior]	repulsive-gap[alpha=1]	0.1504361635191145	1.0818892303584062	6.905096368043531	3
radial_rms	0.8860103978823564	0.9956001247930315	primal-hull-uniform-disk[points=n+4,origin=interior]	repulsive-gap[alpha=1]	0.01064323579844124	0.897140293650981	10.136940566738568	3
angle_gap_cv	0.056162359005115084	0.2002708477897549	primal-hull-uniform-disk[points=n+4,origin=interior]	repulsive-gap[alpha=1]	0.24929882851304724	0.08155583502327228	0.5323579892636406	3
log_perimeter	1.5238135060488365	1.607174643316395	primal-hull-uniform-disk[points=n+4,origin=interior]	repulsive-gap[alpha=4]	0.11319555897384087	1.5283543551451413	2.2201331221697194	3
width_ratio	1.0804562970129146	1.9581257365239548	primal-hull-uniform-disk[points=n+4,origin=interior]	repulsive-gap[alpha=4]	0.15463701098638805	1.0314661302798989	6.707141273718214	3
radial_rms	0.8860103978823564	0.9956001247930315	primal-hull-uniform-disk[points=n+4,origin=interior]	repulsive-gap[alpha=4]	0.08128367764350286	0.8916006642705273	2.165473428315466	3
angle_gap_cv	0.056162359005115084	0.2002708477897549	primal-hull-uniform-disk[points=n+4,origin=interior]	repulsive-gap[alpha=4]	0.4261297267181806	0.06961433514802853	0.36277441737516064	3
log_perimeter	1.5238135060488365	1.607174643316395	primal-hull-uniform-disk[points=n+4,origin=interior]	repulsive-gap[regular]	0.0	1.5171063970610275	1.5171063970610277	3
width_ratio	1.0804562970129146	1.9581257365239548	primal-hull-uniform-disk[points=n+4,origin=interior]	repulsive-gap[regular]	0.06226181424548678	1.006422714416216	1.139711053792255	3
radial_rms	0.8860103978823564	0.9956001247930315	primal-hull-uniform-disk[points=n+4,origin=interior]	repulsive-gap[regular]	0.0	0.8773826753016616	0.8773826753016618	3
angle_gap_cv	0.056162359005115084	0.2002708477897549	primal-hull-uniform-disk[points=n+4,origin=interior]	repulsive-gap[regular]	0.0	1.731274681912423e-16	5.193824045737268e-16	3
log_perimeter	1.5172159755668866	1.5290449056326978	regular-mutation[steps=4,scale=0.03]	repulsive-gap[alpha=16]	0.004991735653196341	1.5263708320573381	2.0529161330156023	3
width_ratio	1.0103685105903057	1.2827084883120108	regular-mutation[steps=4,scale=0.03]	repulsive-gap[alpha=16]	0.10753012621944376	1.0956479659659035	2.7499788776827856	3
radial_rms	0.8775215329672241	0.8926198298853005	regular-mutation[steps=4,scale=0.03]	repulsive-gap[alpha=16]	0.0034302746052405357	0.8894672260265016	1.7965744431868804	3
angle_gap_cv	0.007008689890833199	0.07426761909614085	regular-mutation[steps=4,scale=0.03]	repulsive-gap[alpha=16]	0.04137959199247422	0.061998177992691264	0.3035181650369645	3
log_perimeter	1.5172159755668866	1.5290449056326978	regular-mutation[steps=4,scale=0.03]	repulsive-gap[alpha=1]	0.0	1.5327711065982914	3.6894408645128833	3
width_ratio	1.0103685105903057	1.2827084883120108	regular-mutation[steps=4,scale=0.03]	repulsive-gap[alpha=1]	0.03406760461378908	1.0818892303584062	6.905096368043531	3
radial_rms	0.8775215329672241	0.8926198298853005	regular-mutation[steps=4,scale=0.03]	repulsive-gap[alpha=1]	0.0	0.897140293650981	10.136940566738568	3
angle_gap_cv	0.007008689890833199	0.07426761909614085	regular-mutation[steps=4,scale=0.03]	repulsive-gap[alpha=1]	0.0	0.08155583502327228	0.5323579892636406	3
log_perimeter	1.5172159755668866	1.5290449056326978	regular-mutation[steps=4,scale=0.03]	repulsive-gap[alpha=4]	0.0009824066618575275	1.5283543551451413	2.2201331221697194	3
width_ratio	1.0103685105903057	1.2827084883120108	regular-mutation[steps=4,scale=0.03]	repulsive-gap[alpha=4]	0.044102576753327107	1.0314661302798989	6.707141273718214	3
radial_rms	0.8775215329672241	0.8926198298853005	regular-mutation[steps=4,scale=0.03]	repulsive-gap[alpha=4]	0.0007913072052257468	0.8916006642705273	2.165473428315466	3
angle_gap_cv	0.007008689890833199	0.07426761909614085	regular-mutation[steps=4,scale=0.03]	repulsive-gap[alpha=4]	0.013079629623169112	0.06961433514802853	0.36277441737516064	3
log_perimeter	1.5172159755668866	1.5290449056326978	regular-mutation[steps=4,scale=0.03]	repulsive-gap[regular]	0.0	1.5171063970610275	1.5171063970610277	3
width_ratio	1.0103685105903057	1.2827084883120108	regular-mutation[steps=4,scale=0.03]	repulsive-gap[regular]	0.4681476768714579	1.006422714416216	1.139711053792255	3
radial_rms	0.8775215329672241	0.8926198298853005	regular-mutation[steps=4,scale=0.03]	repulsive-gap[regular]	0.0	0.8773826753016616	0.8773826753016618	3
angle_gap_cv	0.007008689890833199	0.07426761909614085	regular-mutation[steps=4,scale=0.03]	repulsive-gap[regular]	0.0	1.731274681912423e-16	5.193824045737268e-16	3
log_perimeter	1.5263708320573381	2.0529161330156023	repulsive-gap[alpha=16]	repulsive-gap[alpha=1]	0.24046610540243835	1.5327711065982914	3.6894408645128833	3
width_ratio	1.0956479659659035	2.7499788776827856	repulsive-gap[alpha=16]	repulsive-gap[alpha=1]	0.28409274693507147	1.0818892303584062	6.905096368043531	3
radial_rms	0.8894672260265016	1.7965744431868804	repulsive-gap[alpha=16]	repulsive-gap[alpha=1]	0.09726269180751615	0.897140293650981	10.136940566738568	3
angle_gap_cv	0.061998177992691264	0.3035181650369645	repulsive-gap[alpha=16]	repulsive-gap[alpha=1]	0.47189901155443625	0.08155583502327228	0.5323579892636406	3
log_perimeter	1.5263708320573381	2.0529161330156023	repulsive-gap[alpha=16]	repulsive-gap[alpha=4]	0.7561116903391913	1.5283543551451413	2.2201331221697194	3
width_ratio	1.0956479659659035	2.7499788776827856	repulsive-gap[alpha=16]	repulsive-gap[alpha=4]	0.2914773784453581	1.0314661302798989	6.707141273718214	3
radial_rms	0.8894672260265016	1.7965744431868804	repulsive-gap[alpha=16]	repulsive-gap[alpha=4]	0.7092236521209422	0.8916006642705273	2.165473428315466	3
angle_gap_cv	0.061998177992691264	0.3035181650369645	repulsive-gap[alpha=16]	repulsive-gap[alpha=4]	0.777667246485857	0.06961433514802853	0.36277441737516064	3
log_perimeter	1.5263708320573381	2.0529161330156023	repulsive-gap[alpha=16]	repulsive-gap[regular]	0.0	1.5171063970610275	1.5171063970610277	3
width_ratio	1.0956479659659035	2.7499788776827856	repulsive-gap[alpha=16]	repulsive-gap[regular]	0.025271963561987507	1.006422714416216	1.139711053792255	3
radial_rms	0.8894672260265016	1.7965744431868804	repulsive-gap[alpha=16]	repulsive-gap[regular]	0.0	0.8773826753016616	0.8773826753016618	3
angle_gap_cv	0.061998177992691264	0.3035181650369645	repulsive-gap[alpha=16]	repulsive-gap[regular]	0.0	1.731274681912423e-16	5.193824045737268e-16	3
log_perimeter	1.5327711065982914	3.6894408645128833	repulsive-gap[alpha=1]	repulsive-gap[alpha=4]	0.3180631652605735	1.5283543551451413	2.2201331221697194	3
width_ratio	1.0818892303584062	6.905096368043531	repulsive-gap[alpha=1]	repulsive-gap[alpha=4]	0.9577130012701661	1.0314661302798989	6.707141273718214	3
radial_rms	0.897140293650981	10.136940566738568	repulsive-gap[alpha=1]	repulsive-gap[alpha=4]	0.13718620927348532	0.8916006642705273	2.165473428315466	3
angle_gap_cv	0.08155583502327228	0.5323579892636406	repulsive-gap[alpha=1]	repulsive-gap[alpha=4]	0.6077200191742198	0.06961433514802853	0.36277441737516064	3
log_perimeter	1.5327711065982914	3.6894408645128833	repulsive-gap[alpha=1]	repulsive-gap[regular]	0.0	1.5171063970610275	1.5171063970610277	3
width_ratio	1.0818892303584062	6.905096368043531	repulsive-gap[alpha=1]	repulsive-gap[regular]	0.00980251270525739	1.006422714416216	1.139711053792255	3
radial_rms	0.897140293650981	10.136940566738568	repulsive-gap[alpha=1]	repulsive-gap[regular]	0.0	0.8773826753016616	0.8773826753016618	3
angle_gap_cv	0.08155583502327228	0.5323579892636406	repulsive-gap[alpha=1]	repulsive-gap[regular]	0.0	1.731274681912423e-16	5.193824045737268e-16	3
log_perimeter	1.5283543551451413	2.2201331221697194	repulsive-gap[alpha=4]	repulsive-gap[regular]	0.0	1.5171063970610275	1.5171063970610277	3
width_ratio	1.0314661302798989	6.707141273718214	repulsive-gap[alpha=4]	repulsive-gap[regular]	0.018987943780478397	1.006422714416216	1.139711053792255	3
radial_rms	0.8916006642705273	2.165473428315466	repulsive-gap[alpha=4]	repulsive-gap[regular]	0.0	0.8773826753016616	0.8773826753016618	3
angle_gap_cv	0.06961433514802853	0.36277441737516064	repulsive-gap[alpha=4]	repulsive-gap[regular]	0.0	1.731274681912423e-16	5.193824045737268e-16	3
log_perimeter	1.4304395680409805	2.1331913922170256	current-baseline[delta=0.2]	primal-hull-uniform-disk[points=n+4,origin=interior]	0.07485484850541382	1.3953300941118596	1.4856720637286507	4
width_ratio	1.0492313267528321	3.143965348056279	current-baseline[delta=0.2]	primal-hull-uniform-disk[points=n+4,origin=interior]	0.2167019993466054	1.0206883339792183	1.5093497008700216	4
radial_rms	0.7409115581317033	1.6149048006081508	current-baseline[delta=0.2]	primal-hull-uniform-disk[points=n+4,origin=interior]	0.09470410347230464	0.7166135064529712	0.8259834298016459	4
angle_gap_cv	0.2616784580808968	0.6400033631006521	current-baseline[delta=0.2]	primal-hull-uniform-disk[points=n+4,origin=interior]	0.3011288356665565	0.08880158795700899	0.4276612068472411	4
log_perimeter	1.4304395680409805	2.1331913922170256	current-baseline[delta=0.2]	regular-mutation[steps=4,scale=0.03]	0.0	1.3866981498765056	1.388654574687121	4
width_ratio	1.0492313267528321	3.143965348056279	current-baseline[delta=0.2]	regular-mutation[steps=4,scale=0.03]	0.018362372775899388	1.0098366161657886	1.0884189940795628	4
radial_rms	0.7409115581317033	1.6149048006081508	current-baseline[delta=0.2]	regular-mutation[steps=4,scale=0.03]	0.0	0.7074416650822625	0.7094131936153507	4
angle_gap_cv	0.2616784580808968	0.6400033631006521	current-baseline[delta=0.2]	regular-mutation[steps=4,scale=0.03]	0.0	0.025606612856794293	0.0629196900701239	4
log_perimeter	1.4304395680409805	2.1331913922170256	current-baseline[delta=0.2]	repulsive-gap[alpha=16]	0.0637074190413582	1.3884986677214526	1.4778820194974707	4
width_ratio	1.0492313267528321	3.143965348056279	current-baseline[delta=0.2]	repulsive-gap[alpha=16]	0.2953250918692059	1.051459268328949	1.6700867856119406	4
radial_rms	0.7409115581317033	1.6149048006081508	current-baseline[delta=0.2]	repulsive-gap[alpha=16]	0.0633603108368483	0.7088477833931989	0.7983196123783503	4
angle_gap_cv	0.2616784580808968	0.6400033631006521	current-baseline[delta=0.2]	repulsive-gap[alpha=16]	0.1135991411568496	0.05865718423584082	0.32771888471475563	4
log_perimeter	1.4304395680409805	2.1331913922170256	current-baseline[delta=0.2]	repulsive-gap[alpha=1]	0.686338054957082	1.430732433898027	2.4539278523426935	4
width_ratio	1.0492313267528321	3.143965348056279	current-baseline[delta=0.2]	repulsive-gap[alpha=1]	0.4202736235262861	1.0281988843056495	6.012413700661907	4
radial_rms	0.7409115581317033	1.6149048006081508	current-baseline[delta=0.2]	repulsive-gap[alpha=1]	0.4391066618554842	0.7468739373239729	2.7177225215915524	4
angle_gap_cv	0.2616784580808968	0.6400033631006521	current-baseline[delta=0.2]	repulsive-gap[alpha=1]	0.7150698728601462	0.26309184460831464	0.7887759247728742	4
log_perimeter	1.4304395680409805	2.1331913922170256	current-baseline[delta=0.2]	repulsive-gap[alpha=4]	0.6182121584126972	1.4193176116480597	1.871765018760753	4
width_ratio	1.0492313267528321	3.143965348056279	current-baseline[delta=0.2]	repulsive-gap[alpha=4]	0.7008243517925811	1.0236520956366235	4.012609337127303	4
radial_rms	0.7409115581317033	1.6149048006081508	current-baseline[delta=0.2]	repulsive-gap[alpha=4]	0.6771457440857765	0.7399926184351184	1.3333546187389718	4
angle_gap_cv	0.2616784580808968	0.6400033631006521	current-baseline[delta=0.2]	repulsive-gap[alpha=4]	0.6667006698780787	0.20921976904709866	0.5488821688088872	4
log_perimeter	1.4304395680409805	2.1331913922170256	current-baseline[delta=0.2]	repulsive-gap[regular]	0.0	1.3862943611198906	1.3862943611198906	4
width_ratio	1.0492313267528321	3.143965348056279	current-baseline[delta=0.2]	repulsive-gap[regular]	0.0	1.0	1.0000000000000004	4
radial_rms	0.7409115581317033	1.6149048006081508	current-baseline[delta=0.2]	repulsive-gap[regular]	0.0	0.7071067811865476	0.7071067811865477	4
angle_gap_cv	0.2616784580808968	0.6400033631006521	current-baseline[delta=0.2]	repulsive-gap[regular]	0.0	7.507042253784959e-17	5.000895941986525e-16	4
log_perimeter	1.4304395680409805	2.1331913922170256	current-baseline[delta=0.2]	zonogon[lengths=uniform(0.5,1.5)]	0.5175726680760133	1.4051741627115668	2.7629580402652314	4
width_ratio	1.0492313267528321	3.143965348056279	current-baseline[delta=0.2]	zonogon[lengths=uniform(0.5,1.5)]	0.5461589116917369	1.146057113610664	4.7073392357807355	4
radial_rms	0.7409115581317033	1.6149048006081508	current-baseline[delta=0.2]	zonogon[lengths=uniform(0.5,1.5)]	0.4176629903793501	0.7269817811989431	2.8195618340368234	4
angle_gap_cv	0.2616784580808968	0.6400033631006521	current-baseline[delta=0.2]	zonogon[lengths=uniform(0.5,1.5)]	0.44567273838081306	0.10995566931636469	0.9588406749244233	4
log_perimeter	1.3953300941118596	1.4856720637286507	primal-hull-uniform-disk[points=n+4,origin=interior]	regular-mutation[steps=4,scale=0.03]	0.0	1.3866981498765056	1.388654574687121	4
width_ratio	1.0206883339792183	1.5093497008700216	primal-hull-uniform-disk[points=n+4,origin=interior]	regular-mutation[steps=4,scale=0.03]	0.13559336516769824	1.0098366161657886	1.0884189940795628	4
radial_rms	0.7166135064529712	0.8259834298016459	primal-hull-uniform-disk[points=n+4,origin=interior]	regular-mutation[steps=4,scale=0.03]	0.0	0.7074416650822625	0.7094131936153507	4
angle_gap_cv	0.08880158795700899	0.4276612068472411	primal-hull-uniform-disk[points=n+4,origin=interior]	regular-mutation[steps=4,scale=0.03]	0.0	0.025606612856794293	0.0629196900701239	4
log_perimeter	1.3953300941118596	1.4856720637286507	primal-hull-uniform-disk[points=n+4,origin=interior]	repulsive-gap[alpha=16]	0.8495321639216566	1.3884986677214526	1.4778820194974707	4
width_ratio	1.0206883339792183	1.5093497008700216	primal-hull-uniform-disk[points=n+4,origin=interior]	repulsive-gap[alpha=16]	0.705099359861178	1.051459268328949	1.6700867856119406	4
radial_rms	0.7166135064529712	0.8259834298016459	primal-hull-uniform-disk[points=n+4,origin=interior]	repulsive-gap[alpha=16]	0.6975340848888424	0.7088477833931989	0.7983196123783503	4
angle_gap_cv	0.08880158795700899	0.4276612068472411	primal-hull-uniform-disk[points=n+4,origin=interior]	repulsive-gap[alpha=16]	0.6474652906679867	0.05865718423584082	0.32771888471475563	4
log_perimeter	1.3953300941118596	1.4856720637286507	primal-hull-uniform-disk[points=n+4,origin=interior]	repulsive-gap[alpha=1]	0.05189849440304954	1.430732433898027	2.4539278523426935	4
width_ratio	1.0206883339792183	1.5093497008700216	primal-hull-uniform-disk[points=n+4,origin=interior]	repulsive-gap[alpha=1]	0.09638968116631919	1.0281988843056495	6.012413700661907	4
radial_rms	0.7166135064529712	0.8259834298016459	primal-hull-uniform-disk[points=n+4,origin=interior]	repulsive-gap[alpha=1]	0.039532824988145115	0.7468739373239729	2.7177225215915524	4
angle_gap_cv	0.08880158795700899	0.4276612068472411	primal-hull-uniform-disk[points=n+4,origin=interior]	repulsive-gap[alpha=1]	0.23510770835905373	0.26309184460831464	0.7887759247728742	4
log_perimeter	1.3953300941118596	1.4856720637286507	primal-hull-uniform-disk[points=n+4,origin=interior]	repulsive-gap[alpha=4]	0.1392728547964669	1.4193176116480597	1.871765018760753	4
width_ratio	1.0206883339792183	1.5093497008700216	primal-hull-uniform-disk[points=n+4,origin=interior]	repulsive-gap[alpha=4]	0.16233637342775742	1.0236520956366235	4.012609337127303	4
radial_rms	0.7166135064529712	0.8259834298016459	primal-hull-uniform-disk[points=n+4,origin=interior]	repulsive-gap[alpha=4]	0.13942772689142702	0.7399926184351184	1.3333546187389718	4
angle_gap_cv	0.08880158795700899	0.4276612068472411	primal-hull-uniform-disk[points=n+4,origin=interior]	repulsive-gap[alpha=4]	0.4747895192526484	0.20921976904709866	0.5488821688088872	4
log_perimeter	1.3953300941118596	1.4856720637286507	primal-hull-uniform-disk[points=n+4,origin=interior]	repulsive-gap[regular]	0.0	1.3862943611198906	1.3862943611198906	4
width_ratio	1.0206883339792183	1.5093497008700216	primal-hull-uniform-disk[points=n+4,origin=interior]	repulsive-gap[regular]	0.0	1.0	1.0000000000000004	4
radial_rms	0.7166135064529712	0.8259834298016459	primal-hull-uniform-disk[points=n+4,origin=interior]	repulsive-gap[regular]	0.0	0.7071067811865476	0.7071067811865477	4
angle_gap_cv	0.08880158795700899	0.4276612068472411	primal-hull-uniform-disk[points=n+4,origin=interior]	repulsive-gap[regular]	0.0	7.507042253784959e-17	5.000895941986525e-16	4
log_perimeter	1.3953300941118596	1.4856720637286507	primal-hull-uniform-disk[points=n+4,origin=interior]	zonogon[lengths=uniform(0.5,1.5)]	0.0588595028666199	1.4051741627115668	2.7629580402652314	4
width_ratio	1.0206883339792183	1.5093497008700216	primal-hull-uniform-disk[points=n+4,origin=interior]	zonogon[lengths=uniform(0.5,1.5)]	0.09854271449510751	1.146057113610664	4.7073392357807355	4
radial_rms	0.7166135064529712	0.8259834298016459	primal-hull-uniform-disk[points=n+4,origin=interior]	zonogon[lengths=uniform(0.5,1.5)]	0.04707754693927696	0.7269817811989431	2.8195618340368234	4
angle_gap_cv	0.08880158795700899	0.4276612068472411	primal-hull-uniform-disk[points=n+4,origin=interior]	zonogon[lengths=uniform(0.5,1.5)]	0.36516237292081055	0.10995566931636469	0.9588406749244233	4
log_perimeter	1.3866981498765056	1.388654574687121	regular-mutation[steps=4,scale=0.03]	repulsive-gap[alpha=16]	0.0017098086132618666	1.3884986677214526	1.4778820194974707	4
width_ratio	1.0098366161657886	1.0884189940795628	regular-mutation[steps=4,scale=0.03]	repulsive-gap[alpha=16]	0.055978366172351454	1.051459268328949	1.6700867856119406	4
radial_rms	0.7074416650822625	0.7094131936153507	regular-mutation[steps=4,scale=0.03]	repulsive-gap[alpha=16]	0.006221643852822601	0.7088477833931989	0.7983196123783503	4
angle_gap_cv	0.025606612856794293	0.0629196900701239	regular-mutation[steps=4,scale=0.03]	repulsive-gap[alpha=16]	0.014109012547120554	0.05865718423584082	0.32771888471475563	4
log_perimeter	1.3866981498765056	1.388654574687121	regular-mutation[steps=4,scale=0.03]	repulsive-gap[alpha=1]	0.0	1.430732433898027	2.4539278523426935	4
width_ratio	1.0098366161657886	1.0884189940795628	regular-mutation[steps=4,scale=0.03]	repulsive-gap[alpha=1]	0.012037817460233873	1.0281988843056495	6.012413700661907	4
radial_rms	0.7074416650822625	0.7094131936153507	regular-mutation[steps=4,scale=0.03]	repulsive-gap[alpha=1]	0.0	0.7468739373239729	2.7177225215915524	4
angle_gap_cv	0.025606612856794293	0.0629196900701239	regular-mutation[steps=4,scale=0.03]	repulsive-gap[alpha=1]	0.0	0.26309184460831464	0.7887759247728742	4
log_perimeter	1.3866981498765056	1.388654574687121	regular-mutation[steps=4,scale=0.03]	repulsive-gap[alpha=4]	0.0	1.4193176116480597	1.871765018760753	4
width_ratio	1.0098366161657886	1.0884189940795628	regular-mutation[steps=4,scale=0.03]	repulsive-gap[alpha=4]	0.02156903117935623	1.0236520956366235	4.012609337127303	4
radial_rms	0.7074416650822625	0.7094131936153507	regular-mutation[steps=4,scale=0.03]	repulsive-gap[alpha=4]	0.0	0.7399926184351184	1.3333546187389718	4
angle_gap_cv	0.025606612856794293	0.0629196900701239	regular-mutation[steps=4,scale=0.03]	repulsive-gap[alpha=4]	0.0	0.20921976904709866	0.5488821688088872	4
log_perimeter	1.3866981498765056	1.388654574687121	regular-mutation[steps=4,scale=0.03]	repulsive-gap[regular]	0.0	1.3862943611198906	1.3862943611198906	4
width_ratio	1.0098366161657886	1.0884189940795628	regular-mutation[steps=4,scale=0.03]	repulsive-gap[regular]	0.0	1.0	1.0000000000000004	4
radial_rms	0.7074416650822625	0.7094131936153507	regular-mutation[steps=4,scale=0.03]	repulsive-gap[regular]	0.0	0.7071067811865476	0.7071067811865477	4
angle_gap_cv	0.025606612856794293	0.0629196900701239	regular-mutation[steps=4,scale=0.03]	repulsive-gap[regular]	0.0	7.507042253784959e-17	5.000895941986525e-16	4
log_perimeter	1.3866981498765056	1.388654574687121	regular-mutation[steps=4,scale=0.03]	zonogon[lengths=uniform(0.5,1.5)]	0.0	1.4051741627115668	2.7629580402652314	4
width_ratio	1.0098366161657886	1.0884189940795628	regular-mutation[steps=4,scale=0.03]	zonogon[lengths=uniform(0.5,1.5)]	0.0	1.146057113610664	4.7073392357807355	4
radial_rms	0.7074416650822625	0.7094131936153507	regular-mutation[steps=4,scale=0.03]	zonogon[lengths=uniform(0.5,1.5)]	0.0	0.7269817811989431	2.8195618340368234	4
angle_gap_cv	0.025606612856794293	0.0629196900701239	regular-mutation[steps=4,scale=0.03]	zonogon[lengths=uniform(0.5,1.5)]	0.0	0.10995566931636469	0.9588406749244233	4
log_perimeter	1.3884986677214526	1.4778820194974707	repulsive-gap[alpha=16]	repulsive-gap[alpha=1]	0.04425407739905805	1.430732433898027	2.4539278523426935	4
width_ratio	1.051459268328949	1.6700867856119406	repulsive-gap[alpha=16]	repulsive-gap[alpha=1]	0.1241173464781045	1.0281988843056495	6.012413700661907	4
radial_rms	0.7088477833931989	0.7983196123783503	repulsive-gap[alpha=16]	repulsive-gap[alpha=1]	0.025609200054213476	0.7468739373239729	2.7177225215915524	4
angle_gap_cv	0.05865718423584082	0.32771888471475563	repulsive-gap[alpha=16]	repulsive-gap[alpha=1]	0.08851579410070348	0.26309184460831464	0.7887759247728742	4
log_perimeter	1.3884986677214526	1.4778820194974707	repulsive-gap[alpha=16]	repulsive-gap[alpha=4]	0.12118453462249922	1.4193176116480597	1.871765018760753	4
width_ratio	1.051459268328949	1.6700867856119406	repulsive-gap[alpha=16]	repulsive-gap[alpha=4]	0.20697101607732069	1.0236520956366235	4.012609337127303	4
radial_rms	0.7088477833931989	0.7983196123783503	repulsive-gap[alpha=16]	repulsive-gap[alpha=4]	0.0933968863782535	0.7399926184351184	1.3333546187389718	4
angle_gap_cv	0.05865718423584082	0.32771888471475563	repulsive-gap[alpha=16]	repulsive-gap[alpha=4]	0.24172394185674131	0.20921976904709866	0.5488821688088872	4
log_perimeter	1.3884986677214526	1.4778820194974707	repulsive-gap[alpha=16]	repulsive-gap[regular]	0.0	1.3862943611198906	1.3862943611198906	4
width_ratio	1.051459268328949	1.6700867856119406	repulsive-gap[alpha=16]	repulsive-gap[regular]	0.0	1.0	1.0000000000000004	4
radial_rms	0.7088477833931989	0.7983196123783503	repulsive-gap[alpha=16]	repulsive-gap[regular]	0.0	0.7071067811865476	0.7071067811865477	4
angle_gap_cv	0.05865718423584082	0.32771888471475563	repulsive-gap[alpha=16]	repulsive-gap[regular]	0.0	7.507042253784959e-17	5.000895941986525e-16	4
log_perimeter	1.3884986677214526	1.4778820194974707	repulsive-gap[alpha=16]	zonogon[lengths=uniform(0.5,1.5)]	0.05289924041286131	1.4051741627115668	2.7629580402652314	4
width_ratio	1.051459268328949	1.6700867856119406	repulsive-gap[alpha=16]	zonogon[lengths=uniform(0.5,1.5)]	0.14333886141413293	1.146057113610664	4.7073392357807355	4
radial_rms	0.7088477833931989	0.7983196123783503	repulsive-gap[alpha=16]	zonogon[lengths=uniform(0.5,1.5)]	0.03379796100644423	0.7269817811989431	2.8195618340368234	4
angle_gap_cv	0.05865718423584082	0.32771888471475563	repulsive-gap[alpha=16]	zonogon[lengths=uniform(0.5,1.5)]	0.2419098080012733	0.10995566931636469	0.9588406749244233	4
log_perimeter	1.430732433898027	2.4539278523426935	repulsive-gap[alpha=1]	repulsive-gap[alpha=4]	0.42627896720471115	1.4193176116480597	1.871765018760753	4
width_ratio	1.0281988843056495	6.012413700661907	repulsive-gap[alpha=1]	repulsive-gap[alpha=4]	0.5982267121795106	1.0236520956366235	4.012609337127303	4
radial_rms	0.7468739373239729	2.7177225215915524	repulsive-gap[alpha=1]	repulsive-gap[alpha=4]	0.2965423541804078	0.7399926184351184	1.3333546187389718	4
angle_gap_cv	0.26309184460831464	0.7887759247728742	repulsive-gap[alpha=1]	repulsive-gap[alpha=4]	0.4931192972019745	0.20921976904709866	0.5488821688088872	4
log_perimeter	1.430732433898027	2.4539278523426935	repulsive-gap[alpha=1]	repulsive-gap[regular]	0.0	1.3862943611198906	1.3862943611198906	4
width_ratio	1.0281988843056495	6.012413700661907	repulsive-gap[alpha=1]	repulsive-gap[regular]	0.0	1.0	1.0000000000000004	4
radial_rms	0.7468739373239729	2.7177225215915524	repulsive-gap[alpha=1]	repulsive-gap[regular]	0.0	0.7071067811865476	0.7071067811865477	4
angle_gap_cv	0.26309184460831464	0.7887759247728742	repulsive-gap[alpha=1]	repulsive-gap[regular]	0.0	7.507042253784959e-17	5.000895941986525e-16	4
log_perimeter	1.430732433898027	2.4539278523426935	repulsive-gap[alpha=1]	zonogon[lengths=uniform(0.5,1.5)]	0.753577528323705	1.4051741627115668	2.7629580402652314	4
width_ratio	1.0281988843056495	6.012413700661907	repulsive-gap[alpha=1]	zonogon[lengths=uniform(0.5,1.5)]	0.7145121655839004	1.146057113610664	4.7073392357807355	4
radial_rms	0.7468739373239729	2.7177225215915524	repulsive-gap[alpha=1]	zonogon[lengths=uniform(0.5,1.5)]	0.9418270912000651	0.7269817811989431	2.8195618340368234	4
angle_gap_cv	0.26309184460831464	0.7887759247728742	repulsive-gap[alpha=1]	zonogon[lengths=uniform(0.5,1.5)]	0.6192641838313666	0.10995566931636469	0.9588406749244233	4
log_perimeter	1.4193176116480597	1.871765018760753	repulsive-gap[alpha=4]	repulsive-gap[regular]	0.0	1.3862943611198906	1.3862943611198906	4
width_ratio	1.0236520956366235	4.012609337127303	repulsive-gap[alpha=4]	repulsive-gap[regular]	0.0	1.0	1.0000000000000004	4
radial_rms	0.7399926184351184	1.3333546187389718	repulsive-gap[alpha=4]	repulsive-gap[regular]	0.0	0.7071067811865476	0.7071067811865477	4
angle_gap_cv	0.20921976904709866	0.5488821688088872	repulsive-gap[alpha=4]	repulsive-gap[regular]	0.0	7.507042253784959e-17	5.000895941986525e-16	4
log_perimeter	1.4193176116480597	1.871765018760753	repulsive-gap[alpha=4]	zonogon[lengths=uniform(0.5,1.5)]	0.3332249075809276	1.4051741627115668	2.7629580402652314	4
width_ratio	1.0236520956366235	4.012609337127303	repulsive-gap[alpha=4]	zonogon[lengths=uniform(0.5,1.5)]	0.7781747239817155	1.146057113610664	4.7073392357807355	4
radial_rms	0.7399926184351184	1.3333546187389718	repulsive-gap[alpha=4]	zonogon[lengths=uniform(0.5,1.5)]	0.2835552214593452	0.7269817811989431	2.8195618340368234	4
angle_gap_cv	0.20921976904709866	0.5488821688088872	repulsive-gap[alpha=4]	zonogon[lengths=uniform(0.5,1.5)]	0.40012769399606424	0.10995566931636469	0.9588406749244233	4
log_perimeter	1.3862943611198906	1.3862943611198906	repulsive-gap[regular]	zonogon[lengths=uniform(0.5,1.5)]	0.0	1.4051741627115668	2.7629580402652314	4
width_ratio	1.0	1.0000000000000004	repulsive-gap[regular]	zonogon[lengths=uniform(0.5,1.5)]	0.0	1.146057113610664	4.7073392357807355	4
radial_rms	0.7071067811865476	0.7071067811865477	repulsive-gap[regular]	zonogon[lengths=uniform(0.5,1.5)]	0.0	0.7269817811989431	2.8195618340368234	4
angle_gap_cv	7.507042253784959e-17	5.000895941986525e-16	repulsive-gap[regular]	zonogon[lengths=uniform(0.5,1.5)]	0.0	0.10995566931636469	0.9588406749244233	4
log_perimeter	1.35484712216797	1.9003301674675603	current-baseline[delta=0.2]	primal-hull-uniform-disk[points=n+4,origin=interior]	0.12944060414453548	1.343566054504545	1.4269150053158992	6
width_ratio	1.043495335577952	2.731433368931936	current-baseline[delta=0.2]	primal-hull-uniform-disk[points=n+4,origin=interior]	0.30933194464920943	1.0247884045697375	1.5714151412298916	6
radial_rms	0.6397109769849562	1.47755192039174	current-baseline[delta=0.2]	primal-hull-uniform-disk[points=n+4,origin=interior]	0.10180950862331273	0.637877265613559	0.7251978409913725	6
angle_gap_cv	0.40635518781917873	0.8474687725938685	current-baseline[delta=0.2]	primal-hull-uniform-disk[points=n+4,origin=interior]	0.4151682580656844	0.2876267107876109	0.6387838414111839	6
log_perimeter	1.35484712216797	1.9003301674675603	current-baseline[delta=0.2]	regular-mutation[steps=4,scale=0.03]	0.0	1.3147938989716441	1.316786245714454	6
width_ratio	1.043495335577952	2.731433368931936	current-baseline[delta=0.2]	regular-mutation[steps=4,scale=0.03]	0.06332550964721415	1.0068136181677658	1.1527077602427445	6
radial_rms	0.6397109769849562	1.47755192039174	current-baseline[delta=0.2]	regular-mutation[steps=4,scale=0.03]	0.0	0.6207275519341678	0.622113600892554	6
angle_gap_cv	0.40635518781917873	0.8474687725938685	current-baseline[delta=0.2]	regular-mutation[steps=4,scale=0.03]	0.0	0.03841001733949927	0.10178979851568361	6
log_perimeter	1.35484712216797	1.9003301674675603	current-baseline[delta=0.2]	repulsive-gap[alpha=16]	0.0	1.3170901185942967	1.3312947778343203	6
width_ratio	1.043495335577952	2.731433368931936	current-baseline[delta=0.2]	repulsive-gap[alpha=16]	0.0696737898015024	1.0168301890851348	1.1629582371235856	6
radial_rms	0.6397109769849562	1.47755192039174	current-baseline[delta=0.2]	repulsive-gap[alpha=16]	0.0	0.6220573439729574	0.630362151887337	6
angle_gap_cv	0.40635518781917873	0.8474687725938685	current-baseline[delta=0.2]	repulsive-gap[alpha=16]	0.0	0.12282653109441252	0.2925158788952339	6
log_perimeter	1.35484712216797	1.9003301674675603	current-baseline[delta=0.2]	repulsive-gap[alpha=1]	0.5590832273140793	1.3603108023861723	2.3207486886945192	6
width_ratio	1.043495335577952	2.731433368931936	current-baseline[delta=0.2]	repulsive-gap[alpha=1]	0.698522207818045	1.0187619387635949	2.2398343642460303	6
radial_rms	0.6397109769849562	1.47755192039174	current-baseline[delta=0.2]	repulsive-gap[alpha=1]	0.48553840319758984	0.6367620157524446	2.3623535197180425	6
angle_gap_cv	0.40635518781917873	0.8474687725938685	current-baseline[delta=0.2]	repulsive-gap[alpha=1]	0.6074342576922318	0.4567396500308516	1.0496003087767578	6
log_perimeter	1.35484712216797	1.9003301674675603	current-baseline[delta=0.2]	repulsive-gap[alpha=4]	0.119671710365338	1.3257807233611976	1.4236044368336327	6
width_ratio	1.043495335577952	2.731433368931936	current-baseline[delta=0.2]	repulsive-gap[alpha=4]	0.2545754963801362	1.007243896365025	1.4824317264100786	6
radial_rms	0.6397109769849562	1.47755192039174	current-baseline[delta=0.2]	repulsive-gap[alpha=4]	0.08447674959511589	0.6248776032299415	0.7117421317620198	6
angle_gap_cv	0.40635518781917873	0.8474687725938685	current-baseline[delta=0.2]	repulsive-gap[alpha=4]	0.3799183174504782	0.25029320116132875	0.6332331261403571	6
log_perimeter	1.35484712216797	1.9003301674675603	current-baseline[delta=0.2]	repulsive-gap[regular]	0.0	1.3143738430069454	1.3143738430069456	6
width_ratio	1.043495335577952	2.731433368931936	current-baseline[delta=0.2]	repulsive-gap[regular]	0.05504167870482509	1.0131377071024879	1.1380732133162632	6
radial_rms	0.6397109769849562	1.47755192039174	current-baseline[delta=0.2]	repulsive-gap[regular]	0.0	0.6204032394013997	0.6204032394013999	6
angle_gap_cv	0.40635518781917873	0.8474687725938685	current-baseline[delta=0.2]	repulsive-gap[regular]	0.0	3.3690915591456036e-16	1.2214206524063387e-15	6
log_perimeter	1.35484712216797	1.9003301674675603	current-baseline[delta=0.2]	zonogon[lengths=uniform(0.5,1.5)]	0.5545884734197755	1.3250919563078354	1.6738676035477644	6
width_ratio	1.043495335577952	2.731433368931936	current-baseline[delta=0.2]	zonogon[lengths=uniform(0.5,1.5)]	0.6939943492727709	1.013547761094306	3.4457549326984496	6
radial_rms	0.6397109769849562	1.47755192039174	current-baseline[delta=0.2]	zonogon[lengths=uniform(0.5,1.5)]	0.296327537039545	0.6299774333496425	0.8908706371876967	6
angle_gap_cv	0.40635518781917873	0.8474687725938685	current-baseline[delta=0.2]	zonogon[lengths=uniform(0.5,1.5)]	0.5374822646424426	0.16350822416158184	0.9842117408964799	6
log_perimeter	1.343566054504545	1.4269150053158992	primal-hull-uniform-disk[points=n+4,origin=interior]	regular-mutation[steps=4,scale=0.03]	0.0	1.3147938989716441	1.316786245714454	6
width_ratio	1.0247884045697375	1.5714151412298916	primal-hull-uniform-disk[points=n+4,origin=interior]	regular-mutation[steps=4,scale=0.03]	0.2265657290104961	1.0068136181677658	1.1527077602427445	6
radial_rms	0.637877265613559	0.7251978409913725	primal-hull-uniform-disk[points=n+4,origin=interior]	regular-mutation[steps=4,scale=0.03]	0.0	0.6207275519341678	0.622113600892554	6
angle_gap_cv	0.2876267107876109	0.6387838414111839	primal-hull-uniform-disk[points=n+4,origin=interior]	regular-mutation[steps=4,scale=0.03]	0.0	0.03841001733949927	0.10178979851568361	6
log_perimeter	1.343566054504545	1.4269150053158992	primal-hull-uniform-disk[points=n+4,origin=interior]	repulsive-gap[alpha=16]	0.0	1.3170901185942967	1.3312947778343203	6
width_ratio	1.0247884045697375	1.5714151412298916	primal-hull-uniform-disk[points=n+4,origin=interior]	repulsive-gap[alpha=16]	0.2491409693312112	1.0168301890851348	1.1629582371235856	6
radial_rms	0.637877265613559	0.7251978409913725	primal-hull-uniform-disk[points=n+4,origin=interior]	repulsive-gap[alpha=16]	0.0	0.6220573439729574	0.630362151887337	6
angle_gap_cv	0.2876267107876109	0.6387838414111839	primal-hull-uniform-disk[points=n+4,origin=interior]	repulsive-gap[alpha=16]	0.009475915952467698	0.12282653109441252	0.2925158788952339	6
log_perimeter	1.343566054504545	1.4269150053158992	primal-hull-uniform-disk[points=n+4,origin=interior]	repulsive-gap[alpha=1]	0.06815942138077166	1.3603108023861723	2.3207486886945192	6
width_ratio	1.0247884045697375	1.5714151412298916	primal-hull-uniform-disk[points=n+4,origin=interior]	repulsive-gap[alpha=1]	0.44766119130418197	1.0187619387635949	2.2398343642460303	6
radial_rms	0.637877265613559	0.7251978409913725	primal-hull-uniform-disk[points=n+4,origin=interior]	repulsive-gap[alpha=1]	0.05060327150263626	0.6367620157524446	2.3623535197180425	6
angle_gap_cv	0.2876267107876109	0.6387838414111839	primal-hull-uniform-disk[points=n+4,origin=interior]	repulsive-gap[alpha=1]	0.23891141617078088	0.4567396500308516	1.0496003087767578	6
log_perimeter	1.343566054504545	1.4269150053158992	primal-hull-uniform-disk[points=n+4,origin=interior]	repulsive-gap[alpha=4]	0.7914070360922443	1.3257807233611976	1.4236044368336327	6
width_ratio	1.0247884045697375	1.5714151412298916	primal-hull-uniform-disk[points=n+4,origin=interior]	repulsive-gap[alpha=4]	0.8111780350484866	1.007243896365025	1.4824317264100786	6
radial_rms	0.637877265613559	0.7251978409913725	primal-hull-uniform-disk[points=n+4,origin=interior]	repulsive-gap[alpha=4]	0.7362907803719225	0.6248776032299415	0.7117421317620198	6
angle_gap_cv	0.2876267107876109	0.6387838414111839	primal-hull-uniform-disk[points=n+4,origin=interior]	repulsive-gap[alpha=4]	0.8896132352904866	0.25029320116132875	0.6332331261403571	6
log_perimeter	1.343566054504545	1.4269150053158992	primal-hull-uniform-disk[points=n+4,origin=interior]	repulsive-gap[regular]	0.0	1.3143738430069454	1.3143738430069456	6
width_ratio	1.0247884045697375	1.5714151412298916	primal-hull-uniform-disk[points=n+4,origin=interior]	repulsive-gap[regular]	0.20291848070769974	1.0131377071024879	1.1380732133162632	6
radial_rms	0.637877265613559	0.7251978409913725	primal-hull-uniform-disk[points=n+4,origin=interior]	repulsive-gap[regular]	0.0	0.6204032394013997	0.6204032394013999	6
angle_gap_cv	0.2876267107876109	0.6387838414111839	primal-hull-uniform-disk[points=n+4,origin=interior]	repulsive-gap[regular]	0.0	3.3690915591456036e-16	1.2214206524063387e-15	6
log_perimeter	1.343566054504545	1.4269150053158992	primal-hull-uniform-disk[points=n+4,origin=interior]	zonogon[lengths=uniform(0.5,1.5)]	0.23897583294861482	1.3250919563078354	1.6738676035477644	6
width_ratio	1.0247884045697375	1.5714151412298916	primal-hull-uniform-disk[points=n+4,origin=interior]	zonogon[lengths=uniform(0.5,1.5)]	0.22474513809595859	1.013547761094306	3.4457549326984496	6
radial_rms	0.637877265613559	0.7251978409913725	primal-hull-uniform-disk[points=n+4,origin=interior]	zonogon[lengths=uniform(0.5,1.5)]	0.33469854366929624	0.6299774333496425	0.8908706371876967	6
angle_gap_cv	0.2876267107876109	0.6387838414111839	primal-hull-uniform-disk[points=n+4,origin=interior]	zonogon[lengths=uniform(0.5,1.5)]	0.42787331047468036	0.16350822416158184	0.9842117408964799	6
log_perimeter	1.3147938989716441	1.316786245714454	regular-mutation[steps=4,scale=0.03]	repulsive-gap[alpha=16]	0.0	1.3170901185942967	1.3312947778343203	6
width_ratio	1.0068136181677658	1.1527077602427445	regular-mutation[steps=4,scale=0.03]	repulsive-gap[alpha=16]	0.8702033542126447	1.0168301890851348	1.1629582371235856	6
radial_rms	0.6207275519341678	0.622113600892554	regular-mutation[steps=4,scale=0.03]	repulsive-gap[alpha=16]	0.005839050907146108	0.6220573439729574	0.630362151887337	6
angle_gap_cv	0.03841001733949927	0.10178979851568361	regular-mutation[steps=4,scale=0.03]	repulsive-gap[alpha=16]	0.0	0.12282653109441252	0.2925158788952339	6
log_perimeter	1.3147938989716441	1.316786245714454	regular-mutation[steps=4,scale=0.03]	repulsive-gap[alpha=1]	0.0	1.3603108023861723	2.3207486886945192	6
width_ratio	1.0068136181677658	1.1527077602427445	regular-mutation[steps=4,scale=0.03]	repulsive-gap[alpha=1]	0.10863225286774496	1.0187619387635949	2.2398343642460303	6
radial_rms	0.6207275519341678	0.622113600892554	regular-mutation[steps=4,scale=0.03]	repulsive-gap[alpha=1]	0.0	0.6367620157524446	2.3623535197180425	6
angle_gap_cv	0.03841001733949927	0.10178979851568361	regular-mutation[steps=4,scale=0.03]	repulsive-gap[alpha=1]	0.0	0.4567396500308516	1.0496003087767578	6
log_perimeter	1.3147938989716441	1.316786245714454	regular-mutation[steps=4,scale=0.03]	repulsive-gap[alpha=4]	0.0	1.3257807233611976	1.4236044368336327	6
width_ratio	1.0068136181677658	1.1527077602427445	regular-mutation[steps=4,scale=0.03]	repulsive-gap[alpha=4]	0.3058417275475351	1.007243896365025	1.4824317264100786	6
radial_rms	0.6207275519341678	0.622113600892554	regular-mutation[steps=4,scale=0.03]	repulsive-gap[alpha=4]	0.0	0.6248776032299415	0.7117421317620198	6
angle_gap_cv	0.03841001733949927	0.10178979851568361	regular-mutation[steps=4,scale=0.03]	repulsive-gap[alpha=4]	0.0	0.25029320116132875	0.6332331261403571	6
log_perimeter	1.3147938989716441	1.316786245714454	regular-mutation[steps=4,scale=0.03]	repulsive-gap[regular]	0.0	1.3143738430069454	1.3143738430069456	6
width_ratio	1.0068136181677658	1.1527077602427445	regular-mutation[steps=4,scale=0.03]	repulsive-gap[regular]	0.8563435408501041	1.0131377071024879	1.1380732133162632	6
radial_rms	0.6207275519341678	0.622113600892554	regular-mutation[steps=4,scale=0.03]	repulsive-gap[regular]	0.0	0.6204032394013997	0.6204032394013999	6
angle_gap_cv	0.03841001733949927	0.10178979851568361	regular-mutation[steps=4,scale=0.03]	repulsive-gap[regular]	0.0	3.3690915591456036e-16	1.2214206524063387e-15	6
log_perimeter	1.3147938989716441	1.316786245714454	regular-mutation[steps=4,scale=0.03]	zonogon[lengths=uniform(0.5,1.5)]	0.0	1.3250919563078354	1.6738676035477644	6
width_ratio	1.0068136181677658	1.1527077602427445	regular-mutation[steps=4,scale=0.03]	zonogon[lengths=uniform(0.5,1.5)]	0.057057543090255326	1.013547761094306	3.4457549326984496	6
radial_rms	0.6207275519341678	0.622113600892554	regular-mutation[steps=4,scale=0.03]	zonogon[lengths=uniform(0.5,1.5)]	0.0	0.6299774333496425	0.8908706371876967	6
angle_gap_cv	0.03841001733949927	0.10178979851568361	regular-mutation[steps=4,scale=0.03]	zonogon[lengths=uniform(0.5,1.5)]	0.0	0.16350822416158184	0.9842117408964799	6
log_perimeter	1.3170901185942967	1.3312947778343203	repulsive-gap[alpha=16]	repulsive-gap[alpha=1]	0.0	1.3603108023861723	2.3207486886945192	6
width_ratio	1.0168301890851348	1.1629582371235856	repulsive-gap[alpha=16]	repulsive-gap[alpha=1]	0.11790335739534215	1.0187619387635949	2.2398343642460303	6
radial_rms	0.6220573439729574	0.630362151887337	repulsive-gap[alpha=16]	repulsive-gap[alpha=1]	0.0	0.6367620157524446	2.3623535197180425	6
angle_gap_cv	0.12282653109441252	0.2925158788952339	repulsive-gap[alpha=16]	repulsive-gap[alpha=1]	0.0	0.4567396500308516	1.0496003087767578	6
log_perimeter	1.3170901185942967	1.3312947778343203	repulsive-gap[alpha=16]	repulsive-gap[alpha=4]	0.05176819947091719	1.3257807233611976	1.4236044368336327	6
width_ratio	1.0168301890851348	1.1629582371235856	repulsive-gap[alpha=16]	repulsive-gap[alpha=4]	0.3075163941479648	1.007243896365025	1.4824317264100786	6
radial_rms	0.6220573439729574	0.630362151887337	repulsive-gap[alpha=16]	repulsive-gap[alpha=4]	0.061153611360436684	0.6248776032299415	0.7117421317620198	6
angle_gap_cv	0.12282653109441252	0.2925158788952339	repulsive-gap[alpha=16]	repulsive-gap[alpha=4]	0.08272361318157428	0.25029320116132875	0.6332331261403571	6
log_perimeter	1.3170901185942967	1.3312947778343203	repulsive-gap[alpha=16]	repulsive-gap[regular]	0.0	1.3143738430069454	1.3143738430069456	6
width_ratio	1.0168301890851348	1.1629582371235856	repulsive-gap[alpha=16]	repulsive-gap[regular]	0.8092550748155475	1.0131377071024879	1.1380732133162632	6
radial_rms	0.6220573439729574	0.630362151887337	repulsive-gap[alpha=16]	repulsive-gap[regular]	0.0	0.6204032394013997	0.6204032394013999	6
angle_gap_cv	0.12282653109441252	0.2925158788952339	repulsive-gap[alpha=16]	repulsive-gap[regular]	0.0	3.3690915591456036e-16	1.2214206524063387e-15	6
log_perimeter	1.3170901185942967	1.3312947778343203	repulsive-gap[alpha=16]	zonogon[lengths=uniform(0.5,1.5)]	0.017385686563976637	1.3250919563078354	1.6738676035477644	6
width_ratio	1.0168301890851348	1.1629582371235856	repulsive-gap[alpha=16]	zonogon[lengths=uniform(0.5,1.5)]	0.06008042807557104	1.013547761094306	3.4457549326984496	6
radial_rms	0.6220573439729574	0.630362151887337	repulsive-gap[alpha=16]	zonogon[lengths=uniform(0.5,1.5)]	0.0014311737827160838	0.6299774333496425	0.8908706371876967	6
angle_gap_cv	0.12282653109441252	0.2925158788952339	repulsive-gap[alpha=16]	zonogon[lengths=uniform(0.5,1.5)]	0.14976766871037403	0.16350822416158184	0.9842117408964799	6
log_perimeter	1.3603108023861723	2.3207486886945192	repulsive-gap[alpha=1]	repulsive-gap[alpha=4]	0.0636137409974366	1.3257807233611976	1.4236044368336327	6
width_ratio	1.0187619387635949	2.2398343642460303	repulsive-gap[alpha=1]	repulsive-gap[alpha=4]	0.37617505548586355	1.007243896365025	1.4824317264100786	6
radial_rms	0.6367620157524446	2.3623535197180425	repulsive-gap[alpha=1]	repulsive-gap[alpha=4]	0.04315462176945156	0.6248776032299415	0.7117421317620198	6
angle_gap_cv	0.4567396500308516	1.0496003087767578	repulsive-gap[alpha=1]	repulsive-gap[alpha=4]	0.22080809044228078	0.25029320116132875	0.6332331261403571	6
log_perimeter	1.3603108023861723	2.3207486886945192	repulsive-gap[alpha=1]	repulsive-gap[regular]	0.0	1.3143738430069454	1.3143738430069456	6
width_ratio	1.0187619387635949	2.2398343642460303	repulsive-gap[alpha=1]	repulsive-gap[regular]	0.09726224805282653	1.0131377071024879	1.1380732133162632	6
radial_rms	0.6367620157524446	2.3623535197180425	repulsive-gap[alpha=1]	repulsive-gap[regular]	0.0	0.6204032394013997	0.6204032394013999	6
angle_gap_cv	0.4567396500308516	1.0496003087767578	repulsive-gap[alpha=1]	repulsive-gap[regular]	0.0	3.3690915591456036e-16	1.2214206524063387e-15	6
log_perimeter	1.3603108023861723	2.3207486886945192	repulsive-gap[alpha=1]	zonogon[lengths=uniform(0.5,1.5)]	0.31492460299039676	1.3250919563078354	1.6738676035477644	6
width_ratio	1.0187619387635949	2.2398343642460303	repulsive-gap[alpha=1]	zonogon[lengths=uniform(0.5,1.5)]	0.5020429343924213	1.013547761094306	3.4457549326984496	6
radial_rms	0.6367620157524446	2.3623535197180425	repulsive-gap[alpha=1]	zonogon[lengths=uniform(0.5,1.5)]	0.14668213411323572	0.6299774333496425	0.8908706371876967	6
angle_gap_cv	0.4567396500308516	1.0496003087767578	repulsive-gap[alpha=1]	zonogon[lengths=uniform(0.5,1.5)]	0.5952790912185002	0.16350822416158184	0.9842117408964799	6
log_perimeter	1.3257807233611976	1.4236044368336327	repulsive-gap[alpha=4]	repulsive-gap[regular]	0.0	1.3143738430069454	1.3143738430069456	6
width_ratio	1.007243896365025	1.4824317264100786	repulsive-gap[alpha=4]	repulsive-gap[regular]	0.26291815217980213	1.0131377071024879	1.1380732133162632	6
radial_rms	0.6248776032299415	0.7117421317620198	repulsive-gap[alpha=4]	repulsive-gap[regular]	0.0	0.6204032394013997	0.6204032394013999	6
angle_gap_cv	0.25029320116132875	0.6332331261403571	repulsive-gap[alpha=4]	repulsive-gap[regular]	0.0	3.3690915591456036e-16	1.2214206524063387e-15	6
log_perimeter	1.3257807233611976	1.4236044368336327	repulsive-gap[alpha=4]	zonogon[lengths=uniform(0.5,1.5)]	0.2804774767004889	1.3250919563078354	1.6738676035477644	6
width_ratio	1.007243896365025	1.4824317264100786	repulsive-gap[alpha=4]	zonogon[lengths=uniform(0.5,1.5)]	0.1922828965419785	1.013547761094306	3.4457549326984496	6
radial_rms	0.6248776032299415	0.7117421317620198	repulsive-gap[alpha=4]	zonogon[lengths=uniform(0.5,1.5)]	0.3073941343342214	0.6299774333496425	0.8908706371876967	6
angle_gap_cv	0.25029320116132875	0.6332331261403571	repulsive-gap[alpha=4]	zonogon[lengths=uniform(0.5,1.5)]	0.4665995906810825	0.16350822416158184	0.9842117408964799	6
log_perimeter	1.3143738430069454	1.3143738430069456	repulsive-gap[regular]	zonogon[lengths=uniform(0.5,1.5)]	0.0	1.3250919563078354	1.6738676035477644	6
width_ratio	1.0131377071024879	1.1380732133162632	repulsive-gap[regular]	zonogon[lengths=uniform(0.5,1.5)]	0.05118990810050273	1.013547761094306	3.4457549326984496	6
radial_rms	0.6204032394013997	0.6204032394013999	repulsive-gap[regular]	zonogon[lengths=uniform(0.5,1.5)]	0.0	0.6299774333496425	0.8908706371876967	6
angle_gap_cv	3.3690915591456036e-16	1.2214206524063387e-15	repulsive-gap[regular]	zonogon[lengths=uniform(0.5,1.5)]	0.0	0.16350822416158184	0.9842117408964799	6
