left_overlap_fraction	left_to_right_nearest_mean	n_left	n_right	overlap_definition	population_left	population_right	right_overlap_fraction	right_to_left_nearest_mean	sample_status	side_count
0.6666666666666666	0.7427227237581872	24	16	directed nearest cross-population distance <= source within-population pairwise median	current-baseline[delta=0.2]	primal-hull-uniform-disk[points=n+4,origin=interior]	1.0	0.04292481189625108	descriptive	3
0.6666666666666666	0.8496439214750827	24	24	directed nearest cross-population distance <= source within-population pairwise median	current-baseline[delta=0.2]	regular-mutation[steps=4,scale=0.03]	0.6666666666666666	0.029304930894974743	descriptive	3
0.7916666666666666	0.4962324615848545	24	24	directed nearest cross-population distance <= source within-population pairwise median	current-baseline[delta=0.2]	repulsive-gap[alpha=16]	0.9583333333333334	0.052832754452117804	descriptive	3
1.0	0.14616741606106504	24	24	directed nearest cross-population distance <= source within-population pairwise median	current-baseline[delta=0.2]	repulsive-gap[alpha=1]	0.9166666666666666	0.5314819465454409	descriptive	3
0.7916666666666666	0.44712753069776673	24	24	directed nearest cross-population distance <= source within-population pairwise median	current-baseline[delta=0.2]	repulsive-gap[alpha=4]	1.0	0.07371349525685066	descriptive	3
0.6666666666666666	0.903154146959351	24	24	directed nearest cross-population distance <= source within-population pairwise median	current-baseline[delta=0.2]	repulsive-gap[regular]	0.0	0.030013918078113	descriptive	3
0.625	0.06948487687708658	16	24	directed nearest cross-population distance <= source within-population pairwise median	primal-hull-uniform-disk[points=n+4,origin=interior]	regular-mutation[steps=4,scale=0.03]	0.4583333333333333	0.031946066894930465	descriptive	3
1.0	0.029882275948092327	16	24	directed nearest cross-population distance <= source within-population pairwise median	primal-hull-uniform-disk[points=n+4,origin=interior]	repulsive-gap[alpha=16]	0.7916666666666666	0.10442901146193624	descriptive	3
1.0	0.04925272110182118	16	24	directed nearest cross-population distance <= source within-population pairwise median	primal-hull-uniform-disk[points=n+4,origin=interior]	repulsive-gap[alpha=1]	0.625	1.3911444533197532	descriptive	3
1.0	0.030640751675543833	16	24	directed nearest cross-population distance <= source within-population pairwise median	primal-hull-uniform-disk[points=n+4,origin=interior]	repulsive-gap[alpha=4]	0.7083333333333334	0.24886905493532432	descriptive	3
0.375	0.12780435359632797	16	24	directed nearest cross-population distance <= source within-population pairwise median	primal-hull-uniform-disk[points=n+4,origin=interior]	repulsive-gap[regular]	0.0	0.053400050182402736	descriptive	3
0.5416666666666666	0.03091506079126474	24	24	directed nearest cross-population distance <= source within-population pairwise median	regular-mutation[steps=4,scale=0.03]	repulsive-gap[alpha=16]	0.6666666666666666	0.17178027048942754	descriptive	3
0.375	0.03088901133299175	24	24	directed nearest cross-population distance <= source within-population pairwise median	regular-mutation[steps=4,scale=0.03]	repulsive-gap[alpha=1]	0.625	1.5044536401616202	descriptive	3
0.25	0.034306666513706785	24	24	directed nearest cross-population distance <= source within-population pairwise median	regular-mutation[steps=4,scale=0.03]	repulsive-gap[alpha=4]	0.5416666666666666	0.35844580072256066	descriptive	3
0.5833333333333334	0.03409051875247492	24	24	directed nearest cross-population distance <= source within-population pairwise median	regular-mutation[steps=4,scale=0.03]	repulsive-gap[regular]	0.0	0.006242023265220986	descriptive	3
0.9166666666666666	0.06509814982812513	24	24	directed nearest cross-population distance <= source within-population pairwise median	repulsive-gap[alpha=16]	repulsive-gap[alpha=1]	0.7916666666666666	1.0612608408196549	descriptive	3
1.0	0.04541405036717389	24	24	directed nearest cross-population distance <= source within-population pairwise median	repulsive-gap[alpha=16]	repulsive-gap[alpha=4]	1.0	0.06535831600545461	descriptive	3
0.3333333333333333	0.22865585773761554	24	24	directed nearest cross-population distance <= source within-population pairwise median	repulsive-gap[alpha=16]	repulsive-gap[regular]	0.0	0.04819802284030993	descriptive	3
0.8333333333333334	0.9947554302716893	24	24	directed nearest cross-population distance <= source within-population pairwise median	repulsive-gap[alpha=1]	repulsive-gap[alpha=4]	1.0	0.08970078308370122	descriptive	3
0.625	1.5562342825556736	24	24	directed nearest cross-population distance <= source within-population pairwise median	repulsive-gap[alpha=1]	repulsive-gap[regular]	0.0	0.04790718233995886	descriptive	3
0.4583333333333333	0.414758215760951	24	24	directed nearest cross-population distance <= source within-population pairwise median	repulsive-gap[alpha=4]	repulsive-gap[regular]	0.0	0.051795075651182826	descriptive	3
0.75	0.24438197746735404	24	24	directed nearest cross-population distance <= source within-population pairwise median	current-baseline[delta=0.2]	primal-hull-uniform-disk[points=n+4,origin=interior]	1.0	0.05554371496553145	descriptive	4
0.3333333333333333	0.3506393746583245	24	24	directed nearest cross-population distance <= source within-population pairwise median	current-baseline[delta=0.2]	regular-mutation[steps=4,scale=0.03]	0.0	0.05159421707774872	descriptive	4
0.75	0.2509224389773929	24	24	directed nearest cross-population distance <= source within-population pairwise median	current-baseline[delta=0.2]	repulsive-gap[alpha=16]	1.0	0.04832852699162119	descriptive	4
0.9583333333333334	0.08550901664796112	24	24	directed nearest cross-population distance <= source within-population pairwise median	current-baseline[delta=0.2]	repulsive-gap[alpha=1]	0.9166666666666666	0.11546616627487834	descriptive	4
0.9166666666666666	0.1398985639350017	24	24	directed nearest cross-population distance <= source within-population pairwise median	current-baseline[delta=0.2]	repulsive-gap[alpha=4]	1.0	0.059504028896567356	descriptive	4
0.25	0.3756155015147016	24	24	directed nearest cross-population distance <= source within-population pairwise median	current-baseline[delta=0.2]	repulsive-gap[regular]	0.0	0.0660501964027398	descriptive	4
1.0	0.11006855464502252	24	24	directed nearest cross-population distance <= source within-population pairwise median	current-baseline[delta=0.2]	zonogon[lengths=uniform(0.5,1.5)]	0.9583333333333334	0.6729122288494759	descriptive	4
0.4166666666666667	0.09774034120407525	24	24	directed nearest cross-population distance <= source within-population pairwise median	primal-hull-uniform-disk[points=n+4,origin=interior]	regular-mutation[steps=4,scale=0.03]	0.0	0.03500539300154378	descriptive	4
0.9583333333333334	0.048702265229899955	24	24	directed nearest cross-population distance <= source within-population pairwise median	primal-hull-uniform-disk[points=n+4,origin=interior]	repulsive-gap[alpha=16]	1.0	0.03770782362541944	descriptive	4
1.0	0.05939620400198786	24	24	directed nearest cross-population distance <= source within-population pairwise median	primal-hull-uniform-disk[points=n+4,origin=interior]	repulsive-gap[alpha=1]	0.5833333333333334	0.38947298987616713	descriptive	4
1.0	0.05029722248970984	24	24	directed nearest cross-population distance <= source within-population pairwise median	primal-hull-uniform-disk[points=n+4,origin=interior]	repulsive-gap[alpha=4]	0.75	0.12568681524796857	descriptive	4
0.20833333333333334	0.12080821866108697	24	24	directed nearest cross-population distance <= source within-population pairwise median	primal-hull-uniform-disk[points=n+4,origin=interior]	repulsive-gap[regular]	0.0	0.04599693587213055	descriptive	4
0.6666666666666666	0.0889426854514737	24	24	directed nearest cross-population distance <= source within-population pairwise median	primal-hull-uniform-disk[points=n+4,origin=interior]	zonogon[lengths=uniform(0.5,1.5)]	0.6666666666666666	1.1446566127067757	descriptive	4
0.75	0.015511125827621578	24	24	directed nearest cross-population distance <= source within-population pairwise median	regular-mutation[steps=4,scale=0.03]	repulsive-gap[alpha=16]	0.75	0.06264635099889448	descriptive	4
0.0	0.0411278495093747	24	24	directed nearest cross-population distance <= source within-population pairwise median	regular-mutation[steps=4,scale=0.03]	repulsive-gap[alpha=1]	0.5416666666666666	0.49248069023060026	descriptive	4
0.041666666666666664	0.03607948178109665	24	24	directed nearest cross-population distance <= source within-population pairwise median	regular-mutation[steps=4,scale=0.03]	repulsive-gap[alpha=4]	0.5	0.20756632246592208	descriptive	4
0.25	0.02276757444670684	24	24	directed nearest cross-population distance <= source within-population pairwise median	regular-mutation[steps=4,scale=0.03]	repulsive-gap[regular]	0.0	0.011382187835964555	descriptive	4
0.0	0.06007244597893352	24	24	directed nearest cross-population distance <= source within-population pairwise median	regular-mutation[steps=4,scale=0.03]	zonogon[lengths=uniform(0.5,1.5)]	0.625	1.2215524135132234	descriptive	4
0.875	0.050497798999001864	24	24	directed nearest cross-population distance <= source within-population pairwise median	repulsive-gap[alpha=16]	repulsive-gap[alpha=1]	0.5833333333333334	0.3963609124029466	descriptive	4
1.0	0.038305599170419556	24	24	directed nearest cross-population distance <= source within-population pairwise median	repulsive-gap[alpha=16]	repulsive-gap[alpha=4]	0.75	0.12313884821780956	descriptive	4
0.4166666666666667	0.09019621144017576	24	24	directed nearest cross-population distance <= source within-population pairwise median	repulsive-gap[alpha=16]	repulsive-gap[regular]	0.0	0.0229580245332851	descriptive	4
0.75	0.06881626584096939	24	24	directed nearest cross-population distance <= source within-population pairwise median	repulsive-gap[alpha=16]	zonogon[lengths=uniform(0.5,1.5)]	0.6666666666666666	1.1453357307581582	descriptive	4
0.875	0.19447383315028602	24	24	directed nearest cross-population distance <= source within-population pairwise median	repulsive-gap[alpha=1]	repulsive-gap[alpha=4]	1.0	0.06258770409642679	descriptive	4
0.5416666666666666	0.5183907571437473	24	24	directed nearest cross-population distance <= source within-population pairwise median	repulsive-gap[alpha=1]	repulsive-gap[regular]	0.0	0.048506029013090375	descriptive	4
1.0	0.11984281876748609	24	24	directed nearest cross-population distance <= source within-population pairwise median	repulsive-gap[alpha=1]	zonogon[lengths=uniform(0.5,1.5)]	0.9166666666666666	0.7298888888196737	descriptive	4
0.3333333333333333	0.2377994688247174	24	24	directed nearest cross-population distance <= source within-population pairwise median	repulsive-gap[alpha=4]	repulsive-gap[regular]	0.0	0.05110298503472971	descriptive	4
1.0	0.09375669542294085	24	24	directed nearest cross-population distance <= source within-population pairwise median	repulsive-gap[alpha=4]	zonogon[lengths=uniform(0.5,1.5)]	0.7916666666666666	0.9460157813668305	descriptive	4
0.0	0.06746611693280073	24	24	directed nearest cross-population distance <= source within-population pairwise median	repulsive-gap[regular]	zonogon[lengths=uniform(0.5,1.5)]	0.5833333333333334	1.253519467028589	descriptive	4
0.7916666666666666	0.1090123319979784	24	24	directed nearest cross-population distance <= source within-population pairwise median	current-baseline[delta=0.2]	primal-hull-uniform-disk[points=n+4,origin=interior]	1.0	0.045647156206362116	descriptive	6
0.4583333333333333	0.17940031508968782	24	24	directed nearest cross-population distance <= source within-population pairwise median	current-baseline[delta=0.2]	regular-mutation[steps=4,scale=0.03]	0.0	0.04996337469921772	descriptive	6
0.625	0.15834251035916644	24	24	directed nearest cross-population distance <= source within-population pairwise median	current-baseline[delta=0.2]	repulsive-gap[alpha=16]	0.125	0.04054401498403266	descriptive	6
0.9166666666666666	0.05514456175453606	24	24	directed nearest cross-population distance <= source within-population pairwise median	current-baseline[delta=0.2]	repulsive-gap[alpha=1]	0.875	0.22602493430664036	descriptive	6
0.8333333333333334	0.09167343358301883	24	24	directed nearest cross-population distance <= source within-population pairwise median	current-baseline[delta=0.2]	repulsive-gap[alpha=4]	1.0	0.03674328649761328	descriptive	6
0.4166666666666667	0.19365663559165544	24	24	directed nearest cross-population distance <= source within-population pairwise median	current-baseline[delta=0.2]	repulsive-gap[regular]	0.0	0.05709102359134439	descriptive	6
0.8333333333333334	0.09239537034500944	24	24	directed nearest cross-population distance <= source within-population pairwise median	current-baseline[delta=0.2]	zonogon[lengths=uniform(0.5,1.5)]	0.9583333333333334	0.07561186203001163	descriptive	6
0.3333333333333333	0.08905430317361314	24	24	directed nearest cross-population distance <= source within-population pairwise median	primal-hull-uniform-disk[points=n+4,origin=interior]	regular-mutation[steps=4,scale=0.03]	0.0	0.054803768462708825	descriptive	6
0.625	0.0694840202459542	24	24	directed nearest cross-population distance <= source within-population pairwise median	primal-hull-uniform-disk[points=n+4,origin=interior]	repulsive-gap[alpha=16]	0.041666666666666664	0.04551292959035422	descriptive	6
1.0	0.049787889909239526	24	24	directed nearest cross-population distance <= source within-population pairwise median	primal-hull-uniform-disk[points=n+4,origin=interior]	repulsive-gap[alpha=1]	0.7083333333333334	0.34795796341650687	descriptive	6
0.9583333333333334	0.04498350914734293	24	24	directed nearest cross-population distance <= source within-population pairwise median	primal-hull-uniform-disk[points=n+4,origin=interior]	repulsive-gap[alpha=4]	0.9583333333333334	0.04289289556245618	descriptive	6
0.125	0.10374414671966997	24	24	directed nearest cross-population distance <= source within-population pairwise median	primal-hull-uniform-disk[points=n+4,origin=interior]	repulsive-gap[regular]	0.0	0.061141462519401606	descriptive	6
0.625	0.06478600819328724	24	24	directed nearest cross-population distance <= source within-population pairwise median	primal-hull-uniform-disk[points=n+4,origin=interior]	zonogon[lengths=uniform(0.5,1.5)]	0.75	0.10989259829142713	descriptive	6
0.3333333333333333	0.016677995348594005	24	24	directed nearest cross-population distance <= source within-population pairwise median	regular-mutation[steps=4,scale=0.03]	repulsive-gap[alpha=16]	0.6666666666666666	0.028795439095082493	descriptive	6
0.0	0.061952857372806945	24	24	directed nearest cross-population distance <= source within-population pairwise median	regular-mutation[steps=4,scale=0.03]	repulsive-gap[alpha=1]	0.6666666666666666	0.42999336658232057	descriptive	6
0.0	0.03286439555663303	24	24	directed nearest cross-population distance <= source within-population pairwise median	regular-mutation[steps=4,scale=0.03]	repulsive-gap[alpha=4]	0.5	0.07541305245673414	descriptive	6
0.4583333333333333	0.015548778478081983	24	24	directed nearest cross-population distance <= source within-population pairwise median	regular-mutation[steps=4,scale=0.03]	repulsive-gap[regular]	0.0	0.007547459041960468	descriptive	6
0.0	0.031233572612778204	24	24	directed nearest cross-population distance <= source within-population pairwise median	regular-mutation[steps=4,scale=0.03]	zonogon[lengths=uniform(0.5,1.5)]	0.4583333333333333	0.17150713165417839	descriptive	6
0.0	0.051142578561401246	24	24	directed nearest cross-population distance <= source within-population pairwise median	repulsive-gap[alpha=16]	repulsive-gap[alpha=1]	0.6666666666666666	0.40828362815768243	descriptive	6
0.8333333333333334	0.026407523621140183	24	24	directed nearest cross-population distance <= source within-population pairwise median	repulsive-gap[alpha=16]	repulsive-gap[alpha=4]	0.6666666666666666	0.05244308983772333	descriptive	6
0.20833333333333334	0.040268994339032686	24	24	directed nearest cross-population distance <= source within-population pairwise median	repulsive-gap[alpha=16]	repulsive-gap[regular]	0.0	0.019690519005038817	descriptive	6
0.25	0.036808923227062806	24	24	directed nearest cross-population distance <= source within-population pairwise median	repulsive-gap[alpha=16]	zonogon[lengths=uniform(0.5,1.5)]	0.5	0.1533338296415557	descriptive	6
0.7083333333333334	0.3239712085654203	24	24	directed nearest cross-population distance <= source within-population pairwise median	repulsive-gap[alpha=1]	repulsive-gap[alpha=4]	1.0	0.040171622797285964	descriptive	6
0.625	0.44408346947272365	24	24	directed nearest cross-population distance <= source within-population pairwise median	repulsive-gap[alpha=1]	repulsive-gap[regular]	0.0	0.06966136392902908	descriptive	6
0.875	0.2703638127723249	24	24	directed nearest cross-population distance <= source within-population pairwise median	repulsive-gap[alpha=1]	zonogon[lengths=uniform(0.5,1.5)]	1.0	0.06800675167984815	descriptive	6
0.3333333333333333	0.08923567185822201	24	24	directed nearest cross-population distance <= source within-population pairwise median	repulsive-gap[alpha=4]	repulsive-gap[regular]	0.0	0.0386519353982452	descriptive	6
0.7083333333333334	0.05234131053805085	24	24	directed nearest cross-population distance <= source within-population pairwise median	repulsive-gap[alpha=4]	zonogon[lengths=uniform(0.5,1.5)]	0.7916666666666666	0.09787944271208171	descriptive	6
0.0	0.031960440436536064	24	24	directed nearest cross-population distance <= source within-population pairwise median	repulsive-gap[regular]	zonogon[lengths=uniform(0.5,1.5)]	0.3333333333333333	0.18735413501030193	descriptive	6
