stratum	n	threshold	exceedances_sys_gt_threshold	empirical_survival	max_sys	q99_sys
dataset:random_product_sample	10240	0.5	2579	0.25185546874999998	0.86258589584944001	0.76051313149295285
dataset:random_product_sample	10240	0.59999999999999998	1226	0.11972656249999999	0.86258589584944001	0.76051313149295285
dataset:random_product_sample	10240	0.69999999999999996	353	0.034472656249999997	0.86258589584944001	0.76051313149295285
dataset:random_product_sample	10240	0.75	137	0.013378906249999999	0.86258589584944001	0.76051313149295285
dataset:random_product_sample	10240	0.80000000000000004	24	0.0023437499999999999	0.86258589584944001	0.76051313149295285
dataset:random_product_sample	10240	0.84999999999999998	2	0.00019531250000000001	0.86258589584944001	0.76051313149295285
dataset:random_product_sample	10240	0.86250000000000004	1	9.7656250000000005e-05	0.86258589584944001	0.76051313149295285
dataset:random_product_sample	10240	0.90000000000000002	0	0	0.86258589584944001	0.76051313149295285
dataset:random_product_sample	10240	0.94999999999999996	0	0	0.86258589584944001	0.76051313149295285
dataset:random_product_sample	10240	1	0	0	0.86258589584944001	0.76051313149295285
dataset:random_sample	4096	0.5	653	0.159423828125	0.85955960580283441	0.70515620801278245
dataset:random_sample	4096	0.59999999999999998	237	0.057861328125	0.85955960580283441	0.70515620801278245
dataset:random_sample	4096	0.69999999999999996	44	0.0107421875	0.85955960580283441	0.70515620801278245
dataset:random_sample	4096	0.75	16	0.00390625	0.85955960580283441	0.70515620801278245
dataset:random_sample	4096	0.80000000000000004	3	0.000732421875	0.85955960580283441	0.70515620801278245
dataset:random_sample	4096	0.84999999999999998	1	0.000244140625	0.85955960580283441	0.70515620801278245
dataset:random_sample	4096	0.86250000000000004	0	0	0.85955960580283441	0.70515620801278245
dataset:random_sample	4096	0.90000000000000002	0	0	0.85955960580283441	0.70515620801278245
dataset:random_sample	4096	0.94999999999999996	0	0	0.85955960580283441	0.70515620801278245
dataset:random_sample	4096	1	0	0	0.85955960580283441	0.70515620801278245
generic:F10	512	0.5	126	0.24609375	0.85955960580283441	0.74520452176937146
generic:F10	512	0.59999999999999998	47	0.091796875	0.85955960580283441	0.74520452176937146
generic:F10	512	0.69999999999999996	9	0.017578125	0.85955960580283441	0.74520452176937146
generic:F10	512	0.75	5	0.009765625	0.85955960580283441	0.74520452176937146
generic:F10	512	0.80000000000000004	1	0.001953125	0.85955960580283441	0.74520452176937146
generic:F10	512	0.84999999999999998	1	0.001953125	0.85955960580283441	0.74520452176937146
generic:F10	512	0.86250000000000004	0	0	0.85955960580283441	0.74520452176937146
generic:F10	512	0.90000000000000002	0	0	0.85955960580283441	0.74520452176937146
generic:F10	512	0.94999999999999996	0	0	0.85955960580283441	0.74520452176937146
generic:F10	512	1	0	0	0.85955960580283441	0.74520452176937146
generic:F11	512	0.5	139	0.271484375	0.78359270612654308	0.70039303165892586
generic:F11	512	0.59999999999999998	56	0.109375	0.78359270612654308	0.70039303165892586
generic:F11	512	0.69999999999999996	6	0.01171875	0.78359270612654308	0.70039303165892586
generic:F11	512	0.75	3	0.005859375	0.78359270612654308	0.70039303165892586
generic:F11	512	0.80000000000000004	0	0	0.78359270612654308	0.70039303165892586
generic:F11	512	0.84999999999999998	0	0	0.78359270612654308	0.70039303165892586
generic:F11	512	0.86250000000000004	0	0	0.78359270612654308	0.70039303165892586
generic:F11	512	0.90000000000000002	0	0	0.78359270612654308	0.70039303165892586
generic:F11	512	0.94999999999999996	0	0	0.78359270612654308	0.70039303165892586
generic:F11	512	1	0	0	0.78359270612654308	0.70039303165892586
generic:F12	512	0.5	187	0.365234375	0.82476627462416685	0.74956011359201646
generic:F12	512	0.59999999999999998	79	0.154296875	0.82476627462416685	0.74956011359201646
generic:F12	512	0.69999999999999996	19	0.037109375	0.82476627462416685	0.74956011359201646
generic:F12	512	0.75	6	0.01171875	0.82476627462416685	0.74956011359201646
generic:F12	512	0.80000000000000004	2	0.00390625	0.82476627462416685	0.74956011359201646
generic:F12	512	0.84999999999999998	0	0	0.82476627462416685	0.74956011359201646
generic:F12	512	0.86250000000000004	0	0	0.82476627462416685	0.74956011359201646
generic:F12	512	0.90000000000000002	0	0	0.82476627462416685	0.74956011359201646
generic:F12	512	0.94999999999999996	0	0	0.82476627462416685	0.74956011359201646
generic:F12	512	1	0	0	0.82476627462416685	0.74956011359201646
generic:F5	512	0.5	12	0.0234375	0.71441036389872803	0.55280467865360805
generic:F5	512	0.59999999999999998	1	0.001953125	0.71441036389872803	0.55280467865360805
generic:F5	512	0.69999999999999996	1	0.001953125	0.71441036389872803	0.55280467865360805
generic:F5	512	0.75	0	0	0.71441036389872803	0.55280467865360805
generic:F5	512	0.80000000000000004	0	0	0.71441036389872803	0.55280467865360805
generic:F5	512	0.84999999999999998	0	0	0.71441036389872803	0.55280467865360805
generic:F5	512	0.86250000000000004	0	0	0.71441036389872803	0.55280467865360805
generic:F5	512	0.90000000000000002	0	0	0.71441036389872803	0.55280467865360805
generic:F5	512	0.94999999999999996	0	0	0.71441036389872803	0.55280467865360805
generic:F5	512	1	0	0	0.71441036389872803	0.55280467865360805
generic:F6	512	0.5	20	0.0390625	0.69085508873510593	0.6053907199166203
generic:F6	512	0.59999999999999998	6	0.01171875	0.69085508873510593	0.6053907199166203
generic:F6	512	0.69999999999999996	0	0	0.69085508873510593	0.6053907199166203
generic:F6	512	0.75	0	0	0.69085508873510593	0.6053907199166203
generic:F6	512	0.80000000000000004	0	0	0.69085508873510593	0.6053907199166203
generic:F6	512	0.84999999999999998	0	0	0.69085508873510593	0.6053907199166203
generic:F6	512	0.86250000000000004	0	0	0.69085508873510593	0.6053907199166203
generic:F6	512	0.90000000000000002	0	0	0.69085508873510593	0.6053907199166203
generic:F6	512	0.94999999999999996	0	0	0.69085508873510593	0.6053907199166203
generic:F6	512	1	0	0	0.69085508873510593	0.6053907199166203
generic:F7	512	0.5	48	0.09375	0.74585223929034294	0.6732769603218991
generic:F7	512	0.59999999999999998	12	0.0234375	0.74585223929034294	0.6732769603218991
generic:F7	512	0.69999999999999996	3	0.005859375	0.74585223929034294	0.6732769603218991
generic:F7	512	0.75	0	0	0.74585223929034294	0.6732769603218991
generic:F7	512	0.80000000000000004	0	0	0.74585223929034294	0.6732769603218991
generic:F7	512	0.84999999999999998	0	0	0.74585223929034294	0.6732769603218991
generic:F7	512	0.86250000000000004	0	0	0.74585223929034294	0.6732769603218991
generic:F7	512	0.90000000000000002	0	0	0.74585223929034294	0.6732769603218991
generic:F7	512	0.94999999999999996	0	0	0.74585223929034294	0.6732769603218991
generic:F7	512	1	0	0	0.74585223929034294	0.6732769603218991
generic:F8	512	0.5	60	0.1171875	0.74485325091685728	0.68600078552955335
generic:F8	512	0.59999999999999998	17	0.033203125	0.74485325091685728	0.68600078552955335
generic:F8	512	0.69999999999999996	4	0.0078125	0.74485325091685728	0.68600078552955335
generic:F8	512	0.75	0	0	0.74485325091685728	0.68600078552955335
generic:F8	512	0.80000000000000004	0	0	0.74485325091685728	0.68600078552955335
generic:F8	512	0.84999999999999998	0	0	0.74485325091685728	0.68600078552955335
generic:F8	512	0.86250000000000004	0	0	0.74485325091685728	0.68600078552955335
generic:F8	512	0.90000000000000002	0	0	0.74485325091685728	0.68600078552955335
generic:F8	512	0.94999999999999996	0	0	0.74485325091685728	0.68600078552955335
generic:F8	512	1	0	0	0.74485325091685728	0.68600078552955335
generic:F9	512	0.5	61	0.119140625	0.78113533148554726	0.67343862674060839
generic:F9	512	0.59999999999999998	19	0.037109375	0.78113533148554726	0.67343862674060839
generic:F9	512	0.69999999999999996	2	0.00390625	0.78113533148554726	0.67343862674060839
generic:F9	512	0.75	2	0.00390625	0.78113533148554726	0.67343862674060839
generic:F9	512	0.80000000000000004	0	0	0.78113533148554726	0.67343862674060839
generic:F9	512	0.84999999999999998	0	0	0.78113533148554726	0.67343862674060839
generic:F9	512	0.86250000000000004	0	0	0.78113533148554726	0.67343862674060839
generic:F9	512	0.90000000000000002	0	0	0.78113533148554726	0.67343862674060839
generic:F9	512	0.94999999999999996	0	0	0.78113533148554726	0.67343862674060839
generic:F9	512	1	0	0	0.78113533148554726	0.67343862674060839
pooled:all	14336	0.5	3232	0.22544642857142858	0.86258589584944001	0.75210201224531514
pooled:all	14336	0.59999999999999998	1463	0.10205078125	0.86258589584944001	0.75210201224531514
pooled:all	14336	0.69999999999999996	397	0.027692522321428572	0.86258589584944001	0.75210201224531514
pooled:all	14336	0.75	153	0.010672433035714286	0.86258589584944001	0.75210201224531514
pooled:all	14336	0.80000000000000004	27	0.0018833705357142857	0.86258589584944001	0.75210201224531514
pooled:all	14336	0.84999999999999998	3	0.00020926339285714285	0.86258589584944001	0.75210201224531514
pooled:all	14336	0.86250000000000004	1	6.9754464285714282e-05	0.86258589584944001	0.75210201224531514
pooled:all	14336	0.90000000000000002	0	0	0.86258589584944001	0.75210201224531514
pooled:all	14336	0.94999999999999996	0	0	0.86258589584944001	0.75210201224531514
pooled:all	14336	1	0	0	0.86258589584944001	0.75210201224531514
product:3x3	1024	0.5	54	0.052734375	0.64641996749593178	0.582817150221969
product:3x3	1024	0.59999999999999998	7	0.0068359375	0.64641996749593178	0.582817150221969
product:3x3	1024	0.69999999999999996	0	0	0.64641996749593178	0.582817150221969
product:3x3	1024	0.75	0	0	0.64641996749593178	0.582817150221969
product:3x3	1024	0.80000000000000004	0	0	0.64641996749593178	0.582817150221969
product:3x3	1024	0.84999999999999998	0	0	0.64641996749593178	0.582817150221969
product:3x3	1024	0.86250000000000004	0	0	0.64641996749593178	0.582817150221969
product:3x3	1024	0.90000000000000002	0	0	0.64641996749593178	0.582817150221969
product:3x3	1024	0.94999999999999996	0	0	0.64641996749593178	0.582817150221969
product:3x3	1024	1	0	0	0.64641996749593178	0.582817150221969
product:3x4	1024	0.5	91	0.0888671875	0.71190733979578347	0.62334188429809234
product:3x4	1024	0.59999999999999998	19	0.0185546875	0.71190733979578347	0.62334188429809234
product:3x4	1024	0.69999999999999996	2	0.001953125	0.71190733979578347	0.62334188429809234
product:3x4	1024	0.75	0	0	0.71190733979578347	0.62334188429809234
product:3x4	1024	0.80000000000000004	0	0	0.71190733979578347	0.62334188429809234
product:3x4	1024	0.84999999999999998	0	0	0.71190733979578347	0.62334188429809234
product:3x4	1024	0.86250000000000004	0	0	0.71190733979578347	0.62334188429809234
product:3x4	1024	0.90000000000000002	0	0	0.71190733979578347	0.62334188429809234
product:3x4	1024	0.94999999999999996	0	0	0.71190733979578347	0.62334188429809234
product:3x4	1024	1	0	0	0.71190733979578347	0.62334188429809234
product:3x5	1024	0.5	158	0.154296875	0.76507783251672923	0.70967755042026637
product:3x5	1024	0.59999999999999998	47	0.0458984375	0.76507783251672923	0.70967755042026637
product:3x5	1024	0.69999999999999996	12	0.01171875	0.76507783251672923	0.70967755042026637
product:3x5	1024	0.75	3	0.0029296875	0.76507783251672923	0.70967755042026637
product:3x5	1024	0.80000000000000004	0	0	0.76507783251672923	0.70967755042026637
product:3x5	1024	0.84999999999999998	0	0	0.76507783251672923	0.70967755042026637
product:3x5	1024	0.86250000000000004	0	0	0.76507783251672923	0.70967755042026637
product:3x5	1024	0.90000000000000002	0	0	0.76507783251672923	0.70967755042026637
product:3x5	1024	0.94999999999999996	0	0	0.76507783251672923	0.70967755042026637
product:3x5	1024	1	0	0	0.76507783251672923	0.70967755042026637
product:3x6	1024	0.5	185	0.1806640625	0.80734873673237761	0.70994329984363602
product:3x6	1024	0.59999999999999998	63	0.0615234375	0.80734873673237761	0.70994329984363602
product:3x6	1024	0.69999999999999996	12	0.01171875	0.80734873673237761	0.70994329984363602
product:3x6	1024	0.75	6	0.005859375	0.80734873673237761	0.70994329984363602
product:3x6	1024	0.80000000000000004	1	0.0009765625	0.80734873673237761	0.70994329984363602
product:3x6	1024	0.84999999999999998	0	0	0.80734873673237761	0.70994329984363602
product:3x6	1024	0.86250000000000004	0	0	0.80734873673237761	0.70994329984363602
product:3x6	1024	0.90000000000000002	0	0	0.80734873673237761	0.70994329984363602
product:3x6	1024	0.94999999999999996	0	0	0.80734873673237761	0.70994329984363602
product:3x6	1024	1	0	0	0.80734873673237761	0.70994329984363602
product:4x4	1024	0.5	187	0.1826171875	0.81410023330295289	0.7101813936783582
product:4x4	1024	0.59999999999999998	79	0.0771484375	0.81410023330295289	0.7101813936783582
product:4x4	1024	0.69999999999999996	15	0.0146484375	0.81410023330295289	0.7101813936783582
product:4x4	1024	0.75	5	0.0048828125	0.81410023330295289	0.7101813936783582
product:4x4	1024	0.80000000000000004	2	0.001953125	0.81410023330295289	0.7101813936783582
product:4x4	1024	0.84999999999999998	0	0	0.81410023330295289	0.7101813936783582
product:4x4	1024	0.86250000000000004	0	0	0.81410023330295289	0.7101813936783582
product:4x4	1024	0.90000000000000002	0	0	0.81410023330295289	0.7101813936783582
product:4x4	1024	0.94999999999999996	0	0	0.81410023330295289	0.7101813936783582
product:4x4	1024	1	0	0	0.81410023330295289	0.7101813936783582
product:4x5	1024	0.5	276	0.26953125	0.83812448892957969	0.73985937525205947
product:4x5	1024	0.59999999999999998	131	0.1279296875	0.83812448892957969	0.73985937525205947
product:4x5	1024	0.69999999999999996	34	0.033203125	0.83812448892957969	0.73985937525205947
product:4x5	1024	0.75	9	0.0087890625	0.83812448892957969	0.73985937525205947
product:4x5	1024	0.80000000000000004	1	0.0009765625	0.83812448892957969	0.73985937525205947
product:4x5	1024	0.84999999999999998	0	0	0.83812448892957969	0.73985937525205947
product:4x5	1024	0.86250000000000004	0	0	0.83812448892957969	0.73985937525205947
product:4x5	1024	0.90000000000000002	0	0	0.83812448892957969	0.73985937525205947
product:4x5	1024	0.94999999999999996	0	0	0.83812448892957969	0.73985937525205947
product:4x5	1024	1	0	0	0.83812448892957969	0.73985937525205947
product:4x6	1024	0.5	294	0.287109375	0.82926655519817316	0.75369849758019591
product:4x6	1024	0.59999999999999998	138	0.134765625	0.82926655519817316	0.75369849758019591
product:4x6	1024	0.69999999999999996	38	0.037109375	0.82926655519817316	0.75369849758019591
product:4x6	1024	0.75	12	0.01171875	0.82926655519817316	0.75369849758019591
product:4x6	1024	0.80000000000000004	1	0.0009765625	0.82926655519817316	0.75369849758019591
product:4x6	1024	0.84999999999999998	0	0	0.82926655519817316	0.75369849758019591
product:4x6	1024	0.86250000000000004	0	0	0.82926655519817316	0.75369849758019591
product:4x6	1024	0.90000000000000002	0	0	0.82926655519817316	0.75369849758019591
product:4x6	1024	0.94999999999999996	0	0	0.82926655519817316	0.75369849758019591
product:4x6	1024	1	0	0	0.82926655519817316	0.75369849758019591
product:5x5	1024	0.5	347	0.3388671875	0.8437955079134134	0.77953198148677294
product:5x5	1024	0.59999999999999998	176	0.171875	0.8437955079134134	0.77953198148677294
product:5x5	1024	0.69999999999999996	56	0.0546875	0.8437955079134134	0.77953198148677294
product:5x5	1024	0.75	24	0.0234375	0.8437955079134134	0.77953198148677294
product:5x5	1024	0.80000000000000004	5	0.0048828125	0.8437955079134134	0.77953198148677294
product:5x5	1024	0.84999999999999998	0	0	0.8437955079134134	0.77953198148677294
product:5x5	1024	0.86250000000000004	0	0	0.8437955079134134	0.77953198148677294
product:5x5	1024	0.90000000000000002	0	0	0.8437955079134134	0.77953198148677294
product:5x5	1024	0.94999999999999996	0	0	0.8437955079134134	0.77953198148677294
product:5x5	1024	1	0	0	0.8437955079134134	0.77953198148677294
product:5x6	1024	0.5	454	0.443359375	0.86258589584944001	0.7926715918074011
product:5x6	1024	0.59999999999999998	243	0.2373046875	0.86258589584944001	0.7926715918074011
product:5x6	1024	0.69999999999999996	65	0.0634765625	0.86258589584944001	0.7926715918074011
product:5x6	1024	0.75	26	0.025390625	0.86258589584944001	0.7926715918074011
product:5x6	1024	0.80000000000000004	5	0.0048828125	0.86258589584944001	0.7926715918074011
product:5x6	1024	0.84999999999999998	1	0.0009765625	0.86258589584944001	0.7926715918074011
product:5x6	1024	0.86250000000000004	1	0.0009765625	0.86258589584944001	0.7926715918074011
product:5x6	1024	0.90000000000000002	0	0	0.86258589584944001	0.7926715918074011
product:5x6	1024	0.94999999999999996	0	0	0.86258589584944001	0.7926715918074011
product:5x6	1024	1	0	0	0.86258589584944001	0.7926715918074011
product:6x6	1024	0.5	533	0.5205078125	0.85361188817024714	0.79536548536085683
product:6x6	1024	0.59999999999999998	323	0.3154296875	0.85361188817024714	0.79536548536085683
product:6x6	1024	0.69999999999999996	119	0.1162109375	0.85361188817024714	0.79536548536085683
product:6x6	1024	0.75	52	0.05078125	0.85361188817024714	0.79536548536085683
product:6x6	1024	0.80000000000000004	9	0.0087890625	0.85361188817024714	0.79536548536085683
product:6x6	1024	0.84999999999999998	1	0.0009765625	0.85361188817024714	0.79536548536085683
product:6x6	1024	0.86250000000000004	0	0	0.85361188817024714	0.79536548536085683
product:6x6	1024	0.90000000000000002	0	0	0.85361188817024714	0.79536548536085683
product:6x6	1024	0.94999999999999996	0	0	0.85361188817024714	0.79536548536085683
product:6x6	1024	1	0	0	0.85361188817024714	0.79536548536085683
