stratum	n	threshold_quantile	threshold	tail_n	mean_residual_life	median_residual_life	max_excess	enough_exceedances_flag
pooled:all	14336	0.75	0.48365042934564106	3584	0.10887477384358527	0.0957504666000209	0.37893546650379895	yes
pooled:all	14336	0.76000000000000001	0.48966495157835155	3441	0.10725068690577827	0.093979436571809072	0.37292094427108846	yes
pooled:all	14336	0.77000000000000002	0.49608036327281602	3298	0.10535058588735305	0.091440198482554913	0.36650553257662399	yes
pooled:all	14336	0.78000000000000003	0.50386788552351336	3154	0.10218099976955443	0.087995147827221731	0.35871801032592665	yes
pooled:all	14336	0.79000000000000004	0.51052931359673415	3011	0.10022154920087503	0.086487376586583342	0.35205658225270586	yes
pooled:all	14336	0.80000000000000004	0.51831788546983582	2867	0.097278186273600478	0.083818011471429199	0.34426801037960419	yes
pooled:all	14336	0.81000000000000005	0.52543544035389611	2724	0.095069572338936606	0.082178610760005155	0.3371504554955439	yes
pooled:all	14336	0.81999999999999995	0.53270832776404775	2581	0.092886340210677626	0.079864657176058174	0.32987756808539226	yes
pooled:all	14336	0.82999999999999996	0.5413463027644001	2437	0.089488496268027851	0.076332251596434642	0.32123959308503991	yes
pooled:all	14336	0.83999999999999997	0.5490253372353866	2294	0.087145607574384512	0.073217270642805421	0.31356055861405341	yes
pooled:all	14336	0.84999999999999998	0.55877578451916288	2151	0.082847804919493839	0.069539514765487254	0.30381011133027713	yes
pooled:all	14336	0.85999999999999999	0.5663332610988655	2007	0.080963297893277233	0.067641101598820086	0.29625263475057451	yes
pooled:all	14336	0.87	0.57488089144340093	1864	0.07830445444646264	0.065278990081453714	0.28770500440603908	yes
pooled:all	14336	0.88	0.58361808409855431	1721	0.075712199087667659	0.064083133027255879	0.2789678117508857	yes
pooled:all	14336	0.89000000000000001	0.59183443729228857	1577	0.074058614782475066	0.063532794613564314	0.27075145855715144	yes
pooled:all	14336	0.90000000000000002	0.60204906489505827	1434	0.070706227327295645	0.060415196775265745	0.26053683095438174	yes
pooled:all	14336	0.91000000000000003	0.6125693867498041	1291	0.067404090815687004	0.056511282613714409	0.25001650909963591	yes
pooled:all	14336	0.92000000000000004	0.62222843333810995	1147	0.065560851331332548	0.055695472893419806	0.24035746251133006	yes
pooled:all	14336	0.93000000000000005	0.6339721944086234	1004	0.06233760439622138	0.051313677251943413	0.22861370144081661	yes
pooled:all	14336	0.93999999999999995	0.64765598513670042	861	0.05796009319732847	0.04772248613735286	0.21492991071273959	yes
pooled:all	14336	0.94999999999999996	0.66242004608610294	717	0.053325090163411595	0.045510387780214767	0.20016584976333707	yes
pooled:all	14336	0.95999999999999996	0.67777444397348896	574	0.04953060123853107	0.041893857459253392	0.18481145187595105	yes
pooled:all	14336	0.96999999999999997	0.69537066852674778	431	0.04577503350286502	0.038479558131807923	0.16721522732269223	yes
pooled:all	14336	0.97999999999999998	0.71964297040857428	287	0.038725036179587571	0.032508823438351264	0.14294292544086573	yes
pooled:all	14336	0.98999999999999999	0.75210201224531514	144	0.03019754746845775	0.02488173593184001	0.11048388360412487	yes
dataset:random_sample	4096	0.75	0.42805392019717281	1024	0.11469189569193577	0.10009703320183483	0.4315056856056616	yes
dataset:random_sample	4096	0.76000000000000001	0.43664425132363288	983	0.11071955800227583	0.096143399382977612	0.42291535447920153	yes
dataset:random_sample	4096	0.77000000000000002	0.44355050880229552	942	0.10848903898407598	0.094114980417051686	0.4160090970005389	yes
dataset:random_sample	4096	0.78000000000000003	0.44919857451758827	901	0.10766201292085721	0.096531269145395671	0.41036103128524615	yes
dataset:random_sample	4096	0.79000000000000004	0.45652353235113047	860	0.10530644274919519	0.097117554420111551	0.40303607345170395	yes
dataset:random_sample	4096	0.80000000000000004	0.46506425039287708	819	0.10184535765969624	0.093914742490508407	0.39449535540995734	yes
dataset:random_sample	4096	0.81000000000000005	0.47409283939639452	779	0.097874938532167194	0.088854086451499448	0.3854667664064399	yes
dataset:random_sample	4096	0.81999999999999995	0.48076403485961472	738	0.096455590033343197	0.086359493909065221	0.37879557094321969	yes
dataset:random_sample	4096	0.82999999999999996	0.48884399565781084	697	0.093811234962833084	0.083180996875253876	0.37071561014502358	yes
dataset:random_sample	4096	0.83999999999999997	0.49856824436675706	656	0.089674684619676884	0.077968244596749114	0.36099136143607735	yes
dataset:random_sample	4096	0.84999999999999998	0.50692151930738005	615	0.086947834048912598	0.073922749812044941	0.35263808649545436	yes
dataset:random_sample	4096	0.85999999999999999	0.51581363842509587	574	0.083936850161326959	0.070206618088978656	0.34374596737773855	yes
dataset:random_sample	4096	0.87	0.5248082209129985	533	0.081043645035870956	0.066659228607067855	0.33475138488983591	yes
dataset:random_sample	4096	0.88	0.53275884025193276	492	0.07957097881697385	0.063998981066315352	0.32680076555090165	yes
dataset:random_sample	4096	0.89000000000000001	0.54550509452711915	451	0.073565378663279501	0.057653380706211399	0.31405451127571526	yes
dataset:random_sample	4096	0.90000000000000002	0.55894262137915063	410	0.066789017502303816	0.051233931648687892	0.30061698442368379	yes
dataset:random_sample	4096	0.91000000000000003	0.56710045658095809	369	0.065584837855535483	0.050083481208661129	0.29245914922187632	yes
dataset:random_sample	4096	0.92000000000000004	0.57652960464383285	328	0.063737316799963514	0.049967320444730567	0.28303000115900157	yes
dataset:random_sample	4096	0.93000000000000005	0.58587192404844379	287	0.062836274121367608	0.05098734612825806	0.27368768175439062	yes
dataset:random_sample	4096	0.93999999999999995	0.59671257890036478	246	0.061488101568035573	0.04908222506333082	0.26284702690246964	yes
dataset:random_sample	4096	0.94999999999999996	0.6101385841537581	205	0.058932266833908731	0.048182141592190919	0.24942102164907631	yes
dataset:random_sample	4096	0.95999999999999996	0.62637261995167259	164	0.055491985197207869	0.042804393779024508	0.23318698585116182	yes
dataset:random_sample	4096	0.96999999999999997	0.64578477133968248	123	0.051200814038543631	0.039391146162541801	0.21377483446315193	yes
dataset:random_sample	4096	0.97999999999999998	0.66824707747544843	82	0.047927573996478338	0.038672769569150944	0.19131252832738599	yes
dataset:random_sample	4096	0.98999999999999999	0.70515620801278245	41	0.042141813833245556	0.031847782803436919	0.15440339779005197	yes
dataset:random_product_sample	10240	0.75	0.5013363661736796	2560	0.10676382543790393	0.094179536191880964	0.36124952967576041	yes
dataset:random_product_sample	10240	0.76000000000000001	0.50738441885166718	2458	0.10502238124923216	0.092353186094227935	0.35520147699777282	yes
dataset:random_product_sample	10240	0.77000000000000002	0.51447800418422063	2355	0.10236882267094677	0.090791581090816198	0.34810789166521938	yes
dataset:random_product_sample	10240	0.78000000000000003	0.52183430006266129	2253	0.099472304136474538	0.087754685399122234	0.34075159578677872	yes
dataset:random_product_sample	10240	0.79000000000000004	0.52803441344773583	2151	0.097841790284443148	0.086223050228678377	0.33455148240170418	yes
dataset:random_product_sample	10240	0.80000000000000004	0.53555423843973049	2048	0.095054637222867666	0.083305098916893305	0.32703165740970952	yes
dataset:random_product_sample	10240	0.81000000000000005	0.54346079339351039	1946	0.091910850491035881	0.07890409826251682	0.31912510245592962	yes
dataset:random_product_sample	10240	0.81999999999999995	0.54993850557044566	1844	0.090354741571146979	0.077697288298514966	0.31264739027899435	yes
dataset:random_product_sample	10240	0.82999999999999996	0.55864886180555939	1741	0.086717101245306405	0.072942469118532749	0.30393703404388062	yes
dataset:random_product_sample	10240	0.83999999999999997	0.56613163029332025	1639	0.084404051523965296	0.071299003393441196	0.29645426555611976	yes
dataset:random_product_sample	10240	0.84999999999999998	0.57381204426018217	1536	0.082122471842949199	0.069721895030386116	0.28877385158925784	yes
dataset:random_product_sample	10240	0.85999999999999999	0.58255258220707618	1434	0.078892283178901776	0.068786056885775604	0.28003331364236383	yes
dataset:random_product_sample	10240	0.87	0.5901201633442883	1332	0.077087391336247493	0.066703942294928209	0.27246573250515171	yes
dataset:random_product_sample	10240	0.88	0.59972783123842832	1229	0.073521648037909421	0.063417880847625452	0.26285806461101169	yes
dataset:random_product_sample	10240	0.89000000000000001	0.60958151247252745	1127	0.069868755247217459	0.059499156890991056	0.25300438337691256	yes
dataset:random_product_sample	10240	0.90000000000000002	0.61876798769465591	1024	0.067254126154648708	0.057505294584785038	0.2438179081547841	yes
dataset:random_product_sample	10240	0.91000000000000003	0.62763545121035369	922	0.065376302051116816	0.054512578704017878	0.23495044463908632	yes
dataset:random_product_sample	10240	0.92000000000000004	0.63742814100502232	820	0.063152746025359086	0.052864881889277737	0.22515775484441769	yes
dataset:random_product_sample	10240	0.93000000000000005	0.65132270340900422	717	0.057398509788692216	0.047342585129309667	0.21126319244043579	yes
dataset:random_product_sample	10240	0.93999999999999995	0.66310372092684189	615	0.054241947539082035	0.046263566814491175	0.19948217492259812	yes
dataset:random_product_sample	10240	0.94999999999999996	0.67614655853018124	512	0.050889785719648806	0.043911575703490358	0.18643933731925877	yes
dataset:random_product_sample	10240	0.95999999999999996	0.69026728771673862	410	0.047776924665167551	0.040828516010834814	0.17231860813270139	yes
dataset:random_product_sample	10240	0.96999999999999997	0.70936372654581992	308	0.041503356481751068	0.033841971855630482	0.15322216930362009	yes
dataset:random_product_sample	10240	0.97999999999999998	0.73103818180200175	205	0.035629669762277105	0.029599851860445892	0.13154771404743826	yes
dataset:random_product_sample	10240	0.98999999999999999	0.76051313149295285	103	0.027975938793865798	0.022434700459714407	0.10207276435648716	yes
product:5x6	1024	0.75	0.59026793910203557	256	0.077952578099546338	0.064844042066434016	0.27231795674740444	yes
product:5x6	1024	0.76000000000000001	0.59765891446429042	246	0.073616558073531416	0.060607468181945567	0.26492698138514958	yes
product:5x6	1024	0.77000000000000002	0.60691046471165855	236	0.0672834365673083	0.053400716933305892	0.25567543113778146	yes
product:5x6	1024	0.78000000000000003	0.60889300953920755	226	0.068240114355089296	0.054777689521892936	0.25369288631023246	yes
product:5x6	1024	0.79000000000000004	0.61256999196853934	215	0.067935558514696667	0.053825339796589877	0.25001590388090067	yes
product:5x6	1024	0.80000000000000004	0.61708626676858225	205	0.066631127955188413	0.052544141103162301	0.24549962908085776	yes
product:5x6	1024	0.81000000000000005	0.62203686458286589	195	0.064975830157965889	0.053692146467726243	0.24054903126657412	yes
product:5x6	1024	0.81999999999999995	0.6279391160562724	185	0.062441476897347872	0.05099367279029321	0.23464677979316761	yes
product:5x6	1024	0.82999999999999996	0.63159493383181797	174	0.062639872925976323	0.053615186946948168	0.23099096201762204	yes
product:5x6	1024	0.83999999999999997	0.63759656644055807	164	0.06022745271794562	0.049442539876388081	0.22498932940888194	yes
product:5x6	1024	0.84999999999999998	0.64074112062329291	154	0.06088578069067762	0.050276281123348865	0.2218447752261471	yes
product:5x6	1024	0.85999999999999999	0.6466510960489863	144	0.058982530685650354	0.04824940098235353	0.21593479980045371	yes
product:5x6	1024	0.87	0.65248673229096277	133	0.057721556249939764	0.044855742753741712	0.21009916355847724	yes
product:5x6	1024	0.88	0.6582079026624833	123	0.056474183699503806	0.045980471509815768	0.20437799318695671	yes
product:5x6	1024	0.89000000000000001	0.66365791675797337	113	0.055807184401695756	0.046125033013734162	0.19892797909146664	yes
product:5x6	1024	0.90000000000000002	0.66943363963699265	103	0.0552090448524594	0.045173550816664743	0.19315225621244736	yes
product:5x6	1024	0.91000000000000003	0.6789208878244769	93	0.051033280090632342	0.041498983669057798	0.18366500802496311	yes
product:5x6	1024	0.92000000000000004	0.68693623726029518	82	0.049153990377787747	0.038107398707553697	0.17564965858914483	yes
product:5x6	1024	0.93000000000000005	0.69479534269794296	72	0.047516413893894459	0.034564647579422625	0.16779055315149705	yes
product:5x6	1024	0.93999999999999995	0.70403329777179235	62	0.045296414190172739	0.031049811450033771	0.15855259807764766	yes
product:5x6	1024	0.94999999999999996	0.71457156851790737	52	0.042380140092224045	0.036113730261681742	0.14801432733153264	yes
product:5x6	1024	0.95999999999999996	0.72427477795477702	41	0.042588431856471973	0.041823837567014244	0.13831111789466299	yes
product:5x6	1024	0.96999999999999997	0.73424825652015435	31	0.044665748894741092	0.038274143605769417	0.12833763932928566	yes
product:5x6	1024	0.97999999999999998	0.76124355973481905	21	0.031953167384581593	0.032228149855420218	0.10134233611462096	yes
product:5x6	1024	0.98999999999999999	0.7926715918074011	11	0.016421429877421113	0.005663392491180419	0.069914304042038911	no
generic:F10	512	0.75	0.49744946973751858	128	0.093912707467946679	0.081446035197822508	0.36211013606531584	yes
generic:F10	512	0.76000000000000001	0.50158505051260149	123	0.093503383033610499	0.077941047399604058	0.35797455529023292	yes
generic:F10	512	0.77000000000000002	0.50847367123845744	118	0.090414994092022596	0.074151740449399706	0.35108593456437698	yes
generic:F10	512	0.78000000000000003	0.51370713116890976	113	0.089095646289052491	0.070095599087601879	0.34585247463392466	yes
generic:F10	512	0.79000000000000004	0.52145628274692024	108	0.085314462605060357	0.067711244736125664	0.33810332305591417	yes
generic:F10	512	0.80000000000000004	0.52946461191300909	103	0.081365956678634388	0.065477807632742691	0.33009499388982533	yes
generic:F10	512	0.81000000000000005	0.53675861127005176	98	0.078070262022866516	0.059967447301721655	0.32280099453278266	yes
generic:F10	512	0.81999999999999995	0.54574172051279324	92	0.073876491776141126	0.054828609372996329	0.31381788529004118	yes
generic:F10	512	0.82999999999999996	0.55410406861296102	87	0.06946553268005437	0.048261499622274107	0.30545553718987339	yes
generic:F10	512	0.83999999999999997	0.5599107331498242	82	0.067687721385792737	0.049665472603681871	0.29964887265301021	yes
generic:F10	512	0.84999999999999998	0.56445422073462193	77	0.067354584892407685	0.052365012410515943	0.29510538506821249	yes
generic:F10	512	0.85999999999999999	0.56906591556541508	72	0.067269969476743185	0.052492638704340289	0.29049369023741933	yes
generic:F10	512	0.87	0.57680737995082909	67	0.064297599318842727	0.051185912903542352	0.28275222585200532	yes
generic:F10	512	0.88	0.57950690866612675	62	0.066644036993377981	0.050447807425689106	0.28005269713670766	yes
generic:F10	512	0.89000000000000001	0.58372413503106191	57	0.06807159047528781	0.050177039309126203	0.27583547077177251	yes
generic:F10	512	0.90000000000000002	0.59480215016891524	52	0.063078810767376897	0.045929725678089006	0.26475745563391917	yes
generic:F10	512	0.91000000000000003	0.60017174945982799	46	0.065614960750966581	0.053351546774315861	0.25938785634300643	yes
generic:F10	512	0.92000000000000004	0.60929048234628314	41	0.064034835829863593	0.048444339002327808	0.25026912345655128	yes
generic:F10	512	0.93000000000000005	0.62010173577617023	36	0.061214406482051814	0.040607149522437713	0.23945787002666419	yes
generic:F10	512	0.93999999999999995	0.62965690857857337	31	0.060443360548877494	0.035139178435991014	0.22990269722426104	yes
generic:F10	512	0.94999999999999996	0.64034461527997388	26	0.06064059331873909	0.049689389089868308	0.21921499052286053	yes
generic:F10	512	0.95999999999999996	0.65751427775035187	21	0.055198292085360437	0.035677064492150801	0.20204532805248254	yes
generic:F10	512	0.96999999999999997	0.66459460265815506	16	0.064486967373057702	0.055338110166973986	0.19496500314467935	no
generic:F10	512	0.97999999999999998	0.69305635241962094	11	0.057543575131974563	0.052915141111244735	0.16650325338321348	no
generic:F10	512	0.98999999999999999	0.74520452176937146	6	0.035792168380444966	0.025611822342925583	0.11435508403346295	no
product:6x6	1024	0.75	0.6294873251767823	256	0.072138318373232729	0.062427187001494022	0.22412456299346484	yes
product:6x6	1024	0.76000000000000001	0.63274718740473745	246	0.071752002062835982	0.062739071363043131	0.22086470076550968	yes
product:6x6	1024	0.77000000000000002	0.63804556255724543	236	0.069365178940510003	0.062495976602361447	0.21556632561300171	yes
product:6x6	1024	0.78000000000000003	0.64297365021454156	226	0.067430381274974624	0.059027772641663756	0.21063823795570558	yes
product:6x6	1024	0.79000000000000004	0.64965266816313461	215	0.064049305149818936	0.055191999940086944	0.20395922000711253	yes
product:6x6	1024	0.80000000000000004	0.65254324355368143	205	0.064202763429606	0.055831353809990159	0.20106864461656571	yes
product:6x6	1024	0.81000000000000005	0.65816871487795847	195	0.061727933991647214	0.053250836929565115	0.19544317329228866	yes
product:6x6	1024	0.81999999999999995	0.66427601421541926	185	0.05877212887219932	0.050904567590638106	0.18933587395482787	yes
product:6x6	1024	0.82999999999999996	0.66921643508722239	174	0.057389526796958551	0.049655177760448754	0.18439545308302474	yes
product:6x6	1024	0.83999999999999997	0.67543816205855867	164	0.054461408418329922	0.049290196925803942	0.17817372611168847	yes
product:6x6	1024	0.84999999999999998	0.67971296843007145	154	0.053576410976227416	0.049929636943387146	0.17389891974017568	yes
product:6x6	1024	0.85999999999999999	0.68356364081104037	144	0.053317850923777436	0.050904695002777389	0.17004824735920676	yes
product:6x6	1024	0.87	0.68882373969420496	133	0.052240974253801899	0.050226151964026022	0.16478814847604217	yes
product:6x6	1024	0.88	0.69546482583455727	123	0.04957298418249647	0.045691735219455132	0.15814706233568987	yes
product:6x6	1024	0.89000000000000001	0.70197204142457903	113	0.047132611912464345	0.041509646705511938	0.15163984674566811	yes
product:6x6	1024	0.90000000000000002	0.70825810549620261	103	0.045136689090421733	0.041844417036134063	0.14535378267404453	yes
product:6x6	1024	0.91000000000000003	0.71504939591068495	93	0.042915570003584015	0.037102397936240594	0.13856249225956219	yes
product:6x6	1024	0.92000000000000004	0.72449079180924814	82	0.038682330371640511	0.033334385671552835	0.129121096360999	yes
product:6x6	1024	0.93000000000000005	0.73431941445064841	72	0.0335524770475326	0.025588963351482585	0.11929247371959872	yes
product:6x6	1024	0.93999999999999995	0.74112311151038757	62	0.031481145695515113	0.025840547058464447	0.11248877665985957	yes
product:6x6	1024	0.94999999999999996	0.7498293014095222	52	0.028342277371201131	0.025905481510247463	0.10378258676072494	yes
product:6x6	1024	0.95999999999999996	0.75755701198903347	41	0.027293341718408859	0.021260260432822364	0.096054876181213666	yes
product:6x6	1024	0.96999999999999997	0.7664338309784503	31	0.026258157506108361	0.018951413275104967	0.087178057191796832	yes
product:6x6	1024	0.97999999999999998	0.77840191476348397	21	0.023010682079600314	0.017358380749512126	0.075209973406763164	yes
product:6x6	1024	0.98999999999999999	0.79536548536085683	11	0.021448757978129306	0.016417142008256946	0.058246402809390307	no
product:5x5	1024	0.75	0.55467520773301493	256	0.090281180694956525	0.074129992504300135	0.28912030018039847	yes
product:5x5	1024	0.76000000000000001	0.559523012470724	246	0.089000494105290512	0.073117222913962054	0.2842724954426894	yes
product:5x5	1024	0.77000000000000002	0.56557568991610152	236	0.08663008671624213	0.070277771135118572	0.27821981799731188	yes
product:5x5	1024	0.78000000000000003	0.57001298323695471	226	0.085921659936390754	0.06923206402965304	0.27378252467645869	yes
product:5x5	1024	0.79000000000000004	0.57374810420436739	215	0.086471834437751596	0.072426647650877252	0.27004740370904601	yes
product:5x5	1024	0.80000000000000004	0.5811818852044216	205	0.083083657273680195	0.06795324642543199	0.2626136227089918	yes
product:5x5	1024	0.81000000000000005	0.58505409604149439	195	0.083391387006492942	0.07015879312480866	0.25874141187191901	yes
product:5x5	1024	0.81999999999999995	0.59603319935209731	185	0.076655430675195105	0.067978315608246409	0.24776230856131609	yes
product:5x5	1024	0.82999999999999996	0.60133061750918071	174	0.076044076246751802	0.066729370095787277	0.24246489040423269	yes
product:5x5	1024	0.83999999999999997	0.60624160278446093	164	0.075614331959928061	0.068020486131525504	0.23755390512895247	yes
product:5x5	1024	0.84999999999999998	0.61560455879610398	154	0.070777574153556691	0.062932228335773444	0.22819094911730942	yes
product:5x5	1024	0.85999999999999999	0.61911775686791626	144	0.072071547398647004	0.061258813509587118	0.22467775104549714	yes
product:5x5	1024	0.87	0.62555380420080908	133	0.07140690857367181	0.056971111997826673	0.21824170371260432	yes
product:5x5	1024	0.88	0.63230027852852	123	0.070185495434154366	0.060972569931427967	0.2114952293848934	yes
product:5x5	1024	0.89000000000000001	0.63919314393743265	113	0.069182152963870758	0.060082159671210889	0.20460236397598075	yes
product:5x5	1024	0.90000000000000002	0.64874497300963563	103	0.065770896967454057	0.058995775259012784	0.19505053490377777	yes
product:5x5	1024	0.91000000000000003	0.66386192591673876	93	0.057099932108806734	0.049302065683620278	0.17993358199667464	yes
product:5x5	1024	0.92000000000000004	0.6739983952386458	82	0.054050905903568348	0.046568810240054381	0.1697971126747676	yes
product:5x5	1024	0.93000000000000005	0.68032251604762839	72	0.054688504035212339	0.048152105120643995	0.16347299186578501	yes
product:5x5	1024	0.93999999999999995	0.69233334973199323	62	0.050804297862635094	0.041984010019697648	0.15146215818142017	yes
product:5x5	1024	0.94999999999999996	0.70765068818265142	52	0.043730375860863251	0.039299542029863299	0.13614481973076198	yes
product:5x5	1024	0.95999999999999996	0.72046119559194599	41	0.040983687947945317	0.036730581960893405	0.12333431232146741	yes
product:5x5	1024	0.96999999999999997	0.73396379347845908	31	0.038359937006328317	0.030562314586001116	0.10983171443495432	yes
product:5x5	1024	0.97999999999999998	0.75664903587808185	21	0.027981464266472272	0.022888880009555246	0.087146472035331546	yes
product:5x5	1024	0.98999999999999999	0.77953198148677294	11	0.02223055632306058	0.019720167150551027	0.06426352642664046	no
product:4x5	1024	0.75	0.50941811825874694	256	0.10260846409931765	0.091825416989534614	0.32870637067083275	yes
product:4x5	1024	0.76000000000000001	0.51202039845817338	246	0.10412067306880578	0.091494400002981591	0.32610409047140632	yes
product:4x5	1024	0.77000000000000002	0.5199407502098814	236	0.10047340232737209	0.090567903439333464	0.31818373871969829	yes
product:4x5	1024	0.78000000000000003	0.52761754027450181	226	0.097098532948530908	0.085525674668462837	0.31050694865507789	yes
product:4x5	1024	0.79000000000000004	0.53206352635873999	215	0.097511533181162596	0.087024909973255071	0.3060609625708397	yes
product:4x5	1024	0.80000000000000004	0.5418382639975764	205	0.092232165511607817	0.082599785685592786	0.29628622493200329	yes
product:4x5	1024	0.81000000000000005	0.54688641688777262	195	0.091780637478033222	0.081455329392655429	0.29123807204180707	yes
product:4x5	1024	0.81999999999999995	0.55802752633920438	185	0.085261212578108397	0.074866062690774227	0.28009696259037531	yes
product:4x5	1024	0.82999999999999996	0.56369112018957612	174	0.084810224522581384	0.077632354689998129	0.27443336874000357	yes
product:4x5	1024	0.83999999999999997	0.5728608936741314	164	0.080507886775850621	0.077086395166493349	0.26526359525544829	yes
product:4x5	1024	0.84999999999999998	0.58084349348833364	154	0.077559311897138314	0.072929193187094343	0.25728099544124605	yes
product:4x5	1024	0.85999999999999999	0.58909932517282326	144	0.074385519273528586	0.07116040732829193	0.24902516375675643	yes
product:4x5	1024	0.87	0.59925162950404454	133	0.070009275236997251	0.065895193870849966	0.23887285942553516	yes
product:4x5	1024	0.88	0.60348607786074648	123	0.071297996404435557	0.067031365584863889	0.23463841106883321	yes
product:4x5	1024	0.89000000000000001	0.61309152579728587	113	0.06750084636997937	0.058967374951969131	0.22503296313229382	yes
product:4x5	1024	0.90000000000000002	0.62441750588225087	103	0.062193459823693641	0.054908757297728372	0.21370698304732882	yes
product:4x5	1024	0.91000000000000003	0.6328493615265266	93	0.060010382018257612	0.048996355819297399	0.20527512740305309	yes
product:4x5	1024	0.92000000000000004	0.64949144917342372	82	0.050471888415827525	0.039105590988462835	0.18863303975615597	yes
product:4x5	1024	0.93000000000000005	0.66018073241798292	72	0.046092764786165842	0.035924483106591021	0.17794375651159677	yes
product:4x5	1024	0.93999999999999995	0.67011467855761808	62	0.042782445115204133	0.035221269826970047	0.16800981037196161	yes
product:4x5	1024	0.94999999999999996	0.67911590963771173	52	0.041403537956001775	0.037493807624446207	0.15900857929186796	yes
product:4x5	1024	0.95999999999999996	0.68851288331401628	41	0.04213192423522754	0.035211387221225188	0.14961160561556341	yes
product:4x5	1024	0.96999999999999997	0.70512701639339415	31	0.036680629651357551	0.027039822546611636	0.13299747253618555	yes
product:4x5	1024	0.97999999999999998	0.72358647370459728	21	0.030215695911313265	0.016732010039741785	0.11453801522498241	yes
product:4x5	1024	0.98999999999999999	0.73985937525205947	11	0.035296168570171489	0.033174616132614965	0.098265113677520222	no
product:4x6	1024	0.75	0.52617047312896326	256	0.092950262989061172	0.079828447691967508	0.3030960820692099	yes
product:4x6	1024	0.76000000000000001	0.53147547009454077	246	0.091317226377501642	0.079782450335665389	0.29779108510363239	yes
product:4x6	1024	0.77000000000000002	0.5395214883036793	236	0.086929002050757057	0.076874751484637349	0.28974506689449386	yes
product:4x6	1024	0.78000000000000003	0.54409748613155084	226	0.086074992288698957	0.074561317601970767	0.28516906906662232	yes
product:4x6	1024	0.79000000000000004	0.5462807992001868	215	0.088231630818018214	0.076963895484836953	0.28298575599798637	yes
product:4x6	1024	0.80000000000000004	0.55523536026140985	205	0.083356149068963423	0.071034484019737221	0.27403119493676331	yes
product:4x6	1024	0.81000000000000005	0.5599916312685167	195	0.082738638472652531	0.070424017087963642	0.26927492392965646	yes
product:4x6	1024	0.81999999999999995	0.56432368448894143	185	0.082768227474523795	0.069336705632497941	0.26494287070923173	yes
product:4x6	1024	0.82999999999999996	0.57047398715757602	174	0.081596590826705215	0.066727966304473196	0.25879256804059714	yes
product:4x6	1024	0.83999999999999997	0.57880545863702615	164	0.077994823107451941	0.06427957679408669	0.25046109656114701	yes
product:4x6	1024	0.84999999999999998	0.58461393471722922	154	0.077027150862051766	0.065363344700820947	0.24465262048094394	yes
product:4x6	1024	0.85999999999999999	0.5930372419033666	144	0.073692381727390704	0.0617663761391824	0.23622931329480656	yes
product:4x6	1024	0.87	0.60130099858537733	133	0.071054934128924774	0.059380263545577572	0.22796555661279583	yes
product:4x6	1024	0.88	0.61070295750606396	123	0.067023467738998324	0.055097467216879803	0.2185635976921092	yes
product:4x6	1024	0.89000000000000001	0.61861871810017066	113	0.064592016133121904	0.054520605236075603	0.2106478370980025	yes
product:4x6	1024	0.90000000000000002	0.62602533863616217	103	0.063075085132782094	0.054842200714300571	0.203241216562011	yes
product:4x6	1024	0.91000000000000003	0.63358939221344956	93	0.061911539975484965	0.053425728313007292	0.1956771629847236	yes
product:4x6	1024	0.92000000000000004	0.64295858663289374	82	0.060362738640984091	0.054943913585849657	0.18630796856527942	yes
product:4x6	1024	0.93000000000000005	0.65468740459847274	72	0.05612256936374433	0.053172748851042562	0.17457915059970042	yes
product:4x6	1024	0.93999999999999995	0.66519145065749663	62	0.053796077561566395	0.05347907996800999	0.16407510454067653	yes
product:4x6	1024	0.94999999999999996	0.68061704465128059	52	0.047302106295596828	0.044697988743807759	0.14864951054689257	yes
product:4x6	1024	0.95999999999999996	0.69763392816325365	41	0.040894468405586609	0.036439604017424299	0.13163262703491951	yes
product:4x6	1024	0.96999999999999997	0.71760663093661581	31	0.031171541411801031	0.027563031886522871	0.11165992426155735	yes
product:4x6	1024	0.97999999999999998	0.73323711553030657	21	0.026412749904923413	0.020745872424065004	0.09602943966786659	yes
product:4x6	1024	0.98999999999999999	0.75369849758019591	11	0.022330311126298685	0.01901345757031081	0.075568057617977247	no
generic:F12	512	0.75	0.55169154670928	128	0.079013931404562629	0.061208773470010025	0.27307472791488685	yes
generic:F12	512	0.76000000000000001	0.55769615384419191	123	0.076102055224924331	0.057313032103583406	0.26707012077997494	yes
generic:F12	512	0.77000000000000002	0.56494246947441096	118	0.071844727616418649	0.052084043448803297	0.25982380514975589	yes
generic:F12	512	0.78000000000000003	0.56951636855279952	113	0.070377096102478762	0.050700538040690524	0.25524990607136733	yes
generic:F12	512	0.79000000000000004	0.57230879500341147	108	0.070778819243981037	0.052370943718967944	0.25245747962075538	yes
generic:F12	512	0.80000000000000004	0.57735162733772749	103	0.069069943590587116	0.055635630734301444	0.24741464728643936	yes
generic:F12	512	0.81000000000000005	0.58166452929246126	98	0.068187997030580039	0.056689538700794295	0.24310174533170559	yes
generic:F12	512	0.81999999999999995	0.5891280546380947	92	0.06489390838630979	0.05294585874668678	0.23563821998607215	yes
generic:F12	512	0.82999999999999996	0.59347061163113268	87	0.064118834180797654	0.051472365938914577	0.23129566299303417	yes
generic:F12	512	0.83999999999999997	0.59780015948549114	82	0.063594975323361211	0.049217578680270047	0.22696611513867571	yes
generic:F12	512	0.84999999999999998	0.60102027112843648	77	0.064391689552112705	0.055159920025852127	0.22374600349573037	yes
generic:F12	512	0.85999999999999999	0.60537295426701054	72	0.064359941236059759	0.053291357052812682	0.21939332035715631	yes
generic:F12	512	0.87	0.61028267701943029	67	0.06399107060889507	0.05670362959162234	0.21448359760473656	yes
generic:F12	512	0.88	0.61478522894545995	62	0.064491794885866566	0.056276763422567488	0.2099810456787069	yes
generic:F12	512	0.89000000000000001	0.61975900363872327	57	0.065005420065377878	0.053538478666151468	0.20500727098544358	yes
generic:F12	512	0.90000000000000002	0.63270397357619157	52	0.057864778767466131	0.045808337661463083	0.19206230104797528	yes
generic:F12	512	0.91000000000000003	0.64067369964002607	46	0.056815149117992798	0.045821872278982934	0.18409257498414078	yes
generic:F12	512	0.92000000000000004	0.64607741560897702	41	0.057835833970395961	0.05037440587931441	0.17868885901518983	yes
generic:F12	512	0.93000000000000005	0.65865730909754971	36	0.052054070565577745	0.044662139226739173	0.16610896552661714	yes
generic:F12	512	0.93999999999999995	0.67085626610455296	31	0.047033767982695471	0.039382134609415087	0.15391000851961389	yes
generic:F12	512	0.94999999999999996	0.67848253965027605	26	0.047801415738577276	0.035830372462215543	0.1462837349738908	yes
generic:F12	512	0.95999999999999996	0.69572711393035092	21	0.040192323866156066	0.035699198986229752	0.12903916069381594	yes
generic:F12	512	0.96999999999999997	0.7100009815232724	16	0.036571393974455683	0.024893901844511623	0.11476529310089445	no
generic:F12	512	0.97999999999999998	0.72841838314821628	11	0.033150233072343355	0.022693610786876484	0.096347891475950576	no
generic:F12	512	0.98999999999999999	0.74956011359201646	6	0.034916880229892831	0.032055849879840448	0.075206161032150387	no
product:4x4	1024	0.75	0.46032848492377432	256	0.10349885566057727	0.088110283689241675	0.35377174837917857	yes
product:4x4	1024	0.76000000000000001	0.46597455037417551	246	0.10193548711310722	0.084971403723013483	0.34812568292877738	yes
product:4x4	1024	0.77000000000000002	0.47484544448248656	236	0.097169125292184716	0.082278788935392866	0.33925478882046634	yes
product:4x4	1024	0.78000000000000003	0.48235321215233368	226	0.093822597505936869	0.077866116755896553	0.33174702115061921	yes
product:4x4	1024	0.79000000000000004	0.4859891644691085	215	0.094883627640579796	0.081689608721200291	0.32811106883384439	yes
product:4x4	1024	0.80000000000000004	0.48904670981986331	205	0.09637048581908865	0.082872186643043966	0.32505352348308958	yes
product:4x4	1024	0.81000000000000005	0.4951075357284061	195	0.095138733956049423	0.084726175649079638	0.31899269757454679	yes
product:4x4	1024	0.81999999999999995	0.50130339369441712	185	0.093929163451210745	0.083668881627817493	0.31279683960853577	yes
product:4x4	1024	0.82999999999999996	0.50648897009208238	174	0.094497000226597822	0.087287270796191085	0.30761126321087051	yes
product:4x4	1024	0.83999999999999997	0.52152535560099555	164	0.084714965169094339	0.075771368328522881	0.29257487770195734	yes
product:4x4	1024	0.84999999999999998	0.52925651476439417	154	0.082257665970465008	0.074356973942338978	0.28484371853855872	yes
product:4x4	1024	0.85999999999999999	0.53659645749449936	144	0.080322942316249618	0.070577014264784799	0.27750377580845353	yes
product:4x4	1024	0.87	0.54498783757706193	133	0.078210782275051183	0.069298138319243585	0.26911239572589096	yes
product:4x4	1024	0.88	0.55086714042235208	123	0.078425394679327964	0.070619979754003914	0.26323309288060082	yes
product:4x4	1024	0.89000000000000001	0.56016759458918908	113	0.07560536865861768	0.065082694602445756	0.25393263871376381	yes
product:4x4	1024	0.90000000000000002	0.57117934794252334	103	0.071430544528220147	0.058564531129814523	0.24292088536042955	yes
product:4x4	1024	0.91000000000000003	0.58483857379736992	93	0.064698381796099116	0.050190771121730648	0.22926165950558297	yes
product:4x4	1024	0.92000000000000004	0.59710630098210182	82	0.060081899143682511	0.045052297341594938	0.21699393232085107	yes
product:4x4	1024	0.93000000000000005	0.60713691340523135	72	0.057586862200509979	0.048275832691005161	0.20696331989772154	yes
product:4x4	1024	0.93999999999999995	0.6214826888984093	62	0.051379303162461386	0.04113447393982167	0.19261754440454359	yes
product:4x4	1024	0.94999999999999996	0.62968664795605112	52	0.052338957398188897	0.040277162037266168	0.18441358534690178	yes
product:4x4	1024	0.95999999999999996	0.64199125896993015	41	0.052397965699876516	0.042895194935688385	0.17210897433302275	yes
product:4x4	1024	0.96999999999999997	0.66259266423843433	31	0.04505127968746471	0.036404250712013586	0.15150756906451857	yes
product:4x4	1024	0.97999999999999998	0.68171256199062102	21	0.043743996249101691	0.028627919507658195	0.13238767131233187	yes
product:4x4	1024	0.98999999999999999	0.7101813936783582	11	0.041354520693850948	0.030070831807193943	0.10391883962459469	no
