stratum	n	model	fit_threshold_quantile	fit_threshold	test_threshold_quantile	test_threshold	observed_exceedances	observed_rate	fit_status	fit_tail_n	status	predicted_probability	predicted_expected_count	predicted_over_observed_count	observed_rate_wilson_95_lower	observed_rate_wilson_95_upper	predicted_inside_wilson_interval	binomial_log_score	shape	scale	endpoint
pooled:all	14336	exponential_excess	0.75	0.48365042934564106	0.90000000000000002	0.60204906489505827	1434	0.10002790178571429	ok	3584	ok	0.084266596635080307	1208.0459293605113	0.84243091308264384	0.095223094281499596	0.10504700403637081	no	-4683.1488753707335	0	0.10887477384358527	infinite
pooled:all	14336	exponential_excess	0.75	0.48365042934564106	0.94999999999999996	0.66242004608610294	717	0.050013950892857144	ok	3584	ok	0.048399345245071286	693.85301343334197	0.96771689460717147	0.04656482790612191	0.053704164812500656	yes	-2846.9049046210998	0	0.10887477384358527	infinite
pooled:all	14336	exponential_excess	0.75	0.48365042934564106	0.98999999999999999	0.75210201224531514	144	0.010044642857142858	ok	3584	ok	0.021237523969131103	304.46114362146352	2.1143134973712745	0.0085385106932380182	0.011813280479542155	no	-859.33545019784538	0	0.10887477384358527	infinite
pooled:all	14336	gpd_excess	0.75	0.48365042934564106	0.90000000000000002	0.60204906489505827	1434	0.10002790178571429	ok	3584	ok	0.097049228461905293	1391.2977392298742	0.97022157547411036	0.095223094281499596	0.10504700403637081	yes	-4661.9875594684509	-0.3888046894907613	0.14955017386677621	0.86829129893661805
pooled:all	14336	gpd_excess	0.75	0.48365042934564106	0.94999999999999996	0.66242004608610294	717	0.050013950892857144	ok	3584	ok	0.050089830331732421	718.08780763571599	1.0015171654612496	0.04656482790612191	0.053704164812500656	yes	-2846.5042548391812	-0.3888046894907613	0.14955017386677621	0.86829129893661805
pooled:all	14336	gpd_excess	0.75	0.48365042934564106	0.98999999999999999	0.75210201224531514	144	0.010044642857142858	ok	3584	ok	0.01150249863140825	164.89982037986869	1.1451376415268659	0.0085385106932380182	0.011813280479542155	yes	-807.17707981499143	-0.3888046894907613	0.14955017386677621	0.86829129893661805
pooled:all	14336	exponential_excess	0.80000000000000004	0.51831788546983582	0.90000000000000002	0.60204906489505827	1434	0.10002790178571429	ok	2867	ok	0.084563953053752097	1212.3088309785901	0.84540364782328459	0.095223094281499596	0.10504700403637081	no	-4682.2877540730269	0	0.097278186273600478	infinite
pooled:all	14336	exponential_excess	0.80000000000000004	0.51831788546983582	0.94999999999999996	0.66242004608610294	717	0.050013950892857144	ok	2867	ok	0.045463357064119046	651.76268687121069	0.9090135102806286	0.04656482790612191	0.053704164812500656	no	-2849.820271560433	0	0.097278186273600478	infinite
pooled:all	14336	exponential_excess	0.80000000000000004	0.51831788546983582	0.98999999999999999	0.75210201224531514	144	0.010044642857142858	ok	2867	ok	0.018083397685850374	259.24358922435096	1.8003027029468817	0.0085385106932380182	0.011813280479542155	no	-836.8259836227993	0	0.097278186273600478	infinite
pooled:all	14336	gpd_excess	0.80000000000000004	0.51831788546983582	0.90000000000000002	0.60204906489505827	1434	0.10002790178571429	ok	2867	ok	0.097291043854339093	1394.7644046958053	0.97263905487852531	0.095223094281499596	0.10504700403637081	yes	-4661.8746301210886	-0.37722486544406403	0.1327133305504869	0.87013279139937616
pooled:all	14336	gpd_excess	0.80000000000000004	0.51831788546983582	0.94999999999999996	0.66242004608610294	717	0.050013950892857144	ok	2867	ok	0.049468584737748796	709.18163080036675	0.98909571938684349	0.04656482790612191	0.053704164812500656	yes	-2846.548569632288	-0.37722486544406403	0.1327133305504869	0.87013279139937616
pooled:all	14336	gpd_excess	0.80000000000000004	0.51831788546983582	0.98999999999999999	0.75210201224531514	144	0.010044642857142858	ok	2867	ok	0.011056284392339449	158.50289304857833	1.1007145350595717	0.0085385106932380182	0.011813280479542155	yes	-806.46956607420702	-0.37722486544406403	0.1327133305504869	0.87013279139937616
pooled:all	14336	exponential_excess	0.84999999999999998	0.55877578451916288	0.90000000000000002	0.60204906489505827	1434	0.10002790178571429	ok	2151	ok	0.08899602261347267	1275.8469801867441	0.88971198060442402	0.095223094281499596	0.10504700403637081	no	-4671.650421907857	0	0.082847804919493839	infinite
pooled:all	14336	exponential_excess	0.84999999999999998	0.55877578451916288	0.94999999999999996	0.66242004608610294	717	0.050013950892857144	ok	2151	ok	0.042943885071750787	615.64353638861928	0.85863812606501988	0.04656482790612191	0.053704164812500656	no	-2854.7985590023527	0	0.082847804919493839	infinite
pooled:all	14336	exponential_excess	0.84999999999999998	0.55877578451916288	0.98999999999999999	0.75210201224531514	144	0.010044642857142858	ok	2151	ok	0.014547275309734549	208.54973884035451	1.4482620752802395	0.0085385106932380182	0.011813280479542155	no	-817.14195950104954	0	0.082847804919493839	infinite
pooled:all	14336	gpd_excess	0.84999999999999998	0.55877578451916288	0.90000000000000002	0.60204906489505827	1434	0.10002790178571429	ok	2151	ok	0.098882396799321245	1417.5780405150695	0.98854814540799818	0.095223094281499596	0.10504700403637081	yes	-4661.3735316888733	-0.35255878573066113	0.11159210027542577	0.87529633312542299
pooled:all	14336	gpd_excess	0.84999999999999998	0.55877578451916288	0.94999999999999996	0.66242004608610294	717	0.050013950892857144	ok	2151	ok	0.048704778514635158	698.2317047858096	0.97382385604715427	0.04656482790612191	0.053704164812500656	yes	-2846.7663208007143	-0.35255878573066113	0.11159210027542577	0.87529633312542299
pooled:all	14336	gpd_excess	0.84999999999999998	0.55877578451916288	0.98999999999999999	0.75210201224531514	144	0.010044642857142858	ok	2151	ok	0.010323364001746623	147.9957463290396	1.0277482383961083	0.0085385106932380182	0.011813280479542155	yes	-805.83242775214956	-0.35255878573066113	0.11159210027542577	0.87529633312542299
dataset:random_sample	4096	exponential_excess	0.75	0.42805392019717281	0.90000000000000002	0.55894262137915063	410	0.10009765625	ok	1024	ok	0.079857259003766085	327.09533287942588	0.79779349482786799	0.091277707334425917	0.10966700408806634	no	-1343.0537051918591	0	0.11469189569193577	infinite
dataset:random_sample	4096	exponential_excess	0.75	0.42805392019717281	0.94999999999999996	0.6101385841537581	205	0.050048828125	ok	1024	ok	0.051103989745336365	209.32194199689775	1.0210826438873062	0.043782721410384751	0.057158123004543981	yes	-813.75455246455226	0	0.11469189569193577	infinite
dataset:random_sample	4096	exponential_excess	0.75	0.42805392019717281	0.98999999999999999	0.70515620801278245	41	0.010009765625	ok	1024	ok	0.022318206515280537	91.41537388658908	2.2296432655265628	0.0073873457194077235	0.013550405089470172	no	-247.42196456913052	0	0.11469189569193577	infinite
dataset:random_sample	4096	gpd_excess	0.75	0.42805392019717281	0.90000000000000002	0.55894262137915063	410	0.10009765625	ok	1024	ok	0.089477959341243488	366.50172146173333	0.89390663771154466	0.091277707334425917	0.10966700408806634	no	-1335.1580281570712	-0.34075586299036531	0.15098868326951181	0.87115321699131465
dataset:random_sample	4096	gpd_excess	0.75	0.42805392019717281	0.94999999999999996	0.6101385841537581	205	0.050048828125	ok	1024	ok	0.052899387519448754	216.6758912796621	1.0569555672178639	0.043782721410384751	0.057158123004543981	yes	-814.04516914550106	-0.34075586299036531	0.15098868326951181	0.87115321699131465
dataset:random_sample	4096	gpd_excess	0.75	0.42805392019717281	0.98999999999999999	0.70515620801278245	41	0.010009765625	ok	1024	ok	0.014015283830295678	57.406602568891095	1.4001610382656364	0.0073873457194077235	0.013550405089470172	no	-232.20587531042895	-0.34075586299036531	0.15098868326951181	0.87115321699131465
dataset:random_sample	4096	exponential_excess	0.80000000000000004	0.46506425039287708	0.90000000000000002	0.55894262137915063	410	0.10009765625	ok	819	ok	0.079543139333890983	325.80869871161747	0.79465536271126214	0.091277707334425917	0.10966700408806634	no	-1343.4115089499128	0	0.10184535765969624	infinite
dataset:random_sample	4096	exponential_excess	0.80000000000000004	0.46506425039287708	0.94999999999999996	0.6101385841537581	205	0.050048828125	ok	819	ok	0.048116068466116726	197.08341643721411	0.96138251920592255	0.043782721410384751	0.057158123004543981	yes	-813.87217659896407	0	0.10184535765969624	infinite
dataset:random_sample	4096	exponential_excess	0.80000000000000004	0.46506425039287708	0.98999999999999999	0.70515620801278245	41	0.010009765625	ok	819	ok	0.018928266588672506	77.530179947202583	1.8909799987122582	0.0073873457194077235	0.013550405089470172	no	-240.14088523779918	0	0.10184535765969624	infinite
dataset:random_sample	4096	gpd_excess	0.80000000000000004	0.46506425039287708	0.90000000000000002	0.55894262137915063	410	0.10009765625	ok	819	ok	0.089524903116233762	366.69400316409349	0.89437561747339878	0.091277707334425917	0.10966700408806634	no	-1335.1330258567159	-0.32350822483001829	0.13267099768402368	0.87516509946320076
dataset:random_sample	4096	gpd_excess	0.80000000000000004	0.46506425039287708	0.94999999999999996	0.6101385841537581	205	0.050048828125	ok	819	ok	0.051861498497571025	212.42469784605092	1.0362180382734192	0.043782721410384751	0.057158123004543981	yes	-813.84560786119005	-0.32350822483001829	0.13267099768402368	0.87516509946320076
dataset:random_sample	4096	gpd_excess	0.80000000000000004	0.46506425039287708	0.98999999999999999	0.70515620801278245	41	0.010009765625	ok	819	ok	0.013146921699944313	53.849791282971907	1.3134095434871196	0.0073873457194077235	0.013550405089470172	yes	-231.25857898172319	-0.32350822483001829	0.13267099768402368	0.87516509946320076
dataset:random_sample	4096	exponential_excess	0.84999999999999998	0.50692151930738005	0.90000000000000002	0.55894262137915063	410	0.10009765625	ok	615	ok	0.082542138346630253	338.09259866779752	0.82461609431170124	0.091277707334425917	0.10966700408806634	no	-1340.2668435850792	0	0.086947834048912598	infinite
dataset:random_sample	4096	exponential_excess	0.84999999999999998	0.50692151930738005	0.94999999999999996	0.6101385841537581	205	0.050048828125	ok	615	ok	0.045809730805090147	187.63665737764924	0.91530076769585	0.043782721410384751	0.057158123004543981	yes	-814.52553046620187	0	0.086947834048912598	infinite
dataset:random_sample	4096	exponential_excess	0.84999999999999998	0.50692151930738005	0.98999999999999999	0.70515620801278245	41	0.010009765625	ok	615	ok	0.015358739737945788	62.909397966625946	1.5343755601616085	0.0073873457194077235	0.013550405089470172	no	-233.98180731205576	0	0.086947834048912598	infinite
dataset:random_sample	4096	gpd_excess	0.84999999999999998	0.50692151930738005	0.90000000000000002	0.55894262137915063	410	0.10009765625	ok	615	ok	0.090848902103258342	372.11710301494617	0.90760269028035645	0.091277707334425917	0.10966700408806634	no	-1334.4778925671721	-0.29500152017330405	0.1114049958744868	0.88456362708038361
dataset:random_sample	4096	gpd_excess	0.84999999999999998	0.50692151930738005	0.94999999999999996	0.6101385841537581	205	0.050048828125	ok	615	ok	0.05087389303227801	208.37946586021073	1.0164851993181012	0.043782721410384751	0.057158123004543981	yes	-813.73624340038793	-0.29500152017330405	0.1114049958744868	0.88456362708038361
dataset:random_sample	4096	gpd_excess	0.84999999999999998	0.50692151930738005	0.98999999999999999	0.70515620801278245	41	0.010009765625	ok	615	ok	0.012044588078244618	49.334632768489953	1.2032837260607305	0.0073873457194077235	0.013550405089470172	yes	-230.32205522453216	-0.29500152017330405	0.1114049958744868	0.88456362708038361
dataset:random_product_sample	10240	exponential_excess	0.75	0.5013363661736796	0.90000000000000002	0.61876798769465591	1024	0.10000000000000001	ok	2560	ok	0.083224463967341678	852.21851102557878	0.83224463967341678	0.094338575693642082	0.10596142573345042	no	-3346.6854332962243	0	0.10676382543790393	infinite
dataset:random_product_sample	10240	exponential_excess	0.75	0.5013363661736796	0.94999999999999996	0.67614655853018124	512	0.050000000000000003	ok	2560	ok	0.048623491125406156	497.90454912415902	0.97246982250812308	0.045944882721579663	0.054392618883899388	yes	-2033.003955204535	0	0.10676382543790393	infinite
dataset:random_product_sample	10240	exponential_excess	0.75	0.5013363661736796	0.98999999999999999	0.76051313149295285	103	0.010058593750000001	ok	2560	ok	0.022062733732697393	225.9223934228213	2.1934212953671972	0.008301238936614698	0.012183406366052044	no	-618.98212689182924	0	0.10676382543790393	infinite
dataset:random_product_sample	10240	gpd_excess	0.75	0.5013363661736796	0.90000000000000002	0.61876798769465591	1024	0.10000000000000001	ok	2560	ok	0.096106732746724072	984.13294332645455	0.96106732746724077	0.094338575693642082	0.10596142573345042	yes	-3329.7324446554576	-0.40555181716072364	0.14818339240980574	0.86672344160892401
dataset:random_product_sample	10240	gpd_excess	0.75	0.5013363661736796	0.94999999999999996	0.67614655853018124	512	0.050000000000000003	ok	2560	ok	0.050223514802882313	514.28879158151494	1.0044702960576464	0.045944882721579663	0.054392618883899388	yes	-2032.8014617488425	-0.40555181716072364	0.14818339240980574	0.86672344160892401
dataset:random_product_sample	10240	gpd_excess	0.75	0.5013363661736796	0.98999999999999999	0.76051313149295285	103	0.010058593750000001	ok	2560	ok	0.011880584334494319	121.65718358522183	1.1811377047108915	0.008301238936614698	0.012183406366052044	yes	-577.73813810227227	-0.40555181716072364	0.14818339240980574	0.86672344160892401
dataset:random_product_sample	10240	exponential_excess	0.80000000000000004	0.53555423843973049	0.90000000000000002	0.61876798769465591	1024	0.10000000000000001	ok	2048	ok	0.083336501724183429	853.36577765563834	0.83336501724183432	0.094338575693642082	0.10596142573345042	no	-3346.4341817532759	0	0.095054637222867666	infinite
dataset:random_product_sample	10240	exponential_excess	0.80000000000000004	0.53555423843973049	0.94999999999999996	0.67614655853018124	512	0.050000000000000003	ok	2048	ok	0.045569966146736293	466.63645334257967	0.91139932293472592	0.045944882721579663	0.054392618883899388	no	-2035.0383482681109	0	0.095054637222867666	infinite
dataset:random_product_sample	10240	exponential_excess	0.80000000000000004	0.53555423843973049	0.98999999999999999	0.76051313149295285	103	0.010058593750000001	ok	2048	ok	0.018759309460759786	192.09532887818023	1.865003192992041	0.008301238936614698	0.012183406366052044	no	-601.50411987449866	0	0.095054637222867666	infinite
dataset:random_product_sample	10240	gpd_excess	0.80000000000000004	0.53555423843973049	0.90000000000000002	0.61876798769465591	1024	0.10000000000000001	ok	2048	ok	0.096305772997888173	986.17111549837489	0.96305772997888173	0.094338575693642082	0.10596142573345042	yes	-3329.6435162990592	-0.39426710197175452	0.13105923160827671	0.86796653191499451
dataset:random_product_sample	10240	gpd_excess	0.80000000000000004	0.53555423843973049	0.94999999999999996	0.67614655853018124	512	0.050000000000000003	ok	2048	ok	0.049589726549513033	507.79879986701349	0.99179453099026071	0.045944882721579663	0.054392618883899388	yes	-2032.8143300614292	-0.39426710197175452	0.13105923160827671	0.86796653191499451
dataset:random_product_sample	10240	gpd_excess	0.80000000000000004	0.53555423843973049	0.98999999999999999	0.76051313149295285	103	0.010058593750000001	ok	2048	ok	0.011404042122155945	116.77739133087687	1.1337610808822998	0.008301238936614698	0.012183406366052044	yes	-577.06710284599387	-0.39426710197175452	0.13105923160827671	0.86796653191499451
dataset:random_product_sample	10240	exponential_excess	0.84999999999999998	0.57381204426018217	0.90000000000000002	0.61876798769465591	1024	0.10000000000000001	ok	1536	ok	0.086765553510686863	888.47926794943351	0.86765553510686866	0.094338575693642082	0.10596142573345042	no	-3339.683209839648	0	0.082122471842949199	infinite
dataset:random_product_sample	10240	exponential_excess	0.84999999999999998	0.57381204426018217	0.94999999999999996	0.67614655853018124	512	0.050000000000000003	ok	1536	ok	0.043142757885775464	441.78184075034073	0.86285515771550925	0.045944882721579663	0.054392618883899388	no	-2038.3544624094181	0	0.082122471842949199	infinite
dataset:random_product_sample	10240	exponential_excess	0.84999999999999998	0.57381204426018217	0.98999999999999999	0.76051313149295285	103	0.010058593750000001	ok	1536	ok	0.015443501411330555	158.14145445202487	1.5353539267186882	0.008301238936614698	0.012183406366052044	no	-587.34061112129916	0	0.082122471842949199	infinite
dataset:random_product_sample	10240	gpd_excess	0.84999999999999998	0.57381204426018217	0.90000000000000002	0.61876798769465591	1024	0.10000000000000001	ok	1536	ok	0.097170804061861099	995.0290335934576	0.97170804061861094	0.094338575693642082	0.10596142573345042	yes	-3329.3128084932896	-0.37898265408652199	0.11229802753799244	0.8701264700712239
dataset:random_product_sample	10240	gpd_excess	0.84999999999999998	0.57381204426018217	0.94999999999999996	0.67614655853018124	512	0.050000000000000003	ok	1536	ok	0.04904461902228522	502.21689878820064	0.98089238044570437	0.045944882721579663	0.054392618883899388	yes	-2032.8956816457855	-0.37898265408652199	0.11229802753799244	0.8701264700712239
dataset:random_product_sample	10240	gpd_excess	0.84999999999999998	0.57381204426018217	0.98999999999999999	0.76051313149295285	103	0.010058593750000001	ok	1536	ok	0.010876502436216939	111.37538494686146	1.0813144169598199	0.008301238936614698	0.012183406366052044	yes	-576.53759091608049	-0.37898265408652199	0.11229802753799244	0.8701264700712239
product:5x6	1024	exponential_excess	0.75	0.59026793910203557	0.90000000000000002	0.66943363963699265	103	0.1005859375	ok	256	ok	0.090549675861394285	92.722868082067748	0.90022202021425002	0.083630257912360048	0.12052716054929473	yes	-334.80786163059503	0	0.077952578099546338	infinite
product:5x6	1024	exponential_excess	0.75	0.59026793910203557	0.94999999999999996	0.71457156851790737	52	0.05078125	ok	256	ok	0.05074713514202317	51.965066385431726	0.99932819971984088	0.038933483946073148	0.065986839996130239	yes	-205.62862599926385	0	0.077952578099546338	infinite
product:5x6	1024	exponential_excess	0.75	0.59026793910203557	0.98999999999999999	0.7926715918074011	11	0.0107421875	ok	256	ok	0.018633549509565913	19.080754697795495	1.7346140634359541	0.0060087122945773229	0.019132770955518102	yes	-62.864570150026552	0	0.077952578099546338	infinite
product:5x6	1024	gpd_excess	0.75	0.59026793910203557	0.90000000000000002	0.66943363963699265	103	0.1005859375	ok	256	ok	0.10352715844615305	106.01181024886073	1.0292408762025314	0.083630257912360048	0.12052716054929473	yes	-334.2494790422212	-0.35691466904274494	0.10466240773424509	0.88351004096059071
product:5x6	1024	gpd_excess	0.75	0.59026793910203557	0.94999999999999996	0.71457156851790737	52	0.05078125	ok	256	ok	0.05332336454831188	54.603125297471365	1.0500601018744493	0.038933483946073148	0.065986839996130239	yes	-205.6951659712301	-0.35691466904274494	0.10466240773424509	0.88351004096059071
product:5x6	1024	gpd_excess	0.75	0.59026793910203557	0.98999999999999999	0.7926715918074011	11	0.0107421875	ok	256	ok	0.0093745491520094947	9.5995383316577225	0.87268530287797474	0.0060087122945773229	0.019132770955518102	yes	-60.908535556407237	-0.35691466904274494	0.10466240773424509	0.88351004096059071
product:5x6	1024	exponential_excess	0.80000000000000004	0.61708626676858225	0.90000000000000002	0.66943363963699265	103	0.1005859375	ok	205	ok	0.091255572185791042	93.445705918250027	0.90723986328398087	0.083630257912360048	0.12052716054929473	yes	-334.7231586936847	0	0.066631127955188413	infinite
product:5x6	1024	exponential_excess	0.80000000000000004	0.61708626676858225	0.94999999999999996	0.71457156851790737	52	0.05078125	ok	205	ok	0.046350588906061176	47.463003039806644	0.91275005845782009	0.038933483946073148	0.065986839996130239	yes	-205.84941859889165	0	0.066631127955188413	infinite
product:5x6	1024	exponential_excess	0.80000000000000004	0.61708626676858225	0.98999999999999999	0.7926715918074011	11	0.0107421875	ok	205	ok	0.014355150690476201	14.69967430704763	1.3363340279134208	0.0060087122945773229	0.019132770955518102	yes	-61.327263185866869	0	0.066631127955188413	infinite
product:5x6	1024	gpd_excess	0.80000000000000004	0.61708626676858225	0.90000000000000002	0.66943363963699265	103	0.1005859375	ok	205	ok	0.10304681119919988	105.51993466798068	1.0244653851260259	0.083630257912360048	0.12052716054929473	yes	-334.23513529574075	-0.31100714222588544	0.087243557538244101	0.89760573302212199
product:5x6	1024	gpd_excess	0.80000000000000004	0.61708626676858225	0.94999999999999996	0.71457156851790737	52	0.05078125	ok	205	ok	0.050725571077175208	51.942984783027413	0.9989035535197579	0.038933483946073148	0.065986839996130239	yes	-205.62864658411593	-0.31100714222588544	0.087243557538244101	0.89760573302212199
product:5x6	1024	gpd_excess	0.80000000000000004	0.61708626676858225	0.98999999999999999	0.7926715918074011	11	0.0107421875	ok	205	ok	0.0084790375684776383	8.6825344701211016	0.78932131546555473	0.0060087122945773229	0.019132770955518102	yes	-61.097628193375712	-0.31100714222588544	0.087243557538244101	0.89760573302212199
product:5x6	1024	exponential_excess	0.84999999999999998	0.64074112062329291	0.90000000000000002	0.66943363963699265	103	0.1005859375	ok	154	ok	0.09387691578862363	96.129961767550597	0.93330059968495727	0.083630257912360048	0.12052716054929473	yes	-334.46668595345204	0	0.06088578069067762	infinite
product:5x6	1024	exponential_excess	0.84999999999999998	0.64074112062329291	0.94999999999999996	0.71457156851790737	52	0.05078125	ok	154	ok	0.044729369585197638	45.802874455242382	0.88082450875466123	0.038933483946073148	0.065986839996130239	yes	-206.04979700670054	0	0.06088578069067762	infinite
product:5x6	1024	exponential_excess	0.84999999999999998	0.64074112062329291	0.98999999999999999	0.7926715918074011	11	0.0107421875	ok	154	ok	0.01240252682310213	12.700187466856582	1.1545624969869619	0.0060087122945773229	0.019132770955518102	yes	-60.930726666136742	0	0.06088578069067762	infinite
product:5x6	1024	gpd_excess	0.84999999999999998	0.64074112062329291	0.90000000000000002	0.66943363963699265	103	0.1005859375	ok	154	ok	0.10264028476865086	105.10365160309848	1.0204238019718299	0.083630257912360048	0.12052716054929473	yes	-334.2249500802734	-0.30854595401507001	0.079623624610193774	0.89880194940442415
product:5x6	1024	gpd_excess	0.84999999999999998	0.64074112062329291	0.94999999999999996	0.71457156851790737	52	0.05078125	ok	154	ok	0.050450337201899217	51.661145294744799	0.99348356336047694	0.038933483946073148	0.065986839996130239	yes	-205.62978156595506	-0.30854595401507001	0.079623624610193774	0.89880194940442415
product:5x6	1024	gpd_excess	0.84999999999999998	0.64074112062329291	0.98999999999999999	0.7926715918074011	11	0.0107421875	ok	154	ok	0.0084444721041045858	8.6471394346030959	0.78610358496391786	0.0060087122945773229	0.019132770955518102	yes	-61.107248579812989	-0.30854595401507001	0.079623624610193774	0.89880194940442415
generic:F10	512	exponential_excess	0.75	0.49744946973751858	0.90000000000000002	0.59480215016891524	52	0.1015625	ok	128	ok	0.088662005134959018	45.394946629099017	0.87297974286728874	0.078293756105143525	0.13076555267402867	yes	-168.69909960704859	0	0.093912707467946679	infinite
generic:F10	512	exponential_excess	0.75	0.49744946973751858	0.94999999999999996	0.64034461527997388	26	0.05078125	ok	128	ok	0.054591969569585931	27.951088419627997	1.0750418622933844	0.034887181067572139	0.073365961183455342	yes	-102.88797248978793	0	0.093912707467946679	infinite
generic:F10	512	exponential_excess	0.75	0.49744946973751858	0.98999999999999999	0.74520452176937146	6	0.01171875	ok	128	ok	0.017873496629497596	9.1512302743027689	1.5252050457171282	0.0053815716968398097	0.025328365532537866	yes	-33.272407109515143	0	0.093912707467946679	infinite
generic:F10	512	gpd_excess	0.75	0.49744946973751858	0.90000000000000002	0.59480215016891524	52	0.1015625	ok	128	ok	0.098798834758167656	50.58500339618184	0.97278852684965078	0.078293756105143525	0.13076555267402867	yes	-168.21512996909598	-0.28141495624060908	0.11915755580865045	0.92087243701851496
generic:F10	512	gpd_excess	0.75	0.49744946973751858	0.94999999999999996	0.64034461527997388	26	0.05078125	ok	128	ok	0.057887494377044497	29.638397121046783	1.1399383508094916	0.034887181067572139	0.073365961183455342	yes	-103.06106281692648	-0.28141495624060908	0.11915755580865045	0.92087243701851496
generic:F10	512	gpd_excess	0.75	0.49744946973751858	0.98999999999999999	0.74520452176937146	6	0.01171875	ok	128	ok	0.010970405360122519	5.6168475443827299	0.93614125739712162	0.0053815716968398097	0.025328365532537866	yes	-32.657022468831684	-0.28141495624060908	0.11915755580865045	0.92087243701851496
generic:F10	512	exponential_excess	0.80000000000000004	0.52946461191300909	0.90000000000000002	0.59480215016891524	52	0.1015625	ok	103	ok	0.090120831831932008	46.141865897949188	0.88734357496056127	0.078293756105143525	0.13076555267402867	yes	-168.58740096533461	0	0.081365956678634388	infinite
generic:F10	512	exponential_excess	0.80000000000000004	0.52946461191300909	0.94999999999999996	0.64034461527997388	26	0.05078125	ok	103	ok	0.051492054450066972	26.36393187843429	1.0139973799397803	0.034887181067572139	0.073365961183455342	yes	-102.81696667099186	0	0.081365956678634388	infinite
generic:F10	512	exponential_excess	0.80000000000000004	0.52946461191300909	0.98999999999999999	0.74520452176937146	6	0.01171875	ok	103	ok	0.014192069062171096	7.2663393598316013	1.2110565599719336	0.0053815716968398097	0.025328365532537866	yes	-32.763064142218106	0	0.081365956678634388	infinite
generic:F10	512	gpd_excess	0.80000000000000004	0.52946461191300909	0.90000000000000002	0.59480215016891524	52	0.1015625	ok	103	ok	0.098943228038140665	50.658932755528021	0.97421024529861577	0.078293756105143525	0.13076555267402867	yes	-168.21289663940968	-0.23427647829183085	0.099940323297678213	0.95605597962678224
generic:F10	512	gpd_excess	0.80000000000000004	0.52946461191300909	0.94999999999999996	0.64034461527997388	26	0.05078125	ok	103	ok	0.0556655058146453	28.500738977098393	1.0961822683499383	0.034887181067572139	0.073365961183455342	yes	-102.93383136575846	-0.23427647829183085	0.099940323297678213	0.95605597962678224
generic:F10	512	gpd_excess	0.80000000000000004	0.52946461191300909	0.98999999999999999	0.74520452176937146	6	0.01171875	ok	103	ok	0.0099372650580394038	5.0878797097161748	0.84797995161936246	0.0053815716968398097	0.025328365532537866	yes	-32.722187079317123	-0.23427647829183085	0.099940323297678213	0.95605597962678224
generic:F10	512	exponential_excess	0.84999999999999998	0.56445422073462193	0.90000000000000002	0.59480215016891524	52	0.1015625	ok	77	ok	0.09583868946159646	49.069409004337388	0.94364248085264202	0.078293756105143525	0.13076555267402867	yes	-168.2884656627931	0	0.067354584892407685	infinite
generic:F10	512	exponential_excess	0.84999999999999998	0.56445422073462193	0.94999999999999996	0.64034461527997388	26	0.05078125	ok	77	ok	0.048740320481402914	24.955044086478292	0.95980938794147275	0.034887181067572139	0.073365961183455342	yes	-102.83700746256419	0	0.067354584892407685	infinite
generic:F10	512	exponential_excess	0.84999999999999998	0.56445422073462193	0.98999999999999999	0.74520452176937146	6	0.01171875	ok	77	ok	0.01027457752967087	5.2605836951914853	0.87676394919858092	0.0053815716968398097	0.025328365532537866	yes	-32.694324848091071	0	0.067354584892407685	infinite
generic:F10	512	gpd_excess	0.84999999999999998	0.56445422073462193	0.90000000000000002	0.59480215016891524	52	0.1015625	ok	77	ok	0.099943500051978135	51.171072026612805	0.98405907743486165	0.078293756105143525	0.13076555267402867	yes	-168.20077346941474	-0.13129296858156975	0.076277359625477104	1.1454248580013653
generic:F10	512	gpd_excess	0.84999999999999998	0.56445422073462193	0.94999999999999996	0.64034461527997388	26	0.05078125	ok	77	ok	0.051782316521402222	26.512546058957938	1.0197133099599207	0.034887181067572139	0.073365961183455342	yes	-102.81956383903422	-0.13129296858156975	0.076277359625477104	1.1454248580013653
generic:F10	512	gpd_excess	0.84999999999999998	0.56445422073462193	0.98999999999999999	0.74520452176937146	6	0.01171875	ok	77	ok	0.0087991994732503805	4.5051901303041948	0.7508650217173658	0.0053815716968398097	0.025328365532537866	yes	-32.870666546511103	-0.13129296858156975	0.076277359625477104	1.1454248580013653
product:6x6	1024	exponential_excess	0.75	0.6294873251767823	0.90000000000000002	0.70825810549620261	103	0.1005859375	ok	256	ok	0.083891140960558941	85.904528343612355	0.83402454702536266	0.083630257912360048	0.12052716054929473	yes	-335.95632527164344	0	0.072138318373232729	infinite
product:6x6	1024	exponential_excess	0.75	0.6294873251767823	0.94999999999999996	0.7498293014095222	52	0.05078125	ok	256	ok	0.047146009123135928	48.27751334209119	0.92841371811713824	0.038933483946073148	0.065986839996130239	yes	-205.77568395340214	0	0.072138318373232729	infinite
product:6x6	1024	exponential_excess	0.75	0.6294873251767823	0.98999999999999999	0.79536548536085683	11	0.0107421875	ok	256	ok	0.025078603216213618	25.680489693402745	2.3345899721275223	0.0060087122945773229	0.019132770955518102	no	-66.271752343292832	0	0.072138318373232729	infinite
product:6x6	1024	gpd_excess	0.75	0.6294873251767823	0.90000000000000002	0.70825810549620261	103	0.1005859375	ok	256	ok	0.09789608169818706	100.24558765894355	0.97325813261110239	0.083630257912360048	0.12052716054929473	yes	-334.24295944551358	-0.43959520935631424	0.10251685247189826	0.86269471754579952
product:6x6	1024	gpd_excess	0.75	0.6294873251767823	0.94999999999999996	0.7498293014095222	52	0.05078125	ok	256	ok	0.047968813821927803	49.12006535365407	0.94461664141642443	0.038933483946073148	0.065986839996130239	yes	-205.71569447120822	-0.43959520935631424	0.10251685247189826	0.86269471754579952
product:6x6	1024	gpd_excess	0.75	0.6294873251767823	0.98999999999999999	0.79536548536085683	11	0.0107421875	ok	256	ok	0.01481107778663048	15.166543653509612	1.378776695773601	0.0060087122945773229	0.019132770955518102	yes	-61.452019810882852	-0.43959520935631424	0.10251685247189826	0.86269471754579952
product:6x6	1024	exponential_excess	0.80000000000000004	0.65254324355368143	0.90000000000000002	0.70825810549620261	103	0.1005859375	ok	205	ok	0.084057245891174734	86.074619792562928	0.8356759203161449	0.083630257912360048	0.12052716054929473	yes	-335.9195932406285	0	0.064202763429606	infinite
product:6x6	1024	exponential_excess	0.80000000000000004	0.65254324355368143	0.94999999999999996	0.7498293014095222	52	0.05078125	ok	205	ok	0.043991635796490625	45.0474350556064	0.8662968279924308	0.038933483946073148	0.065986839996130239	yes	-206.16423498246681	0	0.064202763429606	infinite
product:6x6	1024	exponential_excess	0.80000000000000004	0.65254324355368143	0.98999999999999999	0.79536548536085683	11	0.0107421875	ok	205	ok	0.021644333653742399	22.163797661432216	2.014890696493838	0.0060087122945773229	0.019132770955518102	no	-64.329601563605763	0	0.064202763429606	infinite
product:6x6	1024	gpd_excess	0.80000000000000004	0.65254324355368143	0.90000000000000002	0.70825810549620261	103	0.1005859375	ok	205	ok	0.097952504814032657	100.30336492956944	0.97381907698611103	0.083630257912360048	0.12052716054929473	yes	-334.24121854480904	-0.42827615585899903	0.090481976140579679	0.86381341328586925
product:6x6	1024	gpd_excess	0.80000000000000004	0.65254324355368143	0.94999999999999996	0.7498293014095222	52	0.05078125	ok	205	ok	0.047391861906692555	48.529266592453176	0.93325512677794564	0.038933483946073148	0.065986839996130239	yes	-205.75604873265951	-0.42827615585899903	0.090481976140579679	0.86381341328586925
product:6x6	1024	gpd_excess	0.80000000000000004	0.65254324355368143	0.98999999999999999	0.79536548536085683	11	0.0107421875	ok	205	ok	0.014406266223134285	14.752016612489507	1.341092419317228	0.0060087122945773229	0.019132770955518102	yes	-61.340699709513309	-0.42827615585899903	0.090481976140579679	0.86381341328586925
product:6x6	1024	exponential_excess	0.84999999999999998	0.67971296843007145	0.90000000000000002	0.70825810549620261	103	0.1005859375	ok	154	ok	0.088273775437283875	90.392346047778688	0.87759559269688048	0.083630257912360048	0.12052716054929473	yes	-335.12785732722244	0	0.053576410976227416	infinite
product:6x6	1024	exponential_excess	0.84999999999999998	0.67971296843007145	0.94999999999999996	0.7498293014095222	52	0.05078125	ok	154	ok	0.040630522798256269	41.605655345414419	0.80010875664258496	0.038933483946073148	0.065986839996130239	yes	-206.88584924099672	0	0.053576410976227416	infinite
product:6x6	1024	exponential_excess	0.84999999999999998	0.67971296843007145	0.98999999999999999	0.79536548536085683	11	0.0107421875	ok	154	ok	0.01736731267787444	17.784128182143426	1.6167389256494025	0.0060087122945773229	0.019132770955518102	yes	-62.332471898771814	0	0.053576410976227416	infinite
product:6x6	1024	gpd_excess	0.84999999999999998	0.67971296843007145	0.90000000000000002	0.70825810549620261	103	0.1005859375	ok	154	ok	0.099074533517723287	101.45232232214865	0.98497400312765671	0.083630257912360048	0.12052716054929473	yes	-334.21439419059385	-0.39433236178465159	0.074176368906302664	0.86781918565910787
product:6x6	1024	gpd_excess	0.84999999999999998	0.67971296843007145	0.94999999999999996	0.7498293014095222	52	0.05078125	ok	154	ok	0.046083613722701221	47.18962045204605	0.90749270100088553	0.038933483946073148	0.065986839996130239	yes	-205.8777254256687	-0.39433236178465159	0.074176368906302664	0.86781918565910787
product:6x6	1024	gpd_excess	0.84999999999999998	0.67971296843007145	0.98999999999999999	0.79536548536085683	11	0.0107421875	ok	154	ok	0.013380619321549242	13.701754185266424	1.2456140168424021	0.0060087122945773229	0.019132770955518102	yes	-61.099496093390187	-0.39433236178465159	0.074176368906302664	0.86781918565910787
product:5x5	1024	exponential_excess	0.75	0.55467520773301493	0.90000000000000002	0.64874497300963563	103	0.1005859375	ok	256	ok	0.088190270018432645	90.306836498875029	0.87676540290169935	0.083630257912360048	0.12052716054929473	yes	-335.14098866232411	0	0.090281180694956525	infinite
product:5x5	1024	exponential_excess	0.75	0.55467520773301493	0.94999999999999996	0.70765068818265142	52	0.05078125	ok	256	ok	0.045925804929943657	47.028024248262305	0.90438508169735199	0.038933483946073148	0.065986839996130239	yes	-205.89531277632221	0	0.090281180694956525	infinite
product:5x5	1024	exponential_excess	0.75	0.55467520773301493	0.98999999999999999	0.77953198148677294	11	0.0107421875	ok	256	ok	0.020714493264971764	21.211641103331086	1.9283310093937351	0.0060087122945773229	0.019132770955518102	no	-63.850302931480172	0	0.090281180694956525	infinite
product:5x5	1024	gpd_excess	0.75	0.55467520773301493	0.90000000000000002	0.64874497300963563	103	0.1005859375	ok	256	ok	0.10395002470729048	106.44482530026545	1.0334449058278199	0.083630257912360048	0.12052716054929473	yes	-334.26416111292258	-0.41371643910431344	0.12782980900466495	0.86365449142165329
product:5x5	1024	gpd_excess	0.75	0.55467520773301493	0.94999999999999996	0.70765068818265142	52	0.05078125	ok	256	ok	0.047924159575931886	49.074339405754252	0.94373729626450487	0.038933483946073148	0.065986839996130239	yes	-205.718534102174	-0.41371643910431344	0.12782980900466495	0.86365449142165329
product:5x5	1024	gpd_excess	0.75	0.55467520773301493	0.98999999999999999	0.77953198148677294	11	0.0107421875	ok	256	ok	0.010770327077309698	11.028814927165131	1.0026195388331938	0.0060087122945773229	0.019132770955518102	yes	-60.810085214102095	-0.41371643910431344	0.12782980900466495	0.86365449142165329
product:5x5	1024	exponential_excess	0.80000000000000004	0.5811818852044216	0.90000000000000002	0.64874497300963563	103	0.1005859375	ok	205	ok	0.088774547312978652	90.90513644849014	0.8825741402766033	0.083630257912360048	0.12052716054929473	yes	-335.0512001366107	0	0.083083657273680195	infinite
product:5x5	1024	exponential_excess	0.80000000000000004	0.5811818852044216	0.94999999999999996	0.70765068818265142	52	0.05078125	ok	205	ok	0.043689472759138009	44.738020105357322	0.86034654048764081	0.038933483946073148	0.065986839996130239	yes	-206.21546800155048	0	0.083083657273680195	infinite
product:5x5	1024	exponential_excess	0.80000000000000004	0.5811818852044216	0.98999999999999999	0.77953198148677294	11	0.0107421875	ok	205	ok	0.018392436413947277	18.833854887882012	1.712168626171092	0.0060087122945773229	0.019132770955518102	yes	-62.758981490315932	0	0.083083657273680195	infinite
product:5x5	1024	gpd_excess	0.80000000000000004	0.5811818852044216	0.90000000000000002	0.64874497300963563	103	0.1005859375	ok	205	ok	0.10399363784943698	106.48948515782347	1.0338784966778978	0.083630257912360048	0.12052716054929473	yes	-334.26578424230479	-0.41924232029534991	0.11796545465648145	0.86255962057564206
product:5x5	1024	gpd_excess	0.80000000000000004	0.5811818852044216	0.94999999999999996	0.70765068818265142	52	0.05078125	ok	205	ok	0.048212989335895566	49.37010107995706	0.94942502076840496	0.038933483946073148	0.065986839996130239	yes	-205.70099949383967	-0.41924232029534991	0.11796545465648145	0.86255962057564206
product:5x5	1024	gpd_excess	0.80000000000000004	0.5811818852044216	0.98999999999999999	0.77953198148677294	11	0.0107421875	ok	205	ok	0.010892025334278584	11.15343394230127	1.0139485402092063	0.0060087122945773229	0.019132770955518102	yes	-60.811118992157844	-0.41924232029534991	0.11796545465648145	0.86255962057564206
product:5x5	1024	exponential_excess	0.84999999999999998	0.61560455879610398	0.90000000000000002	0.64874497300963563	103	0.1005859375	ok	154	ok	0.094160692435871413	96.420549054332326	0.93612183547895467	0.083630257912360048	0.12052716054929473	yes	-334.44428208209246	0	0.070777574153556691	infinite
product:5x5	1024	exponential_excess	0.84999999999999998	0.61560455879610398	0.94999999999999996	0.70765068818265142	52	0.05078125	ok	154	ok	0.040965799932531161	41.948979130911908	0.80671113713292131	0.038933483946073148	0.065986839996130239	yes	-206.79826416041854	0	0.070777574153556691	infinite
product:5x5	1024	exponential_excess	0.84999999999999998	0.61560455879610398	0.98999999999999999	0.77953198148677294	11	0.0107421875	ok	154	ok	0.014837286604137126	15.193381482636417	1.3812164984214925	0.0060087122945773229	0.019132770955518102	yes	-61.459521085054156	0	0.070777574153556691	infinite
product:5x5	1024	gpd_excess	0.84999999999999998	0.61560455879610398	0.90000000000000002	0.64874497300963563	103	0.1005859375	ok	154	ok	0.10516424349832867	107.68818534228856	1.0455163625464909	0.083630257912360048	0.12052716054929473	yes	-334.31688623622563	-0.39464429532609058	0.099338477960308369	0.86732105169061291
product:5x5	1024	gpd_excess	0.84999999999999998	0.61560455879610398	0.94999999999999996	0.70765068818265142	52	0.05078125	ok	154	ok	0.047456460898162703	48.595415959718608	0.93452722999458859	0.038933483946073148	0.065986839996130239	yes	-205.75113297753143	-0.39464429532609058	0.099338477960308369	0.86732105169061291
product:5x5	1024	gpd_excess	0.84999999999999998	0.61560455879610398	0.98999999999999999	0.77953198148677294	11	0.0107421875	ok	154	ok	0.010423699671363799	10.673868463476531	0.97035167849786641	0.0060087122945773229	0.019132770955518102	yes	-60.815031978197908	-0.39464429532609058	0.099338477960308369	0.86732105169061291
product:4x5	1024	exponential_excess	0.75	0.50941811825874694	0.90000000000000002	0.62441750588225087	103	0.1005859375	ok	256	ok	0.081508038305790287	83.464231225129254	0.81033234199154613	0.083630257912360048	0.12052716054929473	no	-336.53190228532077	0	0.10260846409931765	infinite
product:4x5	1024	exponential_excess	0.75	0.50941811825874694	0.94999999999999996	0.67911590963771173	52	0.05078125	ok	256	ok	0.047828551754117501	48.976436996216322	0.94185455761954462	0.038933483946073148	0.065986839996130239	yes	-205.72477305471361	0	0.10260846409931765	infinite
product:4x5	1024	exponential_excess	0.75	0.50941811825874694	0.98999999999999999	0.73985937525205947	11	0.0107421875	ok	256	ok	0.026459891022596389	27.094928407138703	2.4631753097398819	0.0060087122945773229	0.019132770955518102	no	-67.118243152536394	0	0.10260846409931765	infinite
product:4x5	1024	gpd_excess	0.75	0.50941811825874694	0.90000000000000002	0.62441750588225087	103	0.1005859375	ok	256	ok	0.094235408060784356	96.497057854243181	0.93686463936158426	0.083630257912360048	0.12052716054929473	yes	-334.43855420370528	-0.42122897158985967	0.14374261177600825	0.85066390492312416
product:4x5	1024	gpd_excess	0.75	0.50941811825874694	0.94999999999999996	0.67911590963771173	52	0.05078125	ok	256	ok	0.048850392001853898	50.022801409898392	0.96197695019035367	0.038933483946073148	0.065986839996130239	yes	-205.66919230620161	-0.42122897158985967	0.14374261177600825	0.85066390492312416
product:4x5	1024	gpd_excess	0.75	0.50941811825874694	0.98999999999999999	0.73985937525205947	11	0.0107421875	ok	256	ok	0.01730672827420051	17.722089752781322	1.6110990684346655	0.0060087122945773229	0.019132770955518102	yes	-62.308456774907967	-0.42122897158985967	0.14374261177600825	0.85066390492312416
product:4x5	1024	exponential_excess	0.80000000000000004	0.5418382639975764	0.90000000000000002	0.62441750588225087	103	0.1005859375	ok	205	ok	0.081773434112671142	83.73599653137525	0.8129708401104393	0.083630257912360048	0.12052716054929473	no	-336.46323093819751	0	0.092232165511607817	infinite
product:4x5	1024	exponential_excess	0.80000000000000004	0.5418382639975764	0.94999999999999996	0.67911590963771173	52	0.05078125	ok	205	ok	0.045191144303086794	46.275731766360877	0.88991791858386304	0.038933483946073148	0.065986839996130239	yes	-205.98568952672622	0	0.092232165511607817	infinite
product:4x5	1024	exponential_excess	0.80000000000000004	0.5418382639975764	0.98999999999999999	0.73985937525205947	11	0.0107421875	ok	205	ok	0.023389988031091824	23.951347743838028	2.1773952494398205	0.0060087122945773229	0.019132770955518102	no	-65.28547723778027	0	0.092232165511607817	infinite
product:4x5	1024	gpd_excess	0.80000000000000004	0.5418382639975764	0.90000000000000002	0.62441750588225087	103	0.1005859375	ok	205	ok	0.094587716885536216	96.857822090789085	0.94036720476494262	0.083630257912360048	0.12052716054929473	yes	-334.41250060086145	-0.41346298336611453	0.12809240576850189	0.85164206971112977
product:4x5	1024	gpd_excess	0.80000000000000004	0.5418382639975764	0.94999999999999996	0.67911590963771173	52	0.05078125	ok	205	ok	0.048592568803903259	49.758790455196937	0.9568998164460949	0.038933483946073148	0.065986839996130239	yes	-205.68092603734868	-0.41346298336611453	0.12809240576850189	0.85164206971112977
product:4x5	1024	gpd_excess	0.80000000000000004	0.5418382639975764	0.98999999999999999	0.73985937525205947	11	0.0107421875	ok	205	ok	0.017010297985816734	17.418545137476336	1.5835041034069397	0.0060087122945773229	0.019132770955518102	yes	-62.192971122612022	-0.41346298336611453	0.12809240576850189	0.85164206971112977
product:4x5	1024	exponential_excess	0.84999999999999998	0.58084349348833364	0.90000000000000002	0.62441750588225087	103	0.1005859375	ok	154	ok	0.085748682388137723	87.806650765453028	0.85249175500439833	0.083630257912360048	0.12052716054929473	yes	-335.56990763480525	0	0.077559311897138314	infinite
product:4x5	1024	exponential_excess	0.84999999999999998	0.58084349348833364	0.94999999999999996	0.67911590963771173	52	0.05078125	ok	154	ok	0.042358732601146226	43.375342183573736	0.83414119583795643	0.038933483946073148	0.065986839996130239	yes	-206.47232946406729	0	0.077559311897138314	infinite
product:4x5	1024	exponential_excess	0.84999999999999998	0.58084349348833364	0.98999999999999999	0.73985937525205947	11	0.0107421875	ok	154	ok	0.019355707404655739	19.820244382367477	1.8018403983970435	0.0060087122945773229	0.019132770955518102	no	-63.192020592042759	0	0.077559311897138314	infinite
product:4x5	1024	gpd_excess	0.84999999999999998	0.58084349348833364	0.90000000000000002	0.62441750588225087	103	0.1005859375	ok	154	ok	0.096045113775106161	98.350196505708709	0.9548562767544535	0.083630257912360048	0.12052716054929473	yes	-334.3212723842887	-0.38454692274473107	0.10579153316458281	0.85595044899193828
product:4x5	1024	gpd_excess	0.84999999999999998	0.58084349348833364	0.94999999999999996	0.67911590963771173	52	0.05078125	ok	154	ok	0.04765432088454933	48.798024585778514	0.93842354972650988	0.038933483946073148	0.065986839996130239	yes	-205.73670274882184	-0.38454692274473107	0.10579153316458281	0.85595044899193828
product:4x5	1024	gpd_excess	0.84999999999999998	0.58084349348833364	0.98999999999999999	0.73985937525205947	11	0.0107421875	ok	154	ok	0.015952185420614377	16.335037870709122	1.4850034427917385	0.0060087122945773229	0.019132770955518102	yes	-61.809595205853981	-0.38454692274473107	0.10579153316458281	0.85595044899193828
product:4x6	1024	exponential_excess	0.75	0.52617047312896326	0.90000000000000002	0.62602533863616217	103	0.1005859375	ok	256	ok	0.085385658473134049	87.434914276489266	0.84888266287853653	0.083630257912360048	0.12052716054929473	yes	-335.64126099902609	0	0.092950262989061172	infinite
product:4x6	1024	exponential_excess	0.75	0.52617047312896326	0.94999999999999996	0.68061704465128059	52	0.05078125	ok	256	ok	0.047458538589256999	48.597543515399167	0.93456814452690706	0.038933483946073148	0.065986839996130239	yes	-205.75097654751036	0	0.092950262989061172	infinite
product:4x6	1024	exponential_excess	0.75	0.52617047312896326	0.98999999999999999	0.75369849758019591	11	0.0107421875	ok	256	ok	0.021619893708952832	22.1387711579677	2.0126155598152455	0.0060087122945773229	0.019132770955518102	no	-64.316724290016651	0	0.092950262989061172	infinite
product:4x6	1024	gpd_excess	0.75	0.52617047312896326	0.90000000000000002	0.62602533863616217	103	0.1005859375	ok	256	ok	0.09998121225157007	102.38076134560775	0.99398797422920149	0.083630257912360048	0.12052716054929473	yes	-334.2034267696456	-0.41182349236053295	0.1308065593744023	0.84379819908658549
product:4x6	1024	gpd_excess	0.75	0.52617047312896326	0.94999999999999996	0.68061704465128059	52	0.05078125	ok	256	ok	0.049611216094671687	50.801885280943807	0.97695933232584242	0.038933483946073148	0.065986839996130239	yes	-205.64336987034352	-0.41182349236053295	0.1308065593744023	0.84379819908658549
product:4x6	1024	gpd_excess	0.75	0.52617047312896326	0.98999999999999999	0.75369849758019591	11	0.0107421875	ok	256	ok	0.011728093871147639	12.009568124055182	1.091778920368653	0.0060087122945773229	0.019132770955518102	yes	-60.854226229166308	-0.41182349236053295	0.1308065593744023	0.84379819908658549
product:4x6	1024	exponential_excess	0.80000000000000004	0.55523536026140985	0.90000000000000002	0.62602533863616217	103	0.1005859375	ok	205	ok	0.085630902321314664	87.686043977026216	0.85132081531093418	0.083630257912360048	0.12052716054929473	yes	-335.59283865667641	0	0.083356149068963423	infinite
product:4x6	1024	exponential_excess	0.80000000000000004	0.55523536026140985	0.94999999999999996	0.68061704465128059	52	0.05078125	ok	205	ok	0.044483799394760985	45.551410580235249	0.87598866500452399	0.038933483946073148	0.065986839996130239	yes	-206.08623180983918	0	0.083356149068963423	infinite
product:4x6	1024	exponential_excess	0.80000000000000004	0.55523536026140985	0.98999999999999999	0.75369849758019591	11	0.0107421875	ok	205	ok	0.018511416874650407	18.955690879642017	1.7232446254220015	0.0060087122945773229	0.019132770955518102	yes	-62.810844765117878	0	0.083356149068963423	infinite
product:4x6	1024	gpd_excess	0.80000000000000004	0.55523536026140985	0.90000000000000002	0.62602533863616217	103	0.1005859375	ok	205	ok	0.099950535964354006	102.3493488274985	0.99368299832522822	0.083630257912360048	0.12052716054929473	yes	-334.20364325503488	-0.40255417773882624	0.11682365802476563	0.84544141073881873
product:4x6	1024	gpd_excess	0.80000000000000004	0.55523536026140985	0.94999999999999996	0.68061704465128059	52	0.05078125	ok	205	ok	0.049106436332710342	50.28499080469539	0.96701905393644982	0.038933483946073148	0.065986839996130239	yes	-205.65904378799445	-0.40255417773882624	0.11682365802476563	0.84544141073881873
product:4x6	1024	gpd_excess	0.80000000000000004	0.55523536026140985	0.98999999999999999	0.75369849758019591	11	0.0107421875	ok	205	ok	0.011456510288678374	11.731466535606655	1.0664969577824233	0.0060087122945773229	0.019132770955518102	yes	-60.83360441003601	-0.40255417773882624	0.11682365802476563	0.84544141073881873
product:4x6	1024	exponential_excess	0.84999999999999998	0.58461393471722922	0.90000000000000002	0.62602533863616217	103	0.1005859375	ok	154	ok	0.087848628707265411	89.956995796239781	0.87336889122562888	0.083630257912360048	0.12052716054929473	yes	-335.19575629720657	0	0.077027150862051766	infinite
product:4x6	1024	exponential_excess	0.84999999999999998	0.58461393471722922	0.94999999999999996	0.68061704465128059	52	0.05078125	ok	154	ok	0.043245012788579798	44.282893095505713	0.85159409799049446	0.038933483946073148	0.065986839996130239	yes	-206.29553455611526	0	0.077027150862051766	infinite
product:4x6	1024	exponential_excess	0.84999999999999998	0.58461393471722922	0.98999999999999999	0.75369849758019591	11	0.0107421875	ok	154	ok	0.016745116834341583	17.146999638365781	1.5588181489423436	0.0060087122945773229	0.019132770955518102	yes	-62.092565598214208	0	0.077027150862051766	infinite
product:4x6	1024	gpd_excess	0.84999999999999998	0.58461393471722922	0.90000000000000002	0.62602533863616217	103	0.1005859375	ok	154	ok	0.099206938486913851	101.58790501059978	0.98629033990873571	0.083630257912360048	0.12052716054929473	yes	-334.21220023640171	-0.42039618554364111	0.10849811864611164	0.84269933695703736
product:4x6	1024	gpd_excess	0.84999999999999998	0.58461393471722922	0.94999999999999996	0.68061704465128059	52	0.05078125	ok	154	ok	0.049734223489164786	50.927844852904741	0.97938163178662963	0.038933483946073148	0.065986839996130239	yes	-205.64041187689355	-0.42039618554364111	0.10849811864611164	0.84269933695703736
product:4x6	1024	gpd_excess	0.84999999999999998	0.58461393471722922	0.98999999999999999	0.75369849758019591	11	0.0107421875	ok	154	ok	0.011950301627864417	12.237108866933163	1.1124644424484693	0.0060087122945773229	0.019132770955518102	yes	-60.875556510900815	-0.42039618554364111	0.10849811864611164	0.84269933695703736
generic:F12	512	exponential_excess	0.75	0.55169154670928	0.90000000000000002	0.63270397357619157	52	0.1015625	ok	128	ok	0.089672842791713336	45.912495509357228	0.88293260594917744	0.078293756105143525	0.13076555267402867	yes	-168.62010631442939	0	0.079013931404562629	infinite
generic:F12	512	exponential_excess	0.75	0.55169154670928	0.94999999999999996	0.67848253965027605	26	0.05078125	ok	128	ok	0.050239150744428723	25.722445181147506	0.98932481465951949	0.034887181067572139	0.073365961183455342	yes	-102.81587814475998	0	0.079013931404562629	infinite
generic:F12	512	exponential_excess	0.75	0.55169154670928	0.98999999999999999	0.74956011359201646	6	0.01171875	ok	128	ok	0.02043475497258869	10.462594545965409	1.7437657576609016	0.0053815716968398097	0.025328365532537866	yes	-33.790204151499807	0	0.079013931404562629	infinite
generic:F12	512	gpd_excess	0.75	0.55169154670928	0.90000000000000002	0.63270397357619157	52	0.1015625	ok	128	ok	0.10241532495544885	52.43664637718981	1.0083970457151887	0.078293756105143525	0.13076555267402867	yes	-168.19537993347825	-0.33024838858550953	0.10481114956537324	0.86906220827190261
generic:F12	512	gpd_excess	0.75	0.55169154670928	0.94999999999999996	0.67848253965027605	26	0.05078125	ok	128	ok	0.053365719512565288	27.323248390433427	1.0508941688628242	0.034887181067572139	0.073365961183455342	yes	-102.84868373894294	-0.33024838858550953	0.10481114956537324	0.86906220827190261
generic:F12	512	gpd_excess	0.75	0.55169154670928	0.98999999999999999	0.74956011359201646	6	0.01171875	ok	128	ok	0.01298610035582522	6.6488833821825128	1.1081472303637521	0.0053815716968398097	0.025328365532537866	yes	-32.677259587259677	-0.33024838858550953	0.10481114956537324	0.86906220827190261
generic:F12	512	exponential_excess	0.80000000000000004	0.57735162733772749	0.90000000000000002	0.63270397357619157	52	0.1015625	ok	103	ok	0.09026629008663449	46.216340524356859	0.88877577931455498	0.078293756105143525	0.13076555267402867	yes	-168.57708275231454	0	0.069069943590587116	infinite
generic:F12	512	exponential_excess	0.80000000000000004	0.57735162733772749	0.94999999999999996	0.67848253965027605	26	0.05078125	ok	103	ok	0.046524471851667762	23.820529588053894	0.91617421492514972	0.034887181067572139	0.073365961183455342	yes	-102.91597604499724	0	0.069069943590587116	infinite
generic:F12	512	exponential_excess	0.80000000000000004	0.57735162733772749	0.98999999999999999	0.74956011359201646	6	0.01171875	ok	103	ok	0.01662507042483663	8.5120360575163545	1.4186726762527258	0.0053815716968398097	0.025328365532537866	yes	-33.064058619990021	0	0.069069943590587116	infinite
generic:F12	512	gpd_excess	0.80000000000000004	0.57735162733772749	0.90000000000000002	0.63270397357619157	52	0.1015625	ok	103	ok	0.10136698041034443	51.89989397009635	0.99807488404031441	0.078293756105143525	0.13076555267402867	yes	-168.19345686449986	-0.28211727523645436	0.08881714587365179	0.89217511979918851
generic:F12	512	gpd_excess	0.80000000000000004	0.57735162733772749	0.94999999999999996	0.67848253965027605	26	0.05078125	ok	103	ok	0.050943165369551208	26.082900669210218	1.003188487277316	0.034887181067572139	0.073365961183455342	yes	-102.81444577092788	-0.28211727523645436	0.08881714587365179	0.89217511979918851
generic:F12	512	gpd_excess	0.80000000000000004	0.57735162733772749	0.98999999999999999	0.74956011359201646	6	0.01171875	ok	103	ok	0.01214965373819818	6.2206227139574679	1.0367704523262447	0.0053815716968398097	0.025328365532537866	yes	-32.648104086783889	-0.28211727523645436	0.08881714587365179	0.89217511979918851
generic:F12	512	exponential_excess	0.84999999999999998	0.60102027112843648	0.90000000000000002	0.63270397357619157	52	0.1015625	ok	77	ok	0.091944912706407894	47.075795305680842	0.90530375587847778	0.078293756105143525	0.13076555267402867	yes	-168.46852148440584	0	0.064391689552112705	infinite
generic:F12	512	exponential_excess	0.84999999999999998	0.60102027112843648	0.94999999999999996	0.67848253965027605	26	0.05078125	ok	77	ok	0.045161754122414043	23.12281811067599	0.88933915810292263	0.034887181067572139	0.073365961183455342	yes	-102.99479999094248	0	0.064391689552112705	infinite
generic:F12	512	exponential_excess	0.84999999999999998	0.60102027112843648	0.98999999999999999	0.74956011359201646	6	0.01171875	ok	77	ok	0.014975553448499867	7.6674833656319317	1.2779138942719885	0.0053815716968398097	0.025328365532537866	yes	-32.84295962271392	0	0.064391689552112705	infinite
generic:F12	512	gpd_excess	0.84999999999999998	0.60102027112843648	0.90000000000000002	0.63270397357619157	52	0.1015625	ok	77	ok	0.10059666145970199	51.505490667367418	0.99049020514168107	0.078293756105143525	0.13076555267402867	yes	-168.19598146066318	-0.29098345124553771	0.083491839899404258	0.88795012759285841
generic:F12	512	gpd_excess	0.84999999999999998	0.60102027112843648	0.94999999999999996	0.67848253965027605	26	0.05078125	ok	77	ok	0.05100066173002854	26.112338805774613	1.0043207232990237	0.034887181067572139	0.073365961183455342	yes	-102.81456179721121	-0.29098345124553771	0.083491839899404258	0.88795012759285841
generic:F12	512	gpd_excess	0.84999999999999998	0.60102027112843648	0.98999999999999999	0.74956011359201646	6	0.01171875	ok	77	ok	0.012272765113409455	6.283655738065641	1.0472759563442735	0.0053815716968398097	0.025328365532537866	yes	-32.650677025016584	-0.29098345124553771	0.083491839899404258	0.88795012759285841
product:4x4	1024	exponential_excess	0.75	0.46032848492377432	0.90000000000000002	0.57117934794252334	103	0.1005859375	ok	256	ok	0.085663449834714342	87.719372630747486	0.85164439447327656	0.083630257912360048	0.12052716054929473	yes	-335.58648087609083	0	0.10349885566057727	infinite
product:4x4	1024	exponential_excess	0.75	0.46032848492377432	0.94999999999999996	0.62968664795605112	52	0.05078125	ok	256	ok	0.048673370423846007	49.841531314018312	0.95849098680804445	0.038933483946073148	0.065986839996130239	yes	-205.6770842409704	0	0.10349885566057727	infinite
product:4x4	1024	exponential_excess	0.75	0.46032848492377432	0.98999999999999999	0.7101813936783582	11	0.0107421875	ok	256	ok	0.022362746265551667	22.899452175924907	2.081768379629537	0.0060087122945773229	0.019132770955518102	no	-64.714546538925589	0	0.10349885566057727	infinite
product:4x4	1024	gpd_excess	0.75	0.46032848492377432	0.90000000000000002	0.57117934794252334	103	0.1005859375	ok	256	ok	0.098546264272072331	100.91137461460207	0.97972208363691327	0.083630257912360048	0.12052716054929473	yes	-334.22518163986501	-0.36311258595855994	0.14033216696107537	0.84679861123630795
product:4x4	1024	gpd_excess	0.75	0.46032848492377432	0.94999999999999996	0.62968664795605112	52	0.05078125	ok	256	ok	0.051080850390619721	52.306790799994594	1.005899823076819	0.038933483946073148	0.065986839996130239	yes	-205.62956352000796	-0.36311258595855994	0.14033216696107537	0.84679861123630795
product:4x4	1024	gpd_excess	0.75	0.46032848492377432	0.98999999999999999	0.7101813936783582	11	0.0107421875	ok	256	ok	0.014263289987085528	14.605608946775581	1.3277826315250527	0.0060087122945773229	0.019132770955518102	yes	-61.30347421035836	-0.36311258595855994	0.14033216696107537	0.84679861123630795
product:4x4	1024	exponential_excess	0.80000000000000004	0.48904670981986331	0.90000000000000002	0.57117934794252334	103	0.1005859375	ok	205	ok	0.085373367902389252	87.422328732046594	0.84876047312666592	0.083630257912360048	0.12052716054929473	yes	-335.64371178009799	0	0.09637048581908865	infinite
product:4x4	1024	exponential_excess	0.80000000000000004	0.48904670981986331	0.94999999999999996	0.62968664795605112	52	0.05078125	ok	205	ok	0.046522037596534005	47.638566498850821	0.91612627882405429	0.038933483946073148	0.065986839996130239	yes	-205.83219136152763	0	0.09637048581908865	infinite
product:4x4	1024	exponential_excess	0.80000000000000004	0.48904670981986331	0.98999999999999999	0.7101813936783582	11	0.0107421875	ok	205	ok	0.020179407708423764	20.663713493425934	1.8785194084932668	0.0060087122945773229	0.019132770955518102	no	-63.584827242145636	0	0.09637048581908865	infinite
product:4x4	1024	gpd_excess	0.80000000000000004	0.48904670981986331	0.90000000000000002	0.57117934794252334	103	0.1005859375	ok	205	ok	0.098064724884915772	100.41827828215375	0.97493474060343444	0.083630257912360048	0.12052716054929473	yes	-334.23786831733401	-0.3662856755124565	0.13078218764884858	0.8460964018829672
product:4x4	1024	gpd_excess	0.80000000000000004	0.48904670981986331	0.94999999999999996	0.62968664795605112	52	0.05078125	ok	205	ok	0.051025420743379617	52.250030841220727	1.0048082854080909	0.038933483946073148	0.065986839996130239	yes	-205.62924498558652	-0.3662856755124565	0.13078218764884858	0.8460964018829672
product:4x4	1024	gpd_excess	0.80000000000000004	0.48904670981986331	0.98999999999999999	0.7101813936783582	11	0.0107421875	ok	205	ok	0.014331075084484344	14.675020886511968	1.3340928078647243	0.0060087122945773229	0.019132770955518102	yes	-61.320983732645217	-0.3662856755124565	0.13078218764884858	0.8460964018829672
product:4x4	1024	exponential_excess	0.84999999999999998	0.52925651476439417	0.90000000000000002	0.57117934794252334	103	0.1005859375	ok	154	ok	0.090340284339975083	92.508451164134485	0.89814030256441246	0.083630257912360048	0.12052716054929473	yes	-334.83429340380826	0	0.082257665970465008	infinite
product:4x4	1024	exponential_excess	0.84999999999999998	0.52925651476439417	0.94999999999999996	0.62968664795605112	52	0.05078125	ok	154	ok	0.044358964347530276	45.423579491871003	0.87353037484367313	0.038933483946073148	0.065986839996130239	yes	-206.1053844339767	0	0.082257665970465008	infinite
product:4x4	1024	exponential_excess	0.84999999999999998	0.52925651476439417	0.98999999999999999	0.7101813936783582	11	0.0107421875	ok	154	ok	0.016672263976951256	17.072398312398086	1.5520362102180079	0.0060087122945773229	0.019132770955518102	yes	-62.065473629043197	0	0.082257665970465008	infinite
product:4x4	1024	gpd_excess	0.84999999999999998	0.52925651476439417	0.90000000000000002	0.57117934794252334	103	0.1005859375	ok	154	ok	0.099741053999169604	102.13483929514967	0.99160038150630747	0.083630257912360048	0.12052716054929473	yes	-334.20540983990168	-0.33309935925166556	0.10922816771291037	0.85717118850708829
product:4x4	1024	gpd_excess	0.84999999999999998	0.52925651476439417	0.94999999999999996	0.62968664795605112	52	0.05078125	ok	154	ok	0.050171747206835773	51.375869139799832	0.98799748345768912	0.038933483946073148	0.065986839996130239	yes	-205.63258974038271	-0.33309935925166556	0.10922816771291037	0.85717118850708829
product:4x4	1024	gpd_excess	0.84999999999999998	0.52925651476439417	0.98999999999999999	0.7101813936783582	11	0.0107421875	ok	154	ok	0.013522763166924242	13.847309482930424	1.2588463166300385	0.0060087122945773229	0.019132770955518102	yes	-61.129213213690718	-0.33309935925166556	0.10922816771291037	0.85717118850708829
