stratum	n	rank_desc	sys	gap_from_one	gap_to_next_lower	gap_to_record	empirical_tail_mass_at_or_above_rank
pooled:all	14336	1	0.86258589584944001	0.13741410415055999	0.0030262900466055953	0	6.9754464285714282e-05
pooled:all	14336	2	0.85955960580283441	0.14044039419716559	0.0059477176325872794	0.0030262900466055953	0.00013950892857142856
pooled:all	14336	3	0.85361188817024714	0.14638811182975286	0.0077081210339619011	0.0089740076791928747	0.00020926339285714285
pooled:all	14336	4	0.84590376713628523	0.15409623286371477	0.00085672110009815672	0.016682128713154776	0.00027901785714285713
pooled:all	14336	5	0.84504704603618708	0.15495295396381292	0.0012515381227736766	0.017538849813252932	0.00034877232142857144
pooled:all	14336	6	0.8437955079134134	0.1562044920865866	0.0052626925272076797	0.018790387936026609	0.00041852678571428569
pooled:all	14336	7	0.83853281538620572	0.16146718461379428	0.00040832645662602918	0.024053080463234289	0.00048828125
pooled:all	14336	8	0.83812448892957969	0.16187551107042031	0.0071717121432710584	0.024461406919860318	0.00055803571428571425
pooled:all	14336	9	0.83095277678630863	0.16904722321369137	0.0016862215881354725	0.031633119063131376	0.00062779017857142862
pooled:all	14336	10	0.82926655519817316	0.17073344480182684	0.0045002805740063101	0.033319340651266849	0.00069754464285714287
pooled:all	14336	11	0.82476627462416685	0.17523372537583315	0.0047099816509332815	0.037819621225273159	0.00076729910714285713
pooled:all	14336	12	0.82005629297323357	0.17994370702676643	0.002509021970866443	0.04252960287620644	0.00083705357142857138
pooled:all	14336	13	0.81754727100236713	0.18245272899763287	0.001750392515698862	0.045038624847072883	0.00090680803571428575
pooled:all	14336	14	0.81579687848666826	0.18420312151333174	0.0016966451837153729	0.046789017362771745	0.0009765625
pooled:all	14336	15	0.81410023330295289	0.18589976669704711	0.0023176059338391175	0.048485662546487118	0.0010463169642857143
pooled:all	14336	16	0.81178262736911377	0.18821737263088623	0.0037396387952535193	0.050803268480326236	0.0011160714285714285
pooled:all	14336	17	0.80804298857386025	0.19195701142613975	0.00052585371733093744	0.054542907275579755	0.0011858258928571428
pooled:all	14336	18	0.80751713485652932	0.19248286514347068	0.00016839812415170297	0.055068760992910692	0.0012555803571428572
pooled:all	14336	19	0.80734873673237761	0.19265126326762239	0.0024037825429525927	0.055237159117062395	0.0013253348214285715
pooled:all	14336	20	0.80494495418942502	0.19505504581057498	0.00046864197614460146	0.057640941660014988	0.0013950892857142857
pooled:all	14336	21	0.80447631221328042	0.19552368778671958	0.00056368608268042575	0.05810958363615959	0.00146484375
pooled:all	14336	22	0.80391262613059999	0.19608737386940001	0.00081872881263544972	0.058673269718840015	0.0015345982142857143
pooled:all	14336	23	0.80309389731796454	0.19690610268203546	0.00016832559730683982	0.059491998531475465	0.0016043526785714285
pooled:all	14336	24	0.8029255717206577	0.1970744282793423	0.0010471354012094869	0.059660324128782305	0.0016741071428571428
pooled:all	14336	25	0.80187843631944822	0.19812156368055178	0.0015045148152497134	0.060707459529991792	0.0017438616071428572
pooled:all	14336	26	0.8003739215041985	0.1996260784958015	6.1167911851622847e-05	0.062211974345241505	0.0018136160714285715
pooled:all	14336	27	0.80031275359234688	0.19968724640765312	0.0008533506921960532	0.062273142257093128	0.0018833705357142857
pooled:all	14336	28	0.79945940290015083	0.20054059709984917	0.00020725426282686144	0.063126492949289181	0.001953125
pooled:all	14336	29	0.79925214863732397	0.20074785136267603	0.00042946153266987253	0.063333747212116043	0.0020228794642857145
pooled:all	14336	30	0.79882268710465409	0.20117731289534591	0.00048770280607257632	0.063763208744785915	0.0020926339285714285
dataset:random_sample	4096	1	0.85955960580283441	0.14044039419716559	0.034793331178667564	0	0.000244140625
dataset:random_sample	4096	2	0.82476627462416685	0.17523372537583315	0.016723286050306596	0.034793331178667564	0.00048828125
dataset:random_sample	4096	3	0.80804298857386025	0.19195701142613975	0.010282868132502898	0.05151661722897416	0.000732421875
dataset:random_sample	4096	4	0.79776012044135736	0.20223987955864264	0.014167414314814275	0.061799485361477058	0.0009765625
dataset:random_sample	4096	5	0.78359270612654308	0.21640729387345692	0.0011091598412292791	0.075966899676291333	0.001220703125
dataset:random_sample	4096	6	0.7824835462853138	0.2175164537146862	0.001348214799766545	0.077076059517520612	0.00146484375
dataset:random_sample	4096	7	0.78113533148554726	0.21886466851445274	0.0028281857906131691	0.078424274317287157	0.001708984375
dataset:random_sample	4096	8	0.77830714569493409	0.22169285430506591	0.0024369616406915151	0.081252460107900326	0.001953125
dataset:random_sample	4096	9	0.77587018405424257	0.22412981594575743	0.00024299651495562902	0.083689421748591841	0.002197265625
dataset:random_sample	4096	10	0.77562718753928694	0.22437281246071306	0.009621686853979794	0.08393241826354747	0.00244140625
dataset:random_sample	4096	11	0.76600550068530715	0.23399449931469285	0.0005336941829506836	0.093554105117527264	0.002685546875
dataset:random_sample	4096	12	0.76547180650235647	0.23452819349764353	0.0057630276477343978	0.094087799300477948	0.0029296875
dataset:random_sample	4096	13	0.75970877885462207	0.24029122114537793	0.0015114572357933787	0.099850826948212346	0.003173828125
dataset:random_sample	4096	14	0.75819732161882869	0.24180267838117131	0.0018645145635380889	0.10136228418400572	0.00341796875
dataset:random_sample	4096	15	0.7563328070552906	0.2436671929447094	0.0052208131201978425	0.10322679874754381	0.003662109375
dataset:random_sample	4096	16	0.75111199393509276	0.24888800606490724	0.0051405004042270885	0.10844761186774166	0.00390625
dataset:random_sample	4096	17	0.74597149353086567	0.25402850646913433	0.00011925424052272593	0.11358811227196874	0.004150390625
dataset:random_sample	4096	18	0.74585223929034294	0.25414776070965706	0.00099898837348566527	0.11370736651249147	0.00439453125
dataset:random_sample	4096	19	0.74485325091685728	0.25514674908314272	0.0058542279450286561	0.11470635488597714	0.004638671875
dataset:random_sample	4096	20	0.73899902297182862	0.26100097702817138	0.0019950321556092554	0.12056058283100579	0.0048828125
dataset:random_sample	4096	21	0.73700399081621937	0.26299600918378063	0.00015822409584553832	0.12255561498661505	0.005126953125
dataset:random_sample	4096	22	0.73684576672037383	0.26315423327962617	0.0017554381344094816	0.12271383908246059	0.00537109375
dataset:random_sample	4096	23	0.73509032858596435	0.26490967141403565	0.00039089043636064691	0.12446927721687007	0.005615234375
dataset:random_sample	4096	24	0.7346994381496037	0.2653005618503963	0.0025266931232715839	0.12486016765323071	0.005859375
dataset:random_sample	4096	25	0.73217274502633212	0.26782725497366788	0.00074643210975144925	0.1273868607765023	0.006103515625
dataset:random_sample	4096	26	0.73142631291658067	0.26857368708341933	0.0057676400061078548	0.12813329288625375	0.00634765625
dataset:random_sample	4096	27	0.72565867291047281	0.27434132708952719	0.0055248762533770535	0.1339009328923616	0.006591796875
dataset:random_sample	4096	28	0.72013379665709576	0.27986620334290424	0.00040216766393341707	0.13942580914573866	0.0068359375
dataset:random_sample	4096	29	0.71973162899316234	0.28026837100683766	0.00095421320414301736	0.13982797680967207	0.007080078125
dataset:random_sample	4096	30	0.71877741578901932	0.28122258421098068	0.0010235109104571594	0.14078219001381509	0.00732421875
dataset:random_product_sample	10240	1	0.86258589584944001	0.13741410415055999	0.0089740076791928747	0	9.7656250000000005e-05
dataset:random_product_sample	10240	2	0.85361188817024714	0.14638811182975286	0.0077081210339619011	0.0089740076791928747	0.00019531250000000001
dataset:random_product_sample	10240	3	0.84590376713628523	0.15409623286371477	0.00085672110009815672	0.016682128713154776	0.00029296874999999999
dataset:random_product_sample	10240	4	0.84504704603618708	0.15495295396381292	0.0012515381227736766	0.017538849813252932	0.00039062500000000002
dataset:random_product_sample	10240	5	0.8437955079134134	0.1562044920865866	0.0052626925272076797	0.018790387936026609	0.00048828125
dataset:random_product_sample	10240	6	0.83853281538620572	0.16146718461379428	0.00040832645662602918	0.024053080463234289	0.00058593749999999998
dataset:random_product_sample	10240	7	0.83812448892957969	0.16187551107042031	0.0071717121432710584	0.024461406919860318	0.00068359374999999996
dataset:random_product_sample	10240	8	0.83095277678630863	0.16904722321369137	0.0016862215881354725	0.031633119063131376	0.00078125000000000004
dataset:random_product_sample	10240	9	0.82926655519817316	0.17073344480182684	0.0092102622249395916	0.033319340651266849	0.00087890625000000002
dataset:random_product_sample	10240	10	0.82005629297323357	0.17994370702676643	0.002509021970866443	0.04252960287620644	0.0009765625
dataset:random_product_sample	10240	11	0.81754727100236713	0.18245272899763287	0.001750392515698862	0.045038624847072883	0.0010742187500000001
dataset:random_product_sample	10240	12	0.81579687848666826	0.18420312151333174	0.0016966451837153729	0.046789017362771745	0.001171875
dataset:random_product_sample	10240	13	0.81410023330295289	0.18589976669704711	0.0023176059338391175	0.048485662546487118	0.00126953125
dataset:random_product_sample	10240	14	0.81178262736911377	0.18821737263088623	0.0042654925125844567	0.050803268480326236	0.0013671874999999999
dataset:random_product_sample	10240	15	0.80751713485652932	0.19248286514347068	0.00016839812415170297	0.055068760992910692	0.00146484375
dataset:random_product_sample	10240	16	0.80734873673237761	0.19265126326762239	0.0024037825429525927	0.055237159117062395	0.0015625000000000001
dataset:random_product_sample	10240	17	0.80494495418942502	0.19505504581057498	0.00046864197614460146	0.057640941660014988	0.00166015625
dataset:random_product_sample	10240	18	0.80447631221328042	0.19552368778671958	0.00056368608268042575	0.05810958363615959	0.0017578125
dataset:random_product_sample	10240	19	0.80391262613059999	0.19608737386940001	0.00081872881263544972	0.058673269718840015	0.0018554687499999999
dataset:random_product_sample	10240	20	0.80309389731796454	0.19690610268203546	0.00016832559730683982	0.059491998531475465	0.001953125
dataset:random_product_sample	10240	21	0.8029255717206577	0.1970744282793423	0.0010471354012094869	0.059660324128782305	0.0020507812500000001
dataset:random_product_sample	10240	22	0.80187843631944822	0.19812156368055178	0.0015045148152497134	0.060707459529991792	0.0021484375000000002
dataset:random_product_sample	10240	23	0.8003739215041985	0.1996260784958015	6.1167911851622847e-05	0.062211974345241505	0.0022460937499999998
dataset:random_product_sample	10240	24	0.80031275359234688	0.19968724640765312	0.0008533506921960532	0.062273142257093128	0.0023437499999999999
dataset:random_product_sample	10240	25	0.79945940290015083	0.20054059709984917	0.00020725426282686144	0.063126492949289181	0.00244140625
dataset:random_product_sample	10240	26	0.79925214863732397	0.20074785136267603	0.00042946153266987253	0.063333747212116043	0.0025390625000000001
dataset:random_product_sample	10240	27	0.79882268710465409	0.20117731289534591	0.00048770280607257632	0.063763208744785915	0.0026367187500000002
dataset:random_product_sample	10240	28	0.79833498429858152	0.20166501570141848	0.00093694425689694327	0.064250911550858492	0.0027343749999999998
dataset:random_product_sample	10240	29	0.79739804004168457	0.20260195995831543	0.00036161635572362627	0.065187855807755435	0.0028320312499999999
dataset:random_product_sample	10240	30	0.79703642368596095	0.20296357631403905	0.00016818440145494051	0.065549472163479061	0.0029296875
product:5x6	1024	1	0.86258589584944001	0.13741410415055999	0.016682128713154776	0	0.0009765625
product:5x6	1024	2	0.84590376713628523	0.15409623286371477	0.028356496133918108	0.016682128713154776	0.001953125
product:5x6	1024	3	0.81754727100236713	0.18245272899763287	0.014621699281709422	0.045038624847072883	0.0029296875
product:5x6	1024	4	0.8029255717206577	0.1970744282793423	0.0025516502164592003	0.059660324128782305	0.00390625
product:5x6	1024	5	0.8003739215041985	0.1996260784958015	0.0020389372056169863	0.062211974345241505	0.0048828125
product:5x6	1024	6	0.79833498429858152	0.20166501570141848	0.0029629276178214647	0.064250911550858492	0.005859375
product:5x6	1024	7	0.79537205668076005	0.20462794331923995	0.00011924853687517167	0.067213839168679956	0.0068359375
product:5x6	1024	8	0.79525280814388488	0.20474719185611512	0.00059133469905447988	0.067333087705555128	0.0078125
product:5x6	1024	9	0.7946614734448304	0.2053385265551696	0.0010676942830307734	0.067924422404609608	0.0087890625
product:5x6	1024	10	0.79359377916179963	0.20640622083820037	0.00012206957156035703	0.068992116687640381	0.009765625
product:5x6	1024	11	0.79347170959023927	0.20652829040976073	0.0034787729688612323	0.069114186259200738	0.0107421875
product:5x6	1024	12	0.78999293662137804	0.21000706337862196	8.377715578500311e-05	0.072592959228061971	0.01171875
product:5x6	1024	13	0.78990915946559304	0.21009084053440696	0.0082799907482175028	0.072676736383846974	0.0126953125
product:5x6	1024	14	0.78162916871737553	0.21837083128262447	0.00017433307076908378	0.080956727132064477	0.013671875
product:5x6	1024	15	0.78145483564660645	0.21854516435339355	0.00893243552068268	0.08113106020283356	0.0146484375
product:5x6	1024	16	0.77252240012592377	0.22747759987407623	0.0020813293386634513	0.09006349572351624	0.015625
product:5x6	1024	17	0.77044107078726032	0.22955892921273968	0.0010736880574492291	0.092144825062179692	0.0166015625
product:5x6	1024	18	0.76936738272981109	0.23063261727018891	0.00076019633444346368	0.093218513119628921	0.017578125
product:5x6	1024	19	0.76860718639536763	0.23139281360463237	0.0015219114321055605	0.093978709454072384	0.0185546875
product:5x6	1024	20	0.76708527496326206	0.23291472503673794	0.0009866594414708052	0.095500620886177945	0.01953125
product:5x6	1024	21	0.76609861552179126	0.23390138447820874	0.010554469102112773	0.09648728032764875	0.0205078125
product:5x6	1024	22	0.75554414641967849	0.24445585358032151	1.8369976601761984e-05	0.10704174942976152	0.021484375
product:5x6	1024	23	0.75552577644307672	0.24447422355692328	0.00038653493894869051	0.10706011940636329	0.0224609375
product:5x6	1024	24	0.75513924150412803	0.24486075849587197	0.00038023106835138876	0.10744665434531198	0.0234375
product:5x6	1024	25	0.75475901043577664	0.24524098956422336	0.0029107367738889778	0.10782688541366336	0.0244140625
product:5x6	1024	26	0.75184827366188767	0.24815172633811233	0.0023259497645971017	0.11073762218755234	0.025390625
product:5x6	1024	27	0.74952232389729057	0.25047767610270943	0.0037061643028214464	0.11306357195214944	0.0263671875
product:5x6	1024	28	0.74581615959446912	0.25418384040553088	0.0023533509752533543	0.11676973625497089	0.02734375
product:5x6	1024	29	0.74346280861921576	0.25653719138078424	0.0031577408560926612	0.11912308723022424	0.0283203125
product:5x6	1024	30	0.7403050677631231	0.2596949322368769	0.0030249777474243844	0.12228082808631691	0.029296875
generic:F10	512	1	0.85955960580283441	0.14044039419716559	0.077076059517520612	0	0.001953125
generic:F10	512	2	0.7824835462853138	0.2175164537146862	0.0068563587460268582	0.077076059517520612	0.00390625
generic:F10	512	3	0.77562718753928694	0.22437281246071306	0.009621686853979794	0.08393241826354747	0.005859375
generic:F10	512	4	0.76600550068530715	0.23399449931469285	0.0096726936300165489	0.093554105117527264	0.0078125
generic:F10	512	5	0.7563328070552906	0.2436671929447094	0.010361313524424931	0.10322679874754381	0.009765625
generic:F10	512	6	0.74597149353086567	0.25402850646913433	0.0069724705590370473	0.11358811227196874	0.01171875
generic:F10	512	7	0.73899902297182862	0.26100097702817138	0.018865226314732864	0.12056058283100579	0.013671875
generic:F10	512	8	0.72013379665709576	0.27986620334290424	0.00040216766393341707	0.13942580914573866	0.015625
generic:F10	512	9	0.71973162899316234	0.28026837100683766	0.021168357689099859	0.13982797680967207	0.017578125
generic:F10	512	10	0.69856327130406248	0.30143672869593752	0.0053719290615598103	0.16099633449877193	0.01953125
generic:F10	512	11	0.69319134224250267	0.30680865775749733	0.00061359010400774405	0.16636826356033174	0.021484375
generic:F10	512	12	0.69257775213849493	0.30742224786150507	0.0010128186146909357	0.16698185366433949	0.0234375
generic:F10	512	13	0.69156493352380399	0.30843506647619601	0.0030618583079236039	0.16799467227903042	0.025390625
generic:F10	512	14	0.68850307521588039	0.31149692478411961	0.017239005676770391	0.17105653058695403	0.02734375
generic:F10	512	15	0.67126406953911	0.32873593046089	0.0064679825245456124	0.18829553626372442	0.029296875
generic:F10	512	16	0.66479608701456439	0.33520391298543561	0.00061055865578585333	0.19476351878827003	0.03125
generic:F10	512	17	0.66418552835877853	0.33581447164122147	0.0034351295618580968	0.19537407744405588	0.033203125
generic:F10	512	18	0.66075039879692044	0.33924960120307956	8.3026996624990801e-05	0.19880920700591398	0.03515625
generic:F10	512	19	0.66066737180029544	0.33933262819970456	0.002346646054346424	0.19889223400253897	0.037109375
generic:F10	512	20	0.65832072574594902	0.34167927425405098	0.00058590439733807731	0.20123888005688539	0.0390625
generic:F10	512	21	0.65773482134861094	0.34226517865138906	0.0005012354505888883	0.20182478445422347	0.041015625
generic:F10	512	22	0.65723358589802205	0.34276641410197795	0.0011792999006010607	0.20232601990481236	0.04296875
generic:F10	512	23	0.65605428599742099	0.34394571400257901	0.0050619795265542944	0.20350531980541342	0.044921875
generic:F10	512	24	0.6509923064708667	0.3490076935291333	0.0012255093379044402	0.20856729933196771	0.046875
generic:F10	512	25	0.64976679713296226	0.35023320286703774	0.0051623156156556105	0.20979280866987216	0.048828125
generic:F10	512	26	0.64460448151730665	0.35539551848269335	0.0077452113406047962	0.21495512428552777	0.05078125
generic:F10	512	27	0.63685927017670185	0.36314072982329815	0.0026576513442422289	0.22270033562613256	0.052734375
generic:F10	512	28	0.63420161883245962	0.36579838116754038	0.00030044449227151215	0.22535798697037479	0.0546875
generic:F10	512	29	0.63390117434018811	0.36609882565981189	0.002255682875796472	0.2256584314626463	0.056640625
generic:F10	512	30	0.63164549146439164	0.36835450853560836	0.00076012689369298059	0.22791411433844277	0.05859375
product:6x6	1024	1	0.85361188817024714	0.14638811182975286	0.0085648421340600578	0	0.0009765625
product:6x6	1024	2	0.84504704603618708	0.15495295396381292	0.014094269249878444	0.0085648421340600578	0.001953125
product:6x6	1024	3	0.83095277678630863	0.16904722321369137	0.010896483813075064	0.022659111383938502	0.0029296875
product:6x6	1024	4	0.82005629297323357	0.17994370702676643	0.004259414486565305	0.033555595197013566	0.00390625
product:6x6	1024	5	0.81579687848666826	0.18420312151333174	0.0040142511175544904	0.037815009683578871	0.0048828125
product:6x6	1024	6	0.81178262736911377	0.18821737263088623	0.0042654925125844567	0.041829260801133361	0.005859375
product:6x6	1024	7	0.80751713485652932	0.19248286514347068	0.0044232375385647726	0.046094753313717818	0.0068359375
product:6x6	1024	8	0.80309389731796454	0.19690610268203546	0.0012154609985163267	0.05051799085228259	0.0078125
product:6x6	1024	9	0.80187843631944822	0.19812156368055178	0.0024190334192973895	0.051733451850798917	0.0087890625
product:6x6	1024	10	0.79945940290015083	0.20054059709984917	0.003699107387154732	0.054152485270096307	0.009765625
product:6x6	1024	11	0.7957602955129961	0.2042397044870039	0.0017165658788663718	0.057851592657251039	0.0107421875
product:6x6	1024	12	0.79404372963412972	0.20595627036587028	0.0062378411393668731	0.05956815853611741	0.01171875
product:6x6	1024	13	0.78780588849476285	0.21219411150523715	0.00026345958996720764	0.065805999675484284	0.0126953125
product:6x6	1024	14	0.78754242890479564	0.21245757109520436	0.0010688811657429964	0.066069459265451491	0.013671875
product:6x6	1024	15	0.78647354773905265	0.21352645226094735	0.0010883034854973772	0.067138340431194488	0.0146484375
product:6x6	1024	16	0.78538524425355527	0.21461475574644473	0.0024374123008880089	0.068226643916691865	0.015625
product:6x6	1024	17	0.78294783195266726	0.21705216804733274	0.0012780323433924101	0.070664056217579874	0.0166015625
product:6x6	1024	18	0.78166979960927485	0.21833020039072515	0.0010512473387813692	0.071942088560972284	0.017578125
product:6x6	1024	19	0.78061855227049348	0.21938144772950652	0.0012149905751585033	0.072993335899753653	0.0185546875
product:6x6	1024	20	0.77940356169533498	0.22059643830466502	0.00058628927347914583	0.074208326474912156	0.01953125
product:6x6	1024	21	0.77881727242185583	0.22118272757814417	0.00090295143124308197	0.074794615748391302	0.0205078125
product:6x6	1024	22	0.77791432099061275	0.22208567900938725	0.00028707849311404576	0.075697567179634384	0.021484375
product:6x6	1024	23	0.77762724249749871	0.22237275750250129	0.0012869886406871034	0.07598464567274843	0.0224609375
product:6x6	1024	24	0.7763402538568116	0.2236597461431884	0.00032325907121999453	0.077271634313435533	0.0234375
product:6x6	1024	25	0.77601699478559161	0.22398300521440839	1.6368683731671219e-05	0.077594893384655528	0.0244140625
product:6x6	1024	26	0.77600062610185994	0.22399937389814006	0.00053168636418055026	0.077611262068387199	0.025390625
product:6x6	1024	27	0.77546893973767939	0.22453106026232061	0.0016868404882381949	0.078142948432567749	0.0263671875
product:6x6	1024	28	0.77378209924944119	0.22621790075055881	0.00018770479590979328	0.079829788920805944	0.02734375
product:6x6	1024	29	0.7735943944535314	0.2264056055464686	0.0049100985114970408	0.080017493716715737	0.0283203125
product:6x6	1024	30	0.76868429594203436	0.23131570405796564	0.00032635424054672235	0.084927592228212778	0.029296875
product:5x5	1024	1	0.8437955079134134	0.1562044920865866	0.0052626925272076797	0	0.0009765625
product:5x5	1024	2	0.83853281538620572	0.16146718461379428	0.033587861196780699	0.0052626925272076797	0.001953125
product:5x5	1024	3	0.80494495418942502	0.19505504581057498	0.00046864197614460146	0.038850553723988379	0.0029296875
product:5x5	1024	4	0.80447631221328042	0.19552368778671958	0.00056368608268042575	0.039319195700132981	0.00390625
product:5x5	1024	5	0.80391262613059999	0.19608737386940001	0.0046604774932760273	0.039882881782813406	0.0048828125
product:5x5	1024	6	0.79925214863732397	0.20074785136267603	0.0018541085956393921	0.044543359276089434	0.005859375
product:5x5	1024	7	0.79739804004168457	0.20260195995831543	0.013373244378971916	0.046397467871728826	0.0068359375
product:5x5	1024	8	0.78402479566271266	0.21597520433728734	0.0019948975096791832	0.059770712250700742	0.0078125
product:5x5	1024	9	0.78202989815303348	0.21797010184696652	0.00054699646018108172	0.061765609760379925	0.0087890625
product:5x5	1024	10	0.78148290169285239	0.21851709830714761	0.0019449858052152935	0.062312606220561007	0.009765625
product:5x5	1024	11	0.7795379158876371	0.2204620841123629	2.5801742887687773e-05	0.0642575920257763	0.0107421875
product:5x5	1024	12	0.77951211414474941	0.22048788585525059	0.0042244502517020388	0.064283393768663988	0.01171875
product:5x5	1024	13	0.77528766389304737	0.22471233610695263	0.0084422898621518971	0.068507844020366027	0.0126953125
product:5x5	1024	14	0.76684537403089548	0.23315462596910452	0.0014531943526489011	0.076950133882517924	0.013671875
product:5x5	1024	15	0.76539217967824658	0.23460782032175342	0.00086607161378637887	0.078403328235166825	0.0146484375
product:5x5	1024	16	0.7645261080644602	0.2354738919355398	7.9129943504896438e-05	0.079269399848953204	0.015625
product:5x5	1024	17	0.7644469781209553	0.2355530218790447	0.00017847339351051428	0.0793485297924581	0.0166015625
product:5x5	1024	18	0.76426850472744479	0.23573149527255521	0.0012058752690760066	0.079527003185968614	0.017578125
product:5x5	1024	19	0.76306262945836878	0.23693737054163122	0.0057433720019081091	0.080732878455044621	0.0185546875
product:5x5	1024	20	0.75731925745646067	0.24268074254353933	0.00012747990362127481	0.08647625045695273	0.01953125
product:5x5	1024	21	0.7571917775528394	0.2428082224471606	0.0011798732059945527	0.086603730360574005	0.0205078125
product:5x5	1024	22	0.75601190434684484	0.24398809565315516	0.0028984383049618367	0.087783603566568558	0.021484375
product:5x5	1024	23	0.75311346604188301	0.24688653395811699	0.0028070727464867273	0.090682041871530394	0.0224609375
product:5x5	1024	24	0.75030639329539628	0.24969360670460372	0.0013311035991759868	0.093489114618017122	0.0234375
product:5x5	1024	25	0.74897528969622029	0.25102471030377971	0.0015041406273907931	0.094820218217193109	0.0244140625
product:5x5	1024	26	0.7474711490688295	0.2525288509311705	0.0010418377126295564	0.096324358844583902	0.025390625
product:5x5	1024	27	0.74642931135619994	0.25357068864380006	0.0034573661872292494	0.097366196557213458	0.0263671875
product:5x5	1024	28	0.74297194516897069	0.25702805483102931	0.00017134678695862604	0.10082356274444271	0.02734375
product:5x5	1024	29	0.74280059838201207	0.25719940161798793	0.0013333110584232699	0.10099490953140133	0.0283203125
product:5x5	1024	30	0.7414672873235888	0.2585327126764112	0.0062194900107618301	0.1023282205898246	0.029296875
product:4x5	1024	1	0.83812448892957969	0.16187551107042031	0.039301801824925597	0	0.0009765625
product:4x5	1024	2	0.79882268710465409	0.20117731289534591	0.0017862634186931459	0.039301801824925597	0.001953125
product:4x5	1024	3	0.79703642368596095	0.20296357631403905	0.00016818440145494051	0.041088065243618743	0.0029296875
product:4x5	1024	4	0.79686823928450601	0.20313176071549399	0.02194609021556837	0.041256249645073684	0.00390625
product:4x5	1024	5	0.77492214906893764	0.22507785093106236	0.0018881576842632031	0.063202339860642054	0.0048828125
product:4x5	1024	6	0.77303399138467443	0.22696600861532557	0.0109496874140671	0.065090497544905257	0.005859375
product:4x5	1024	7	0.76208430397060734	0.23791569602939266	0.0078495160816316467	0.076040184958972357	0.0068359375
product:4x5	1024	8	0.75423478788897569	0.24576521211102431	0.0034832650783678254	0.083889701040604003	0.0078125
product:4x5	1024	9	0.75075152281060786	0.24924847718939214	0.01023761863891004	0.087372966118971829	0.0087890625
product:4x5	1024	10	0.74051390417169782	0.25948609582830218	0.0001954204273587612	0.097610584757881869	0.009765625
product:4x5	1024	11	0.74031848374433906	0.25968151625566094	0.0019961238794763414	0.09780600518524063	0.0107421875
product:4x5	1024	12	0.73832235986486272	0.26167764013513728	0.00072004900999800281	0.099802129064716971	0.01171875
product:4x5	1024	13	0.73760231085486472	0.26239768914513528	0.0033977706216674619	0.10052217807471497	0.0126953125
product:4x5	1024	14	0.73420454023319726	0.26579545976680274	0.00035431357464155155	0.10391994869638244	0.013671875
product:4x5	1024	15	0.7338502266585557	0.2661497733414443	0.0016833877185499224	0.10427426227102399	0.0146484375
product:4x5	1024	16	0.73216683894000578	0.26783316105999422	0.0037811830875118524	0.10595764998957391	0.015625
product:4x5	1024	17	0.72838565585249393	0.27161434414750607	0.0019829919021091547	0.10973883307708576	0.0166015625
product:4x5	1024	18	0.72640266395038477	0.27359733604961523	0.0019322086752207035	0.11172182497919492	0.017578125
product:4x5	1024	19	0.72447045527516407	0.27552954472483593	0.00046519755035367982	0.11365403365441562	0.0185546875
product:4x5	1024	20	0.72400525772481039	0.27599474227518961	0.00028098718956892643	0.1141192312047693	0.01953125
product:4x5	1024	21	0.72372427053524147	0.27627572946475853	0.00029955832748740363	0.11440021839433823	0.0205078125
product:4x5	1024	22	0.72342471220775406	0.27657528779224594	1.5691325591538074e-05	0.11469977672182563	0.021484375
product:4x5	1024	23	0.72340902088216252	0.27659097911783748	0.00059170860880075615	0.11471546804741717	0.0224609375
product:4x5	1024	24	0.72281731227336177	0.27718268772663823	0.0052128430345887988	0.11530717665621792	0.0234375
product:4x5	1024	25	0.71760446923877297	0.28239553076122703	0.00039675656954452077	0.12052001969080672	0.0244140625
product:4x5	1024	26	0.71720771266922845	0.28279228733077155	0.0011959908141410125	0.12091677626035124	0.025390625
product:4x5	1024	27	0.71601172185508744	0.28398827814491256	0.0015639065711472444	0.12211276707449226	0.0263671875
product:4x5	1024	28	0.71444781528394019	0.28555218471605981	0.00092260854672920889	0.1236766736456395	0.02734375
product:4x5	1024	29	0.71352520673721098	0.28647479326278902	0.0016674818455939544	0.12459928219236871	0.0283203125
product:4x5	1024	30	0.71185772489161703	0.28814227510838297	0.0059719554775713446	0.12626676403796266	0.029296875
product:4x6	1024	1	0.82926655519817316	0.17073344480182684	0.04126297066534157	0	0.0009765625
product:4x6	1024	2	0.78800358453283159	0.21199641546716841	0.0023864016504486774	0.04126297066534157	0.001953125
product:4x6	1024	3	0.78561718288238291	0.21438281711761709	0.00092645625572451706	0.043649372315790247	0.0029296875
product:4x6	1024	4	0.7846907266266584	0.2153092733733416	0.01022804169581859	0.044575828571514764	0.00390625
product:4x6	1024	5	0.77446268493083981	0.22553731506916019	0.0017507297803330824	0.054803870267333354	0.0048828125
product:4x6	1024	6	0.77271195515050672	0.22728804484949328	0.0037203172961165487	0.056554600047666437	0.005859375
product:4x6	1024	7	0.76899163785439018	0.23100836214560982	0.0073444301000102907	0.060274917343782985	0.0068359375
product:4x6	1024	8	0.76164720775437988	0.23835279224562012	0.0014855281044090507	0.067619347443793276	0.0078125
product:4x6	1024	9	0.76016167964997083	0.23983832035002917	0.0033809864130353029	0.069104875548202327	0.0087890625
product:4x6	1024	10	0.75678069323693553	0.24321930676306447	0.0027977052825639559	0.07248586196123763	0.009765625
product:4x6	1024	11	0.75398298795437158	0.24601701204562842	0.0012369146703290479	0.075283567243801586	0.0107421875
product:4x6	1024	12	0.75274607328404253	0.24725392671595747	0.0066517534636498787	0.076520481914130634	0.01171875
product:4x6	1024	13	0.74609431982039265	0.25390568017960735	0.00028630170336274574	0.083172235377780512	0.0126953125
product:4x6	1024	14	0.7458080181170299	0.2541919818829701	0.00033909998195458257	0.083458537081143258	0.013671875
product:4x6	1024	15	0.74546891813507532	0.25453108186492468	0.00029925531193664145	0.083797637063097841	0.0146484375
product:4x6	1024	16	0.74516966282313868	0.25483033717686132	0.0060870649804815047	0.084096892375034482	0.015625
product:4x6	1024	17	0.73908259784265717	0.26091740215734283	0.0026241584917433558	0.090183957355515987	0.0166015625
product:4x6	1024	18	0.73645843935091382	0.26354156064908618	0.00056748429420150348	0.092808115847259343	0.017578125
product:4x6	1024	19	0.73589095505671231	0.26410904494328769	0.00035319329896355001	0.093375600141460846	0.0185546875
product:4x6	1024	20	0.73553776175774876	0.26446223824225124	0.0014642295770708191	0.093728793440424396	0.01953125
product:4x6	1024	21	0.73407353218067795	0.26592646781932205	0.0018182970660245434	0.095193023017495215	0.0205078125
product:4x6	1024	22	0.7322552351146534	0.2677447648853466	0.0010565350914164551	0.097011320083519759	0.021484375
product:4x6	1024	23	0.73119870002323695	0.26880129997676305	0.0015973319983961787	0.098067855174936214	0.0224609375
product:4x6	1024	24	0.72960136802484077	0.27039863197515923	0.00084316571535814067	0.099665187173332392	0.0234375
product:4x6	1024	25	0.72875820230948263	0.27124179769051737	0.002044180149599728	0.10050835288869053	0.0244140625
product:4x6	1024	26	0.7267140221598829	0.2732859778401171	0.0027979775295891018	0.10255253303829026	0.025390625
product:4x6	1024	27	0.7239160446302938	0.2760839553697062	0.0017543777827299101	0.10535051056787936	0.0263671875
product:4x6	1024	28	0.72216166684756389	0.27783833315243611	0.00025857345114976837	0.10710488835060927	0.02734375
product:4x6	1024	29	0.72190309339641412	0.27809690660358588	0.00040552389059289595	0.10736346180175904	0.0283203125
product:4x6	1024	30	0.72149756950582122	0.27850243049417878	2.730285691854295e-05	0.10776898569235194	0.029296875
generic:F12	512	1	0.82476627462416685	0.17523372537583315	0.016723286050306596	0	0.001953125
generic:F12	512	2	0.80804298857386025	0.19195701142613975	0.010282868132502898	0.016723286050306596	0.00390625
generic:F12	512	3	0.79776012044135736	0.20223987955864264	0.03228831393900089	0.027006154182809494	0.005859375
generic:F12	512	4	0.76547180650235647	0.23452819349764353	0.0057630276477343978	0.059294468121810384	0.0078125
generic:F12	512	5	0.75970877885462207	0.24029122114537793	0.00859678491952931	0.065057495769544782	0.009765625
generic:F12	512	6	0.75111199393509276	0.24888800606490724	0.014108003118873391	0.073654280689074092	0.01171875
generic:F12	512	7	0.73700399081621937	0.26299600918378063	0.0019136622302550199	0.087762283807947483	0.013671875
generic:F12	512	8	0.73509032858596435	0.26490967141403565	0.00039089043636064691	0.089675946038202503	0.015625
generic:F12	512	9	0.7346994381496037	0.2653005618503963	0.0025266931232715839	0.09006683647456315	0.017578125
generic:F12	512	10	0.73217274502633212	0.26782725497366788	0.00074643210975144925	0.092593529597834734	0.01953125
generic:F12	512	11	0.73142631291658067	0.26857368708341933	0.013672408038018502	0.093339961707586183	0.021484375
generic:F12	512	12	0.71775390487856217	0.28224609512143783	0.0028974501679588371	0.10701236974560469	0.0234375
generic:F12	512	13	0.71485645471060333	0.28514354528939667	0.0010870851962234696	0.10990981991356352	0.025390625
generic:F12	512	14	0.71376936951437986	0.28623063048562014	0.0024842697943998626	0.11099690510978699	0.02734375
generic:F12	512	15	0.71128509971998	0.28871490028002	0.001046699006011953	0.11348117490418685	0.029296875
generic:F12	512	16	0.71023840071396804	0.28976159928603196	0.00071945209301704782	0.11452787391019881	0.03125
generic:F12	512	17	0.709518948620951	0.290481051379049	0.0045587005005934822	0.11524732600321586	0.033203125
generic:F12	512	18	0.70496024812035751	0.29503975187964249	0.0032815995921372521	0.11980602650380934	0.03515625
generic:F12	512	19	0.70167864852822026	0.29832135147177974	0.0051381295230431556	0.12308762609594659	0.037109375
generic:F12	512	20	0.69654051900517711	0.30345948099482289	8.8697516885671845e-05	0.12822575561898975	0.0390625
generic:F12	512	21	0.69645182148829143	0.30354817851170857	0.0016470626316829051	0.12831445313587542	0.041015625
generic:F12	512	22	0.69480475885660853	0.30519524114339147	0.0071323078931746497	0.12996151576755832	0.04296875
generic:F12	512	23	0.68767245096343388	0.31232754903656612	0.0023537580888497445	0.13709382366073297	0.044921875
generic:F12	512	24	0.68531869287458413	0.31468130712541587	0.0028499762971112563	0.13944758174958272	0.046875
generic:F12	512	25	0.68246871657747288	0.31753128342252712	0.0036586894660323166	0.14229755804669397	0.048828125
generic:F12	512	26	0.67881002711144056	0.32118997288855944	0.00059543174757181738	0.14595624751272629	0.05078125
generic:F12	512	27	0.67821459536386874	0.32178540463613126	0.0034603346081009123	0.14655167926029811	0.052734375
generic:F12	512	28	0.67475426075576783	0.32524573924423217	0.0014567784508930925	0.15001201386839902	0.0546875
generic:F12	512	29	0.67329748230487474	0.32670251769512526	6.0491076256496967e-05	0.15146879231929211	0.056640625
generic:F12	512	30	0.67323699122861824	0.32676300877138176	0.0015321042872331603	0.15152928339554861	0.05859375
product:4x4	1024	1	0.81410023330295289	0.18589976669704711	0.01378747971060601	0	0.0009765625
product:4x4	1024	2	0.80031275359234688	0.19968724640765312	0.013900613836918541	0.01378747971060601	0.001953125
product:4x4	1024	3	0.78641213975542834	0.21358786024457166	0.010922387888266161	0.02768809354752455	0.0029296875
product:4x4	1024	4	0.77548975186716218	0.22451024813283782	0.0045506950472478103	0.038610481435790711	0.00390625
product:4x4	1024	5	0.77093905681991437	0.22906094318008563	0.03068683133436223	0.043161176483038521	0.0048828125
product:4x4	1024	6	0.74025222548555214	0.25974777451444786	0.019179371206975659	0.073848007817400751	0.005859375
product:4x4	1024	7	0.72107285427857648	0.27892714572142352	0.00083949005296957147	0.093027379024376411	0.0068359375
product:4x4	1024	8	0.72023336422560691	0.27976663577439309	0.0046324544942125678	0.093866869077345982	0.0078125
product:4x4	1024	9	0.71560090973139434	0.28439909026860566	0.0034596221943075101	0.09849932357155855	0.0087890625
product:4x4	1024	10	0.71214128753708683	0.28785871246291317	0.0018008060388076119	0.10195894576586606	0.009765625
product:4x4	1024	11	0.71034048149827922	0.28965951850172078	0.00069168617356940576	0.10375975180467367	0.0107421875
product:4x4	1024	12	0.70964879532470981	0.29035120467529019	0.0061643084404892079	0.10445143797824308	0.01171875
product:4x4	1024	13	0.70348448688422061	0.29651551311577939	0.0017188491262908334	0.11061574641873229	0.0126953125
product:4x4	1024	14	0.70176563775792977	0.29823436224207023	6.3190060293205619e-06	0.11233459554502312	0.013671875
product:4x4	1024	15	0.70175931875190045	0.29824068124809955	0.0027624038014525398	0.11234091455105244	0.0146484375
product:4x4	1024	16	0.69899691495044791	0.30100308504955209	0.0018161226195777536	0.11510331835250498	0.015625
product:4x4	1024	17	0.69718079233087016	0.30281920766912984	0.0047820353999900034	0.11691944097208273	0.0166015625
product:4x4	1024	18	0.69239875693088015	0.30760124306911985	0.0018912742235659419	0.12170147637207274	0.017578125
product:4x4	1024	19	0.69050748270731421	0.30949251729268579	0.0034434573113294453	0.12359275059563868	0.0185546875
product:4x4	1024	20	0.68706402539598477	0.31293597460401523	0.0021775714903662369	0.12703620790696812	0.01953125
product:4x4	1024	21	0.68488645390561853	0.31511354609438147	0.0068997650326027005	0.12921377939733436	0.0205078125
product:4x4	1024	22	0.67798668887301583	0.32201331112698417	0.002388073822765957	0.13611354442993706	0.021484375
product:4x4	1024	23	0.67559861505024987	0.32440138494975013	0.0018587941458882984	0.13850161825270302	0.0224609375
product:4x4	1024	24	0.67373982090436157	0.32626017909563843	0.0018832619448653221	0.14036041239859132	0.0234375
product:4x4	1024	25	0.67185655895949625	0.32814344104050375	0.0016164726421975528	0.14224367434345664	0.0244140625
product:4x4	1024	26	0.6702400863172987	0.3297599136827013	0.00055255264796283399	0.14386014698565419	0.025390625
product:4x4	1024	27	0.66968753366933587	0.33031246633066413	0.00031067788929484141	0.14441269963361703	0.0263671875
product:4x4	1024	28	0.66937685578004102	0.33062314421995898	0.0011923181794500914	0.14472337752291187	0.02734375
product:4x4	1024	29	0.66818453760059093	0.33181546239940907	0.0051623289239838277	0.14591569570236196	0.0283203125
product:4x4	1024	30	0.66302220867660711	0.33697779132339289	0.00034057583891133891	0.15107802462634579	0.029296875
