label	source	leaf	test_positive_rate	test_rows	test_mean_sys	test_max_sys	train_positive_rate	train_rows	train_mean_sys	train_max_sys	rule
top_decile	combinatorial_invariants_only	7	0.08329879817654372	2413	0.31055251680253815	0.8381244889295797	0.048859934853420196	307	0.30600831536974304	0.7811353314855473	ridge_count <= 33.5 and facet_vertex_count_std > 0.766024 and edge_density <= 0.277778 and ridge_size_std <= 0.911943
top_decile	combinatorial_invariants_only	3	0.05860805860805861	1365	0.27711440678945776	0.8141002333029529	0.0062836624775583485	1114	0.20609873737429762	0.6464199674959318	ridge_count <= 33.5 and facet_vertex_count_std <= 0.766024 and edge_density <= 0.75
top_decile	combinatorial_invariants_only	11	0.04459203036053131	1054	0.2751174552498348	0.7650778325167292	0.019401778496362168	1237	0.24104748210479698	0.7458522392903429	ridge_count <= 33.5 and facet_vertex_count_std > 0.766024 and edge_density > 0.277778 and facet_neighbor_count_std > 0.473313
top_decile	combinatorial_invariants_only	10	0.02512562814070352	199	0.19706288935667854	0.6908550887351059	0.026200873362445413	229	0.2460560725474928	0.6784213299550274	ridge_count <= 33.5 and facet_vertex_count_std > 0.766024 and edge_density > 0.277778 and facet_neighbor_count_std <= 0.473313
top_decile	combinatorial_invariants_only	8	0.02247191011235955	89	0.25281739701054967	0.6865018486822891	0.020942408376963352	191	0.27997595821125837	0.6927244865895184	ridge_count <= 33.5 and facet_vertex_count_std > 0.766024 and edge_density <= 0.277778 and ridge_size_std > 0.911943
top_decile	combinatorial_invariants_only	16	0.0	0	NA	NA	0.312621359223301	1030	0.47799973467541196	0.8536118881702471	ridge_count > 33.5 and facet_vertex_count_std <= 1.12773 and edge_density <= 0.150997 and facet_count > 11.5
top_decile	combinatorial_invariants_only	15	0.0	0	NA	NA	0.23631123919308358	1041	0.44026066014878396	0.86258589584944	ridge_count > 33.5 and facet_vertex_count_std <= 1.12773 and edge_density <= 0.150997 and facet_count <= 11.5
top_decile	combinatorial_invariants_only	20	0.0	0	NA	NA	0.19545454545454546	220	0.42959091674962957	0.8247662746241669	ridge_count > 33.5 and facet_vertex_count_std > 1.12773 and ridge_size_std <= 0.958526 and edge_density <= 0.131183
top_decile	combinatorial_invariants_only	17	0.0	0	NA	NA	0.16857142857142857	1050	0.4007665942654472	0.8437955079134134	ridge_count > 33.5 and facet_vertex_count_std <= 1.12773 and edge_density > 0.150997
top_decile	combinatorial_invariants_only	21	0.0	0	NA	NA	0.12028608582574772	1538	0.3698381978106238	0.8292665551981732	ridge_count > 33.5 and facet_vertex_count_std > 1.12773 and ridge_size_std <= 0.958526 and edge_density > 0.131183
top_decile	combinatorial_invariants_only	24	0.0	0	NA	NA	0.10535117056856187	598	0.3820205360405934	0.8080429885738603	ridge_count > 33.5 and facet_vertex_count_std > 1.12773 and ridge_size_std > 0.958526 and ridge_size_max > 6.5
top_decile	combinatorial_invariants_only	23	0.0	0	NA	NA	0.040268456375838924	149	0.3472255322155799	0.8595596058028344	ridge_count > 33.5 and facet_vertex_count_std > 1.12773 and ridge_size_std > 0.958526 and ridge_size_max <= 6.5
top_decile	combinatorial_invariants_only	4	0.0	0	NA	NA	0.001953125	512	0.15072632482683143	0.714410363898728	ridge_count <= 33.5 and facet_vertex_count_std <= 0.766024 and edge_density > 0.75
top_decile	generator_provenance_only	4	0.11760154738878142	2585	0.3782625257496012	0.8381244889295797	0.20130576713819368	3676	0.4112563236668013	0.86258589584944	product_bounces=3 > 0.5
top_decile	generator_provenance_only	3	0.0224609375	1024	0.22445250663958388	0.7448532509168573	0.06770833333333333	3072	0.30654067147826924	0.8595596058028344	product_bounces=3 <= 0.5 and capacity_source=random_sample > 0.5
top_decile	generator_provenance_only	2	0.005294506949040371	1511	0.17979249080061244	0.7988226871046541	0.06118314424635332	2468	0.27155561290887525	0.8536118881702471	product_bounces=3 <= 0.5 and capacity_source=random_sample <= 0.5
top_decile	invariant_features	4	0.8571428571428571	7	0.6685610285023047	0.7620843039706073	0.7837837837837838	296	0.6627513276004972	0.8536118881702471	ridge_symp_area_std_over_volume_sqrt <= 0.45921 and ridge_symp_area_sum_over_volume_sqrt <= 11.4737 and ridge_symp_area_sum_over_volume_sqrt <= 10.658 and ridge_symp_area_sum_over_volume_sqrt <= 10.1845
top_decile	invariant_features	5	0.7692307692307693	13	0.6600264295768649	0.7988226871046541	0.6705882352941176	340	0.6405251745479248	0.8437955079134134	ridge_symp_area_std_over_volume_sqrt <= 0.45921 and ridge_symp_area_sum_over_volume_sqrt <= 11.4737 and ridge_symp_area_sum_over_volume_sqrt <= 10.658 and ridge_symp_area_sum_over_volume_sqrt > 10.1845
top_decile	invariant_features	8	0.7121212121212122	66	0.6475180104451219	0.8381244889295797	0.5323590814196242	479	0.6019310713039373	0.86258589584944	ridge_symp_area_std_over_volume_sqrt <= 0.45921 and ridge_symp_area_sum_over_volume_sqrt <= 11.4737 and ridge_symp_area_sum_over_volume_sqrt > 10.658 and ridge_symp_area_q90_over_volume_sqrt > 0.640018
top_decile	invariant_features	16	0.5172413793103449	319	0.6074061846977573	0.8141002333029529	0.21739130434782608	138	0.5438089498906197	0.7119073397957835	ridge_symp_area_std_over_volume_sqrt > 0.45921 and ridge_symp_area_sum_over_volume_sqrt <= 13.0806 and ridge_symp_area_sum_over_volume_sqrt <= 12.2686
top_decile	invariant_features	11	0.3617021276595745	47	0.5643359325736	0.7865825197120293	0.10826210826210826	702	0.4842682709543785	0.7744626849308398	ridge_symp_area_std_over_volume_sqrt <= 0.45921 and ridge_symp_area_sum_over_volume_sqrt > 11.4737 and ridge_symp_area_sum_over_volume_sqrt <= 16.0315 and ridge_symp_area_q25_over_volume_sqrt <= 0.025001
top_decile	invariant_features	12	0.2857142857142857	14	0.5500471764315261	0.7173589963009481	0.3769063180827887	459	0.5639938423016124	0.8595596058028344	ridge_symp_area_std_over_volume_sqrt <= 0.45921 and ridge_symp_area_sum_over_volume_sqrt > 11.4737 and ridge_symp_area_sum_over_volume_sqrt <= 16.0315 and ridge_symp_area_q25_over_volume_sqrt > 0.025001
top_decile	invariant_features	17	0.1710914454277286	339	0.5330080092495482	0.7163972208947439	0.075	240	0.484012978831498	0.6949401945596988	ridge_symp_area_std_over_volume_sqrt > 0.45921 and ridge_symp_area_sum_over_volume_sqrt <= 13.0806 and ridge_symp_area_sum_over_volume_sqrt > 12.2686
top_decile	invariant_features	21	0.14432989690721648	97	0.4914703624885391	0.7448532509168573	0.16312056737588654	141	0.5053811928852008	0.7458522392903429	ridge_symp_area_std_over_volume_sqrt > 0.45921 and ridge_symp_area_sum_over_volume_sqrt > 13.0806 and ridge_symp_area_sum_over_volume_sqrt <= 15.7625 and ridge_symp_area_q25_over_volume_sqrt > 0.0355978
top_decile	invariant_features	20	0.01107419712070875	903	0.427107487080659	0.6537429679717179	0.011627906976744186	946	0.4102715409347557	0.6464199674959318	ridge_symp_area_std_over_volume_sqrt > 0.45921 and ridge_symp_area_sum_over_volume_sqrt > 13.0806 and ridge_symp_area_sum_over_volume_sqrt <= 15.7625 and ridge_symp_area_q25_over_volume_sqrt <= 0.0355978
top_decile	invariant_features	24	0.0012285012285012285	3256	0.17206047111700634	0.6391139936671504	0.0	4826	0.18407062483852407	0.5966447152735398	ridge_symp_area_std_over_volume_sqrt > 0.45921 and ridge_symp_area_sum_over_volume_sqrt > 13.0806 and ridge_symp_area_sum_over_volume_sqrt > 15.7625 and ridge_symp_area_max_over_volume_sqrt > 2.21628
top_decile	invariant_features	23	0.0	59	0.35697750306113185	0.5627705320044999	0.017064846416382253	293	0.36922039391932154	0.6784213299550274	ridge_symp_area_std_over_volume_sqrt > 0.45921 and ridge_symp_area_sum_over_volume_sqrt > 13.0806 and ridge_symp_area_sum_over_volume_sqrt > 15.7625 and ridge_symp_area_max_over_volume_sqrt <= 2.21628
top_decile	invariant_features	7	0.0	0	NA	NA	0.2916666666666667	144	0.5585243899773046	0.7788172724218558	ridge_symp_area_std_over_volume_sqrt <= 0.45921 and ridge_symp_area_sum_over_volume_sqrt <= 11.4737 and ridge_symp_area_sum_over_volume_sqrt > 10.658 and ridge_symp_area_q90_over_volume_sqrt <= 0.640018
top_decile	invariant_features	13	0.0	0	NA	NA	0.02830188679245283	212	0.4483240894863193	0.6561801911542886	ridge_symp_area_std_over_volume_sqrt <= 0.45921 and ridge_symp_area_sum_over_volume_sqrt > 11.4737 and ridge_symp_area_sum_over_volume_sqrt > 16.0315
top_decile	ridge_symp_area_only	4	0.8571428571428571	7	0.6685610285023047	0.7620843039706073	0.7837837837837838	296	0.6627513276004972	0.8536118881702471	ridge_symp_area_std_over_volume_sqrt <= 0.45921 and ridge_symp_area_sum_over_volume_sqrt <= 11.4737 and ridge_symp_area_sum_over_volume_sqrt <= 10.658 and ridge_symp_area_sum_over_volume_sqrt <= 10.1845
top_decile	ridge_symp_area_only	5	0.7692307692307693	13	0.6600264295768649	0.7988226871046541	0.6705882352941176	340	0.6405251745479248	0.8437955079134134	ridge_symp_area_std_over_volume_sqrt <= 0.45921 and ridge_symp_area_sum_over_volume_sqrt <= 11.4737 and ridge_symp_area_sum_over_volume_sqrt <= 10.658 and ridge_symp_area_sum_over_volume_sqrt > 10.1845
top_decile	ridge_symp_area_only	8	0.7121212121212122	66	0.6475180104451219	0.8381244889295797	0.5323590814196242	479	0.6019310713039373	0.86258589584944	ridge_symp_area_std_over_volume_sqrt <= 0.45921 and ridge_symp_area_sum_over_volume_sqrt <= 11.4737 and ridge_symp_area_sum_over_volume_sqrt > 10.658 and ridge_symp_area_q90_over_volume_sqrt > 0.640018
top_decile	ridge_symp_area_only	16	0.5172413793103449	319	0.6074061846977573	0.8141002333029529	0.21739130434782608	138	0.5438089498906197	0.7119073397957835	ridge_symp_area_std_over_volume_sqrt > 0.45921 and ridge_symp_area_sum_over_volume_sqrt <= 13.0806 and ridge_symp_area_sum_over_volume_sqrt <= 12.2686
top_decile	ridge_symp_area_only	11	0.3617021276595745	47	0.5643359325736	0.7865825197120293	0.10826210826210826	702	0.4842682709543785	0.7744626849308398	ridge_symp_area_std_over_volume_sqrt <= 0.45921 and ridge_symp_area_sum_over_volume_sqrt > 11.4737 and ridge_symp_area_sum_over_volume_sqrt <= 16.0315 and ridge_symp_area_q25_over_volume_sqrt <= 0.025001
top_decile	ridge_symp_area_only	12	0.2857142857142857	14	0.5500471764315261	0.7173589963009481	0.3769063180827887	459	0.5639938423016124	0.8595596058028344	ridge_symp_area_std_over_volume_sqrt <= 0.45921 and ridge_symp_area_sum_over_volume_sqrt > 11.4737 and ridge_symp_area_sum_over_volume_sqrt <= 16.0315 and ridge_symp_area_q25_over_volume_sqrt > 0.025001
top_decile	ridge_symp_area_only	17	0.1710914454277286	339	0.5330080092495482	0.7163972208947439	0.075	240	0.484012978831498	0.6949401945596988	ridge_symp_area_std_over_volume_sqrt > 0.45921 and ridge_symp_area_sum_over_volume_sqrt <= 13.0806 and ridge_symp_area_sum_over_volume_sqrt > 12.2686
top_decile	ridge_symp_area_only	21	0.14432989690721648	97	0.4914703624885391	0.7448532509168573	0.16312056737588654	141	0.5053811928852008	0.7458522392903429	ridge_symp_area_std_over_volume_sqrt > 0.45921 and ridge_symp_area_sum_over_volume_sqrt > 13.0806 and ridge_symp_area_sum_over_volume_sqrt <= 15.7625 and ridge_symp_area_q25_over_volume_sqrt > 0.0355978
top_decile	ridge_symp_area_only	20	0.01107419712070875	903	0.427107487080659	0.6537429679717179	0.011627906976744186	946	0.4102715409347557	0.6464199674959318	ridge_symp_area_std_over_volume_sqrt > 0.45921 and ridge_symp_area_sum_over_volume_sqrt > 13.0806 and ridge_symp_area_sum_over_volume_sqrt <= 15.7625 and ridge_symp_area_q25_over_volume_sqrt <= 0.0355978
top_decile	ridge_symp_area_only	24	0.0012285012285012285	3256	0.17206047111700634	0.6391139936671504	0.0	4826	0.18407062483852407	0.5966447152735398	ridge_symp_area_std_over_volume_sqrt > 0.45921 and ridge_symp_area_sum_over_volume_sqrt > 13.0806 and ridge_symp_area_sum_over_volume_sqrt > 15.7625 and ridge_symp_area_max_over_volume_sqrt > 2.21628
top_decile	ridge_symp_area_only	23	0.0	59	0.35697750306113185	0.5627705320044999	0.017064846416382253	293	0.36922039391932154	0.6784213299550274	ridge_symp_area_std_over_volume_sqrt > 0.45921 and ridge_symp_area_sum_over_volume_sqrt > 13.0806 and ridge_symp_area_sum_over_volume_sqrt > 15.7625 and ridge_symp_area_max_over_volume_sqrt <= 2.21628
top_decile	ridge_symp_area_only	7	0.0	0	NA	NA	0.2916666666666667	144	0.5585243899773046	0.7788172724218558	ridge_symp_area_std_over_volume_sqrt <= 0.45921 and ridge_symp_area_sum_over_volume_sqrt <= 11.4737 and ridge_symp_area_sum_over_volume_sqrt > 10.658 and ridge_symp_area_q90_over_volume_sqrt <= 0.640018
top_decile	ridge_symp_area_only	13	0.0	0	NA	NA	0.02830188679245283	212	0.4483240894863193	0.6561801911542886	ridge_symp_area_std_over_volume_sqrt <= 0.45921 and ridge_symp_area_sum_over_volume_sqrt > 11.4737 and ridge_symp_area_sum_over_volume_sqrt > 16.0315
top_decile	strata_only	4	0.0654296875	5120	0.2889286034104254	0.8381244889295797	0.02734375	4096	0.2439125957011836	0.7835927061265431	product_bucket=6x6 <= 0.5 and product_bucket=5x6 <= 0.5 and facet_count=F10 <= 0.5 and facet_count=F12 <= 0.5
top_decile	strata_only	10	0.0	0	NA	NA	0.310546875	1024	0.4773043971571597	0.8536118881702471	product_bucket=6x6 > 0.5
top_decile	strata_only	9	0.0	0	NA	NA	0.236328125	1024	0.44070530918217976	0.86258589584944	product_bucket=6x6 <= 0.5 and product_bucket=5x6 > 0.5
top_decile	strata_only	5	0.0	0	NA	NA	0.150390625	512	0.41831793469461265	0.8247662746241669	product_bucket=6x6 <= 0.5 and product_bucket=5x6 <= 0.5 and facet_count=F10 <= 0.5 and facet_count=F12 > 0.5
top_decile	strata_only	7	0.0	0	NA	NA	0.14892578125	2048	0.3841615778041655	0.8437955079134134	product_bucket=6x6 <= 0.5 and product_bucket=5x6 <= 0.5 and facet_count=F10 > 0.5 and product_bucket=not_product <= 0.5
top_decile	strata_only	8	0.0	0	NA	NA	0.087890625	512	0.358634406346493	0.8595596058028344	product_bucket=6x6 <= 0.5 and product_bucket=5x6 <= 0.5 and facet_count=F10 > 0.5 and product_bucket=not_product > 0.5
top_five_percent	combinatorial_invariants_only	6	0.06186440677966102	1180	0.3354818337402552	0.8381244889295797	0.007171314741035857	1255	0.24703885966383618	0.7458522392903429	ridge_count <= 33.5 and facet_vertex_count_std <= 1.41337 and facet_neighbor_count_std > 0.483138
top_five_percent	combinatorial_invariants_only	8	0.024575513851653262	2238	0.2809163975493299	0.8073487367323776	0.02909090909090909	275	0.27975731248556246	0.7811353314855473	ridge_count <= 33.5 and facet_vertex_count_std > 1.41337 and ridge_size_std <= 0.911943
top_five_percent	combinatorial_invariants_only	4	0.023443223443223443	1365	0.27711440678945776	0.8141002333029529	0.0006150061500615006	1626	0.18866289775295528	0.714410363898728	ridge_count <= 33.5 and facet_vertex_count_std <= 1.41337 and facet_neighbor_count_std <= 0.483138 and facet_vertex_count_std <= 0.766024
top_five_percent	combinatorial_invariants_only	9	0.013888888888888888	72	0.24008605294854066	0.6865018486822891	0.006172839506172839	162	0.28286404561796663	0.6927244865895184	ridge_count <= 33.5 and facet_vertex_count_std > 1.41337 and ridge_size_std > 0.911943
top_five_percent	combinatorial_invariants_only	5	0.007547169811320755	265	0.22342500699083784	0.6921437001704945	0.003676470588235294	272	0.2542335721033692	0.6784213299550274	ridge_count <= 33.5 and facet_vertex_count_std <= 1.41337 and facet_neighbor_count_std <= 0.483138 and facet_vertex_count_std > 0.766024
top_five_percent	combinatorial_invariants_only	15	0.0	0	NA	NA	0.18361581920903955	1062	0.4753915520329825	0.8536118881702471	ridge_count > 33.5 and facet_neighbor_count_std <= 0.588675 and ridge_size_std > 0.831139
top_five_percent	combinatorial_invariants_only	19	0.0	0	NA	NA	0.12290502793296089	179	0.42663014231582036	0.8247662746241669	ridge_count > 33.5 and facet_neighbor_count_std > 0.588675 and ridge_size_std <= 0.934639 and vertex_count > 31.5
top_five_percent	combinatorial_invariants_only	13	0.0	0	NA	NA	0.11217641418983701	1043	0.4413383362087625	0.86258589584944	ridge_count > 33.5 and facet_neighbor_count_std <= 0.588675 and ridge_size_std <= 0.831139 and edge_density <= 0.163333
top_five_percent	combinatorial_invariants_only	14	0.0	0	NA	NA	0.09073170731707317	1025	0.39975643165840613	0.8437955079134134	ridge_count > 33.5 and facet_neighbor_count_std <= 0.588675 and ridge_size_std <= 0.831139 and edge_density > 0.163333
top_five_percent	combinatorial_invariants_only	18	0.0	0	NA	NA	0.056112224448897796	1497	0.37088702143836194	0.8292665551981732	ridge_count > 33.5 and facet_neighbor_count_std > 0.588675 and ridge_size_std <= 0.934639 and vertex_count <= 31.5
top_five_percent	combinatorial_invariants_only	21	0.0	0	NA	NA	0.03958333333333333	480	0.3938280938291477	0.8080429885738603	ridge_count > 33.5 and facet_neighbor_count_std > 0.588675 and ridge_size_std > 0.934639 and edge_density <= 0.131183
top_five_percent	combinatorial_invariants_only	22	0.0	0	NA	NA	0.011764705882352941	340	0.3511994873498488	0.8595596058028344	ridge_count > 33.5 and facet_neighbor_count_std > 0.588675 and ridge_size_std > 0.934639 and edge_density > 0.131183
top_five_percent	generator_provenance_only	4	0.057640232108317216	2585	0.3782625257496012	0.8381244889295797	0.10963003264417845	3676	0.4112563236668013	0.86258589584944	product_bounces=3 > 0.5
top_five_percent	generator_provenance_only	3	0.009765625	1024	0.22445250663958388	0.7448532509168573	0.027994791666666668	3072	0.30654067147826924	0.8595596058028344	product_bounces=3 <= 0.5 and capacity_source=random_sample > 0.5
top_five_percent	generator_provenance_only	2	0.0026472534745201853	1511	0.17979249080061244	0.7988226871046541	0.02633711507293355	2468	0.27155561290887525	0.8536118881702471	product_bounces=3 <= 0.5 and capacity_source=random_sample <= 0.5
top_five_percent	invariant_features	5	0.5789473684210527	19	0.6712989398067698	0.7988226871046541	0.4385593220338983	472	0.644425641700794	0.8459037671362852	ridge_symp_area_std_over_volume_sqrt <= 0.416712 and ridge_symp_area_sum_over_volume_sqrt <= 11.2457 and ridge_symp_area_sum_over_volume_sqrt <= 10.6624 and ridge_symp_area_mean_over_volume_sqrt > 0.211425
top_five_percent	invariant_features	7	0.5	2	0.6536667620479164	0.7507515228106079	0.20588235294117646	272	0.5803195052826052	0.804944954189425	ridge_symp_area_std_over_volume_sqrt <= 0.416712 and ridge_symp_area_sum_over_volume_sqrt <= 11.2457 and ridge_symp_area_sum_over_volume_sqrt > 10.6624 and ridge_symp_area_q90_over_volume_sqrt <= 0.778928
top_five_percent	invariant_features	8	0.4444444444444444	18	0.597672858266486	0.797036423685961	0.43448275862068964	145	0.6402295049232262	0.86258589584944	ridge_symp_area_std_over_volume_sqrt <= 0.416712 and ridge_symp_area_sum_over_volume_sqrt <= 11.2457 and ridge_symp_area_sum_over_volume_sqrt > 10.6624 and ridge_symp_area_q90_over_volume_sqrt > 0.778928
top_five_percent	invariant_features	17	0.30831099195710454	373	0.6150623787395065	0.8381244889295797	0.14492753623188406	138	0.5730721519043768	0.7880035845328316	ridge_symp_area_std_over_volume_sqrt > 0.416712 and ridge_symp_area_sum_over_volume_sqrt <= 12.2354 and ridge_symp_area_q75_over_volume_sqrt > 0.457491
top_five_percent	invariant_features	11	0.15384615384615385	26	0.5596578383644022	0.7435801143116623	0.12448700410396717	731	0.5492576351970637	0.8595596058028344	ridge_symp_area_std_over_volume_sqrt <= 0.416712 and ridge_symp_area_sum_over_volume_sqrt > 11.2457 and facet_neighbor_count_min <= 7.5 and ridge_symp_area_sum_over_volume_sqrt <= 15.8265
top_five_percent	invariant_features	20	0.027251184834123223	844	0.4697721161931449	0.7448532509168573	0.05714285714285714	210	0.48200844702709567	0.7811353314855473	ridge_symp_area_std_over_volume_sqrt > 0.416712 and ridge_symp_area_sum_over_volume_sqrt > 12.2354 and ridge_symp_area_max_over_volume_sqrt <= 2.47609 and edge_count <= 43
top_five_percent	invariant_features	23	0.00026171159382360636	3821	0.2121949749834468	0.6908550887351059	0.0	4989	0.21044358680970304	0.6464199674959318	ridge_symp_area_std_over_volume_sqrt > 0.416712 and ridge_symp_area_sum_over_volume_sqrt > 12.2354 and ridge_symp_area_max_over_volume_sqrt > 2.47609 and ridge_symp_area_q25_over_volume_sqrt <= 1.00727
top_five_percent	invariant_features	24	0.0	13	0.07257262908461257	0.18009132377445355	0.004291845493562232	233	0.11834595867848732	0.714410363898728	ridge_symp_area_std_over_volume_sqrt > 0.416712 and ridge_symp_area_sum_over_volume_sqrt > 12.2354 and ridge_symp_area_max_over_volume_sqrt > 2.47609 and ridge_symp_area_q25_over_volume_sqrt > 1.00727
top_five_percent	invariant_features	16	0.0	4	0.5742109769955357	0.6568113632082964	0.03355704697986577	149	0.5354992025432251	0.7527460732840425	ridge_symp_area_std_over_volume_sqrt > 0.416712 and ridge_symp_area_sum_over_volume_sqrt <= 12.2354 and ridge_symp_area_q75_over_volume_sqrt <= 0.457491
top_five_percent	invariant_features	4	0.0	0	NA	NA	0.5670731707317073	164	0.6720458109637436	0.8536118881702471	ridge_symp_area_std_over_volume_sqrt <= 0.416712 and ridge_symp_area_sum_over_volume_sqrt <= 11.2457 and ridge_symp_area_sum_over_volume_sqrt <= 10.6624 and ridge_symp_area_mean_over_volume_sqrt <= 0.211425
top_five_percent	invariant_features	12	0.0	0	NA	NA	0.007194244604316547	139	0.4726038684043739	0.7088794459688412	ridge_symp_area_std_over_volume_sqrt <= 0.416712 and ridge_symp_area_sum_over_volume_sqrt > 11.2457 and facet_neighbor_count_min <= 7.5 and ridge_symp_area_sum_over_volume_sqrt > 15.8265
top_five_percent	invariant_features	21	0.0	0	NA	NA	0.0036737692872887582	1361	0.40570299423300354	0.7756271875392869	ridge_symp_area_std_over_volume_sqrt > 0.416712 and ridge_symp_area_sum_over_volume_sqrt > 12.2354 and ridge_symp_area_max_over_volume_sqrt <= 2.47609 and edge_count > 43
top_five_percent	invariant_features	13	0.0	0	NA	NA	0.0	213	0.47733343913818627	0.6511794728736354	ridge_symp_area_std_over_volume_sqrt <= 0.416712 and ridge_symp_area_sum_over_volume_sqrt > 11.2457 and facet_neighbor_count_min > 7.5
top_five_percent	ridge_symp_area_only	5	0.5789473684210527	19	0.6712989398067698	0.7988226871046541	0.4385593220338983	472	0.644425641700794	0.8459037671362852	ridge_symp_area_std_over_volume_sqrt <= 0.416712 and ridge_symp_area_sum_over_volume_sqrt <= 11.2457 and ridge_symp_area_sum_over_volume_sqrt <= 10.6624 and ridge_symp_area_mean_over_volume_sqrt > 0.211425
top_five_percent	ridge_symp_area_only	7	0.5	2	0.6536667620479164	0.7507515228106079	0.20588235294117646	272	0.5803195052826052	0.804944954189425	ridge_symp_area_std_over_volume_sqrt <= 0.416712 and ridge_symp_area_sum_over_volume_sqrt <= 11.2457 and ridge_symp_area_sum_over_volume_sqrt > 10.6624 and ridge_symp_area_q90_over_volume_sqrt <= 0.778928
top_five_percent	ridge_symp_area_only	8	0.4444444444444444	18	0.597672858266486	0.797036423685961	0.43448275862068964	145	0.6402295049232262	0.86258589584944	ridge_symp_area_std_over_volume_sqrt <= 0.416712 and ridge_symp_area_sum_over_volume_sqrt <= 11.2457 and ridge_symp_area_sum_over_volume_sqrt > 10.6624 and ridge_symp_area_q90_over_volume_sqrt > 0.778928
top_five_percent	ridge_symp_area_only	19	0.30831099195710454	373	0.6150623787395065	0.8381244889295797	0.14492753623188406	138	0.5730721519043768	0.7880035845328316	ridge_symp_area_std_over_volume_sqrt > 0.416712 and ridge_symp_area_sum_over_volume_sqrt <= 12.2354 and ridge_symp_area_q75_over_volume_sqrt > 0.457491
top_five_percent	ridge_symp_area_only	14	0.25	8	0.5454065005747517	0.6865018486822891	0.20414201183431951	338	0.5785142547201398	0.8595596058028344	ridge_symp_area_std_over_volume_sqrt <= 0.416712 and ridge_symp_area_sum_over_volume_sqrt > 11.2457 and ridge_symp_area_q25_over_volume_sqrt > 0.0250864 and ridge_symp_area_sum_over_volume_sqrt <= 15.5927
top_five_percent	ridge_symp_area_only	11	0.16666666666666666	12	0.5998574151886765	0.7435801143116623	0.06909090909090909	275	0.5555773010058972	0.7203947439421375	ridge_symp_area_std_over_volume_sqrt <= 0.416712 and ridge_symp_area_sum_over_volume_sqrt > 11.2457 and ridge_symp_area_q25_over_volume_sqrt <= 0.0250864 and ridge_symp_area_sum_over_volume_sqrt <= 11.7762
top_five_percent	ridge_symp_area_only	22	0.03074866310160428	748	0.48268314645752514	0.7448532509168573	0.00628053035589672	1433	0.4088675121048635	0.7811353314855473	ridge_symp_area_std_over_volume_sqrt > 0.416712 and ridge_symp_area_sum_over_volume_sqrt > 12.2354 and ridge_symp_area_max_over_volume_sqrt <= 2.47609 and ridge_symp_area_mean_over_volume_sqrt <= 0.652615
top_five_percent	ridge_symp_area_only	25	0.00026171159382360636	3821	0.2121949749834468	0.6908550887351059	0.0	4989	0.21044358680970304	0.6464199674959318	ridge_symp_area_std_over_volume_sqrt > 0.416712 and ridge_symp_area_sum_over_volume_sqrt > 12.2354 and ridge_symp_area_max_over_volume_sqrt > 2.47609 and ridge_symp_area_q25_over_volume_sqrt <= 1.00727
top_five_percent	ridge_symp_area_only	23	0.0	96	0.3691736720498489	0.5664836338239773	0.057971014492753624	138	0.4889594505836123	0.7458522392903429	ridge_symp_area_std_over_volume_sqrt > 0.416712 and ridge_symp_area_sum_over_volume_sqrt > 12.2354 and ridge_symp_area_max_over_volume_sqrt <= 2.47609 and ridge_symp_area_mean_over_volume_sqrt > 0.652615
top_five_percent	ridge_symp_area_only	26	0.0	13	0.07257262908461257	0.18009132377445355	0.004291845493562232	233	0.11834595867848732	0.714410363898728	ridge_symp_area_std_over_volume_sqrt > 0.416712 and ridge_symp_area_sum_over_volume_sqrt > 12.2354 and ridge_symp_area_max_over_volume_sqrt > 2.47609 and ridge_symp_area_q25_over_volume_sqrt > 1.00727
top_five_percent	ridge_symp_area_only	12	0.0	6	0.49826046843538757	0.5278449302681111	0.00641025641025641	312	0.4611911984981156	0.6696304078717445	ridge_symp_area_std_over_volume_sqrt <= 0.416712 and ridge_symp_area_sum_over_volume_sqrt > 11.2457 and ridge_symp_area_q25_over_volume_sqrt <= 0.0250864 and ridge_symp_area_sum_over_volume_sqrt > 11.7762
top_five_percent	ridge_symp_area_only	18	0.0	4	0.5742109769955357	0.6568113632082964	0.03355704697986577	149	0.5354992025432251	0.7527460732840425	ridge_symp_area_std_over_volume_sqrt > 0.416712 and ridge_symp_area_sum_over_volume_sqrt <= 12.2354 and ridge_symp_area_q75_over_volume_sqrt <= 0.457491
top_five_percent	ridge_symp_area_only	4	0.0	0	NA	NA	0.5670731707317073	164	0.6720458109637436	0.8536118881702471	ridge_symp_area_std_over_volume_sqrt <= 0.416712 and ridge_symp_area_sum_over_volume_sqrt <= 11.2457 and ridge_symp_area_sum_over_volume_sqrt <= 10.6624 and ridge_symp_area_mean_over_volume_sqrt <= 0.211425
top_five_percent	ridge_symp_area_only	15	0.0	0	NA	NA	0.012658227848101266	158	0.4851776061408493	0.7088794459688412	ridge_symp_area_std_over_volume_sqrt <= 0.416712 and ridge_symp_area_sum_over_volume_sqrt > 11.2457 and ridge_symp_area_q25_over_volume_sqrt > 0.0250864 and ridge_symp_area_sum_over_volume_sqrt > 15.5927
top_five_percent	strata_only	4	0.037353515625	4096	0.30504762760313586	0.8381244889295797	0.08919270833333333	3072	0.4030094882635036	0.86258589584944	product_bucket=6x6 <= 0.5 and facet_count=F7 <= 0.5 and facet_count=F6 <= 0.5 and product_bucket=not_product <= 0.5
top_five_percent	strata_only	5	0.017578125	512	0.26172535002643166	0.7448532509168573	0.03125	2560	0.3196098105912518	0.8595596058028344	product_bucket=6x6 <= 0.5 and facet_count=F7 <= 0.5 and facet_count=F6 <= 0.5 and product_bucket=not_product > 0.5
top_five_percent	strata_only	6	0.001953125	512	0.18717966325273616	0.6908550887351059	0.0	1024	0.20225314677426154	0.6464199674959318	product_bucket=6x6 <= 0.5 and facet_count=F7 <= 0.5 and facet_count=F6 > 0.5
top_five_percent	strata_only	10	0.0	0	NA	NA	0.1845703125	1024	0.4773043971571597	0.8536118881702471	product_bucket=6x6 > 0.5
top_five_percent	strata_only	8	0.0	0	NA	NA	0.01171875	512	0.24119497591335637	0.7458522392903429	product_bucket=6x6 <= 0.5 and facet_count=F7 > 0.5 and product_bucket=3x4 <= 0.5
top_five_percent	strata_only	9	0.0	0	NA	NA	0.0048828125	1024	0.24225139211621796	0.7119073397957835	product_bucket=6x6 <= 0.5 and facet_count=F7 > 0.5 and product_bucket=3x4 > 0.5
top_one_percent	combinatorial_invariants_only	8	0.005859375	1024	0.2913458267267824	0.8073487367323776	0.021164021164021163	189	0.3564370651112052	0.8247662746241669	facet_neighbor_count_min <= 6.5 and facet_vertex_count_std > 1.6165 and ridge_size_std <= 0.826127 and ridge_size_std > 0.746844
top_one_percent	combinatorial_invariants_only	3	0.004450530640191715	2921	0.2948996520861128	0.8381244889295797	0.0	3294	0.22118823243025465	0.7458522392903429	facet_neighbor_count_min <= 6.5 and facet_vertex_count_std <= 1.6165 and ridge_count <= 34.5
top_one_percent	combinatorial_invariants_only	7	0.0027803521779425394	1079	0.27438649547286337	0.7650778325167292	0.010806317539484621	1203	0.3613537608603728	0.8292665551981732	facet_neighbor_count_min <= 6.5 and facet_vertex_count_std > 1.6165 and ridge_size_std <= 0.826127 and ridge_size_std <= 0.746844
top_one_percent	combinatorial_invariants_only	10	0.0	86	0.24031886505850406	0.6865018486822891	0.0	516	0.36221550281226367	0.7511119939350928	facet_neighbor_count_min <= 6.5 and facet_vertex_count_std > 1.6165 and ridge_size_std > 0.826127 and ridge_size_std <= 0.998888
top_one_percent	combinatorial_invariants_only	11	0.0	10	0.2843988139366681	0.5166068587040714	0.007575757575757576	528	0.3671679843871009	0.8595596058028344	facet_neighbor_count_min <= 6.5 and facet_vertex_count_std > 1.6165 and ridge_size_std > 0.826127 and ridge_size_std > 0.998888
top_one_percent	combinatorial_invariants_only	18	0.0	0	NA	NA	0.04571984435797665	1028	0.4774694451697969	0.8536118881702471	facet_neighbor_count_min > 6.5 and facet_vertex_count_min > 11
top_one_percent	combinatorial_invariants_only	17	0.0	0	NA	NA	0.02685765443151298	1117	0.4362059300511356	0.86258589584944	facet_neighbor_count_min > 6.5 and facet_vertex_count_min <= 11 and edge_density > 0.127016 and vertex_count > 25.5
top_one_percent	combinatorial_invariants_only	16	0.0	0	NA	NA	0.022179363548698167	1037	0.3991406328508568	0.8437955079134134	facet_neighbor_count_min > 6.5 and facet_vertex_count_min <= 11 and edge_density > 0.127016 and vertex_count <= 25.5
top_one_percent	combinatorial_invariants_only	4	0.0	0	NA	NA	0.006024096385542169	166	0.37149884197846245	0.7824835462853138	facet_neighbor_count_min <= 6.5 and facet_vertex_count_std <= 1.6165 and ridge_count > 34.5
top_one_percent	combinatorial_invariants_only	14	0.0	0	NA	NA	0.0	138	0.4244570380380676	0.7350903285859643	facet_neighbor_count_min > 6.5 and facet_vertex_count_min <= 11 and edge_density <= 0.127016
top_one_percent	generator_provenance_only	4	0.008123791102514507	2585	0.3782625257496012	0.8381244889295797	0.02529923830250272	3676	0.4112563236668013	0.86258589584944	product_bounces=3 > 0.5
top_one_percent	generator_provenance_only	3	0.0006618133686300463	1511	0.17979249080061244	0.7988226871046541	0.005672609400324149	2468	0.27155561290887525	0.8536118881702471	product_bounces=3 <= 0.5 and capacity_source=random_product_sample > 0.5
top_one_percent	generator_provenance_only	2	0.0	1024	0.22445250663958388	0.7448532509168573	0.0048828125	3072	0.30654067147826924	0.8595596058028344	product_bounces=3 <= 0.5 and capacity_source=random_product_sample <= 0.5
top_one_percent	invariant_features	5	0.23529411764705882	17	0.66513275541552	0.797036423685961	0.06598984771573604	197	0.6082005808995248	0.86258589584944	ridge_symp_area_max_over_volume_sqrt <= 1.62071 and ridge_symp_area_sum_over_volume_sqrt <= 11.1859 and ridge_symp_area_max_over_volume_sqrt <= 1.37666 and ridge_symp_area_sum_over_volume_sqrt > 10.6859
top_one_percent	invariant_features	4	0.13333333333333333	15	0.6698566046072542	0.7988226871046541	0.1494661921708185	562	0.6541672530327333	0.8536118881702471	ridge_symp_area_max_over_volume_sqrt <= 1.62071 and ridge_symp_area_sum_over_volume_sqrt <= 11.1859 and ridge_symp_area_max_over_volume_sqrt <= 1.37666 and ridge_symp_area_sum_over_volume_sqrt <= 10.6859
top_one_percent	invariant_features	10	0.08403361344537816	119	0.6076907018006685	0.8381244889295797	0.007246376811594203	138	0.48263014489797446	0.7744626849308398	ridge_symp_area_max_over_volume_sqrt <= 1.62071 and ridge_symp_area_sum_over_volume_sqrt > 11.1859 and ridge_symp_area_q25_over_volume_sqrt <= 0.0389634 and ridge_symp_area_std_over_volume_sqrt > 0.41109
top_one_percent	invariant_features	6	0.05263157894736842	38	0.6314151461209732	0.8141002333029529	0.03684210526315789	190	0.615165229886149	0.7973980400416846	ridge_symp_area_max_over_volume_sqrt <= 1.62071 and ridge_symp_area_sum_over_volume_sqrt <= 11.1859 and ridge_symp_area_max_over_volume_sqrt > 1.37666
top_one_percent	invariant_features	20	0.0008193363375665711	4882	0.2730546959556228	0.7754897518671622	0.0	6554	0.24950611453752788	0.7458522392903429	ridge_symp_area_max_over_volume_sqrt > 1.62071 and ridge_symp_area_std_over_volume_sqrt > 0.457555
top_one_percent	invariant_features	9	0.0	18	0.5617503009347882	0.7435801143116623	0.0	467	0.5146686275940162	0.7511119939350928	ridge_symp_area_max_over_volume_sqrt <= 1.62071 and ridge_symp_area_sum_over_volume_sqrt > 11.1859 and ridge_symp_area_q25_over_volume_sqrt <= 0.0389634 and ridge_symp_area_std_over_volume_sqrt <= 0.41109
top_one_percent	invariant_features	19	0.0	16	0.6104561306324507	0.7405139041716978	0.016877637130801686	237	0.4906218016907732	0.7811353314855473	ridge_symp_area_max_over_volume_sqrt > 1.62071 and ridge_symp_area_std_over_volume_sqrt <= 0.457555 and ridge_symp_area_median_over_volume_sqrt > 0.199612
top_one_percent	invariant_features	12	0.0	13	0.5831653673475871	0.7173589963009481	0.05172413793103448	232	0.5881376374661319	0.8595596058028344	ridge_symp_area_max_over_volume_sqrt <= 1.62071 and ridge_symp_area_sum_over_volume_sqrt > 11.1859 and ridge_symp_area_q25_over_volume_sqrt > 0.0389634 and ridge_symp_area_sum_over_volume_sqrt <= 15.1971
top_one_percent	invariant_features	13	0.0	1	0.4483647844615436	0.4483647844615436	0.0	166	0.5061542890195078	0.7088794459688412	ridge_symp_area_max_over_volume_sqrt <= 1.62071 and ridge_symp_area_sum_over_volume_sqrt > 11.1859 and ridge_symp_area_q25_over_volume_sqrt > 0.0389634 and ridge_symp_area_sum_over_volume_sqrt > 15.1971
top_one_percent	invariant_features	18	0.0	1	0.6890307610529661	0.6890307610529661	0.0	335	0.500756751238678	0.7464293113561999	ridge_symp_area_max_over_volume_sqrt > 1.62071 and ridge_symp_area_std_over_volume_sqrt <= 0.457555 and ridge_symp_area_median_over_volume_sqrt <= 0.199612 and ridge_symp_area_mean_over_volume_sqrt > 0.274694
top_one_percent	invariant_features	17	0.0	0	NA	NA	0.007246376811594203	138	0.5261944248058171	0.79537205668076	ridge_symp_area_max_over_volume_sqrt > 1.62071 and ridge_symp_area_std_over_volume_sqrt <= 0.457555 and ridge_symp_area_median_over_volume_sqrt <= 0.199612 and ridge_symp_area_mean_over_volume_sqrt <= 0.274694
top_one_percent	ridge_symp_area_only	5	0.23529411764705882	17	0.66513275541552	0.797036423685961	0.06598984771573604	197	0.6082005808995248	0.86258589584944	ridge_symp_area_max_over_volume_sqrt <= 1.62071 and ridge_symp_area_sum_over_volume_sqrt <= 11.1859 and ridge_symp_area_max_over_volume_sqrt <= 1.37666 and ridge_symp_area_sum_over_volume_sqrt > 10.6859
top_one_percent	ridge_symp_area_only	4	0.13333333333333333	15	0.6698566046072542	0.7988226871046541	0.1494661921708185	562	0.6541672530327333	0.8536118881702471	ridge_symp_area_max_over_volume_sqrt <= 1.62071 and ridge_symp_area_sum_over_volume_sqrt <= 11.1859 and ridge_symp_area_max_over_volume_sqrt <= 1.37666 and ridge_symp_area_sum_over_volume_sqrt <= 10.6859
top_one_percent	ridge_symp_area_only	10	0.08620689655172414	116	0.6089637475735996	0.8381244889295797	0.007246376811594203	138	0.4667903949192731	0.7744626849308398	ridge_symp_area_max_over_volume_sqrt <= 1.62071 and ridge_symp_area_sum_over_volume_sqrt > 11.1859 and ridge_symp_area_q25_over_volume_sqrt <= 0.0389634 and ridge_symp_area_q90_over_volume_sqrt > 0.991889
top_one_percent	ridge_symp_area_only	6	0.05263157894736842	38	0.6314151461209732	0.8141002333029529	0.03684210526315789	190	0.615165229886149	0.7973980400416846	ridge_symp_area_max_over_volume_sqrt <= 1.62071 and ridge_symp_area_sum_over_volume_sqrt <= 11.1859 and ridge_symp_area_max_over_volume_sqrt > 1.37666
top_one_percent	ridge_symp_area_only	20	0.0008193363375665711	4882	0.2730546959556228	0.7754897518671622	0.0	6554	0.24950611453752788	0.7458522392903429	ridge_symp_area_max_over_volume_sqrt > 1.62071 and ridge_symp_area_std_over_volume_sqrt > 0.457555
top_one_percent	ridge_symp_area_only	9	0.0	21	0.5612811529794373	0.7172077126692284	0.0	467	0.5193493245898637	0.7511119939350928	ridge_symp_area_max_over_volume_sqrt <= 1.62071 and ridge_symp_area_sum_over_volume_sqrt > 11.1859 and ridge_symp_area_q25_over_volume_sqrt <= 0.0389634 and ridge_symp_area_q90_over_volume_sqrt <= 0.991889
top_one_percent	ridge_symp_area_only	19	0.0	16	0.6104561306324507	0.7405139041716978	0.016877637130801686	237	0.4906218016907732	0.7811353314855473	ridge_symp_area_max_over_volume_sqrt > 1.62071 and ridge_symp_area_std_over_volume_sqrt <= 0.457555 and ridge_symp_area_median_over_volume_sqrt > 0.199612
top_one_percent	ridge_symp_area_only	12	0.0	13	0.5831653673475871	0.7173589963009481	0.05172413793103448	232	0.5881376374661319	0.8595596058028344	ridge_symp_area_max_over_volume_sqrt <= 1.62071 and ridge_symp_area_sum_over_volume_sqrt > 11.1859 and ridge_symp_area_q25_over_volume_sqrt > 0.0389634 and ridge_symp_area_sum_over_volume_sqrt <= 15.1971
top_one_percent	ridge_symp_area_only	13	0.0	1	0.4483647844615436	0.4483647844615436	0.0	166	0.5061542890195078	0.7088794459688412	ridge_symp_area_max_over_volume_sqrt <= 1.62071 and ridge_symp_area_sum_over_volume_sqrt > 11.1859 and ridge_symp_area_q25_over_volume_sqrt > 0.0389634 and ridge_symp_area_sum_over_volume_sqrt > 15.1971
top_one_percent	ridge_symp_area_only	18	0.0	1	0.6890307610529661	0.6890307610529661	0.0	335	0.5033644468561518	0.7464293113561999	ridge_symp_area_max_over_volume_sqrt > 1.62071 and ridge_symp_area_std_over_volume_sqrt <= 0.457555 and ridge_symp_area_median_over_volume_sqrt <= 0.199612 and ridge_symp_area_q95_over_volume_sqrt > 1.00933
top_one_percent	ridge_symp_area_only	17	0.0	0	NA	NA	0.007246376811594203	138	0.5198641492126741	0.79537205668076	ridge_symp_area_max_over_volume_sqrt > 1.62071 and ridge_symp_area_std_over_volume_sqrt <= 0.457555 and ridge_symp_area_median_over_volume_sqrt <= 0.199612 and ridge_symp_area_q95_over_volume_sqrt <= 1.00933
top_one_percent	strata_only	5	0.00537109375	4096	0.30504762760313586	0.8381244889295797	0.01953125	3072	0.4030094882635036	0.86258589584944	product_bucket=6x6 <= 0.5 and facet_count=F7 <= 0.5 and facet_count=F6 <= 0.5 and capacity_source=random_product_sample > 0.5
top_one_percent	strata_only	4	0.0	512	0.26172535002643166	0.7448532509168573	0.005859375	2560	0.3196098105912518	0.8595596058028344	product_bucket=6x6 <= 0.5 and facet_count=F7 <= 0.5 and facet_count=F6 <= 0.5 and capacity_source=random_product_sample <= 0.5
top_one_percent	strata_only	6	0.0	512	0.18717966325273616	0.6908550887351059	0.0	1024	0.20225314677426154	0.6464199674959318	product_bucket=6x6 <= 0.5 and facet_count=F7 <= 0.5 and facet_count=F6 > 0.5
top_one_percent	strata_only	8	0.0	0	NA	NA	0.0458984375	1024	0.4773043971571597	0.8536118881702471	product_bucket=6x6 > 0.5
top_one_percent	strata_only	7	0.0	0	NA	NA	0.0	1536	0.24189925338193075	0.7458522392903429	product_bucket=6x6 <= 0.5 and facet_count=F7 > 0.5
